# torus knot (2,3) generated for the assignment
v 3.28000 0.00049 -0.00000
v 3.25877 -0.04747 -0.09584
v 3.19814 -0.08820 -0.17709
v 3.10735 -0.11550 -0.23138
v 3.00022 -0.12522 -0.25044
v 2.89305 -0.11588 -0.23138
v 2.80217 -0.08889 -0.17709
v 2.74140 -0.04837 -0.09584
v 2.72000 -0.00049 -0.00000
v 2.74123 0.04747 0.09584
v 2.80186 0.08820 0.17709
v 2.89265 0.11550 0.23138
v 2.99978 0.12522 0.25044
v 3.10695 0.11588 0.23138
v 3.19783 0.08889 0.17709
v 3.25860 0.04837 0.09584
v 3.28000 0.00049 0.00000
v 3.26791 0.21930 -0.09411
v 3.25205 0.16946 -0.19003
v 3.19624 0.12246 -0.27134
v 3.10898 0.08545 -0.32568
v 3.00356 0.06407 -0.34476
v 2.89602 0.06157 -0.32568
v 2.80273 0.07833 -0.27134
v 2.73790 0.11180 -0.19003
v 2.71139 0.15689 -0.09411
v 2.72725 0.20673 0.00181
v 2.78306 0.25373 0.08313
v 2.87032 0.29073 0.13746
v 2.97574 0.31211 0.15654
v 3.08329 0.31461 0.13746
v 3.17657 0.29785 0.08313
v 3.24140 0.26438 0.00181
v 3.26791 0.21930 -0.09411
v 3.23194 0.43526 -0.18738
v 3.22153 0.38445 -0.28354
v 3.17111 0.33202 -0.36505
v 3.08837 0.28594 -0.41952
v 2.98590 0.25324 -0.43864
v 2.87930 0.23888 -0.41952
v 2.78480 0.24507 -0.36505
v 2.71678 0.27085 -0.28354
v 2.68560 0.31230 -0.18738
v 2.69602 0.36311 -0.09123
v 2.74643 0.41554 -0.00971
v 2.82917 0.46162 0.04476
v 2.93164 0.49432 0.06388
v 3.03824 0.50868 0.04476
v 3.13275 0.50249 -0.00971
v 3.20076 0.47671 -0.09123
v 3.23194 0.43526 -0.18738
v 3.17269 0.64561 -0.27899
v 3.16763 0.59472 -0.37553
v 3.12302 0.53773 -0.45737
v 3.04565 0.48333 -0.51206
v 2.94730 0.43979 -0.53126
v 2.84296 0.41375 -0.51206
v 2.74849 0.40917 -0.45737
v 2.67828 0.42674 -0.37553
v 2.64303 0.46380 -0.27899
v 2.64809 0.51469 -0.18245
v 2.69270 0.57168 -0.10061
v 2.77007 0.62608 -0.04593
v 2.86841 0.66962 -0.02672
v 2.97276 0.69566 -0.04593
v 3.06723 0.70024 -0.10061
v 3.13744 0.68267 -0.18245
v 3.17269 0.64561 -0.27899
v 3.09114 0.84770 -0.36812
v 3.09115 0.79756 -0.46519
v 3.05259 0.73693 -0.54748
v 2.98131 0.67502 -0.60246
v 2.88817 0.62128 -0.62177
v 2.78736 0.58387 -0.60246
v 2.69421 0.56850 -0.54748
v 2.62292 0.57750 -0.46519
v 2.58432 0.60951 -0.36812
v 2.58431 0.65965 -0.27106
v 2.62288 0.72028 -0.18877
v 2.69415 0.78219 -0.13379
v 2.78729 0.83593 -0.11448
v 2.88811 0.87334 -0.13379
v 2.98125 0.88871 -0.18877
v 3.05255 0.87971 -0.27106
v 3.09114 0.84770 -0.36812
v 2.98863 1.03905 -0.45399
v 2.99329 0.99044 -0.55172
v 2.96084 0.92704 -0.63456
v 2.89622 0.85852 -0.68992
v 2.80926 0.79531 -0.70936
v 2.71320 0.74702 -0.68992
v 2.62268 0.72101 -0.63456
v 2.55146 0.72125 -0.55172
v 2.51040 0.74769 -0.45399
v 2.50573 0.79630 -0.35626
v 2.53818 0.85970 -0.27342
v 2.60281 0.92822 -0.21806
v 2.68976 0.99143 -0.19862
v 2.78582 1.03972 -0.21806
v 2.87634 1.06573 -0.27342
v 2.94756 1.06549 -0.35626
v 2.98863 1.03905 -0.45399
v 2.86680 1.21743 -0.53583
v 2.87554 1.17099 -0.63433
v 2.84913 1.10569 -0.71784
v 2.79157 1.03146 -0.77364
v 2.71164 0.95961 -0.79323
v 2.62150 0.90108 -0.77364
v 2.53487 0.86476 -0.71784
v 2.46495 0.85621 -0.63433
v 2.42238 0.87671 -0.53583
v 2.41364 0.92314 -0.43732
v 2.44005 0.98844 -0.35382
v 2.49761 1.06267 -0.29802
v 2.57754 1.13452 -0.27842
v 2.66768 1.19306 -0.29802
v 2.75431 1.22937 -0.35382
v 2.82423 1.23793 -0.43732
v 2.86680 1.21743 -0.53583
v 2.72760 1.38085 -0.61291
v 2.73974 1.33713 -0.71229
v 2.71912 1.27070 -0.79654
v 2.66889 1.19169 -0.85284
v 2.59670 1.11211 -0.87261
v 2.51353 1.04408 -0.85284
v 2.43205 0.99796 -0.79654
v 2.36465 0.98078 -0.71229
v 2.32161 0.99513 -0.61291
v 2.30948 1.03885 -0.51352
v 2.33009 1.10528 -0.42927
v 2.38032 1.18429 -0.37297
v 2.45252 1.26387 -0.35321
v 2.53569 1.33190 -0.37297
v 2.61717 1.37802 -0.42927
v 2.68456 1.39520 -0.51352
v 2.72760 1.38085 -0.61291
v 2.57321 1.52765 -0.68455
v 2.58795 1.48704 -0.78489
v 2.57278 1.42019 -0.86996
v 2.52999 1.33728 -0.92680
v 2.46611 1.25093 -0.94676
v 2.39085 1.17429 -0.92680
v 2.31568 1.11902 -0.86996
v 2.25204 1.09354 -0.78489
v 2.20962 1.10173 -0.68455
v 2.19487 1.14234 -0.58420
v 2.21005 1.20919 -0.49914
v 2.25284 1.29210 -0.44229
v 2.31672 1.37845 -0.42233
v 2.39197 1.45510 -0.44229
v 2.46714 1.51036 -0.49914
v 2.53078 1.53584 -0.58420
v 2.57321 1.52765 -0.68455
v 2.40597 1.65651 -0.75011
v 2.42248 1.61924 -0.85147
v 2.41227 1.55255 -0.93740
v 2.37690 1.46660 -0.99482
v 2.32177 1.37446 -1.01498
v 2.25525 1.29017 -0.99482
v 2.18748 1.22656 -0.93740
v 2.12877 1.19332 -0.85147
v 2.08807 1.19549 -0.75011
v 2.07156 1.23276 -0.64875
v 2.08177 1.29945 -0.56282
v 2.11714 1.38541 -0.50540
v 2.17227 1.47754 -0.48524
v 2.23879 1.56183 -0.50540
v 2.30656 1.62544 -0.56282
v 2.36527 1.65869 -0.64875
v 2.40597 1.65651 -0.75011
v 2.22839 1.76646 -0.80902
v 2.24576 1.73260 -0.91142
v 2.23996 1.66653 -0.99824
v 2.21187 1.57832 -1.05625
v 2.16577 1.48139 -1.07662
v 2.10868 1.39050 -1.05625
v 2.04929 1.31948 -0.99824
v 1.99664 1.27916 -0.91142
v 1.95874 1.27566 -0.80902
v 1.94137 1.30952 -0.70661
v 1.94716 1.37559 -0.61979
v 1.97525 1.46380 -0.56178
v 2.02135 1.56074 -0.54141
v 2.07844 1.65163 -0.56178
v 2.13784 1.72264 -0.61979
v 2.19049 1.76297 -0.70661
v 2.22839 1.76646 -0.80902
v 2.04302 1.85691 -0.86074
v 2.06035 1.82635 -0.96419
v 2.05834 1.76124 -1.05189
v 2.03728 1.67147 -1.11049
v 2.00039 1.57071 -1.13106
v 1.95327 1.47432 -1.11049
v 1.90311 1.39695 -1.05189
v 1.85753 1.35039 -0.96419
v 1.82348 1.34174 -0.86074
v 1.80615 1.37229 -0.75729
v 1.80816 1.43741 -0.66960
v 1.82922 1.52718 -0.61100
v 1.86611 1.62793 -0.59042
v 1.91323 1.72433 -0.61100
v 1.96339 1.80170 -0.66960
v 2.00897 1.84825 -0.75729
v 2.04302 1.85691 -0.86074
v 1.85244 1.92762 -0.90483
v 1.86886 1.90011 -1.00927
v 1.86997 1.83612 -1.09782
v 1.85561 1.74541 -1.15698
v 1.82795 1.64177 -1.17776
v 1.79122 1.54100 -1.15698
v 1.75100 1.45843 -1.09782
v 1.71342 1.40664 -1.00927
v 1.68419 1.39350 -0.90483
v 1.66777 1.42101 -0.80038
v 1.66666 1.48500 -0.71184
v 1.68103 1.57572 -0.65267
v 1.70868 1.67935 -0.63190
v 1.74541 1.78012 -0.65267
v 1.78563 1.86269 -0.71184
v 1.82322 1.91448 -0.80038
v 1.85244 1.92762 -0.90483
v 1.65921 1.97874 -0.94088
v 1.67388 1.95384 -1.04624
v 1.67744 1.89102 -1.13556
v 1.66936 1.79987 -1.19524
v 1.65087 1.69426 -1.21619
v 1.62479 1.59026 -1.19524
v 1.59508 1.50370 -1.13556
v 1.56627 1.44778 -1.04624
v 1.54274 1.43099 -0.94088
v 1.52808 1.45590 -0.83552
v 1.52451 1.51871 -0.74620
v 1.53259 1.60986 -0.68652
v 1.55108 1.71548 -0.66557
v 1.57716 1.81948 -0.68652
v 1.60687 1.90603 -0.74620
v 1.63569 1.96196 -0.83552
v 1.65921 1.97874 -0.94088
v 1.46579 2.01076 -0.96858
v 1.47793 1.98789 -1.07472
v 1.48329 1.92616 -1.16470
v 1.48104 1.83496 -1.22482
v 1.47154 1.72820 -1.24593
v 1.45623 1.62210 -1.22482
v 1.43744 1.53284 -1.16470
v 1.41802 1.47400 -1.07472
v 1.40095 1.45453 -0.96858
v 1.38881 1.47740 -0.86245
v 1.38345 1.53913 -0.77247
v 1.38569 1.63033 -0.71235
v 1.39519 1.73710 -0.69123
v 1.41051 1.84319 -0.71235
v 1.42930 1.93245 -0.77247
v 1.44871 1.99129 -0.86245
v 1.46579 2.01076 -0.96858
v 1.27450 2.02451 -0.98769
v 1.28345 2.00296 -1.09442
v 1.28998 1.94208 -1.18490
v 1.29308 1.85114 -1.24536
v 1.29230 1.74397 -1.26659
v 1.28774 1.63690 -1.24536
v 1.28011 1.54623 -1.18490
v 1.27056 1.48575 -1.09442
v 1.26054 1.46468 -0.98769
v 1.25159 1.48622 -0.88096
v 1.24507 1.54710 -0.79048
v 1.24196 1.63804 -0.73002
v 1.24274 1.74521 -0.70879
v 1.24730 1.85228 -0.73002
v 1.25493 1.94296 -0.79048
v 1.26448 2.00343 -0.88096
v 1.27450 2.02451 -0.98769
v 1.08748 2.02110 -0.99803
v 1.09269 2.00008 -1.10511
v 1.09982 1.93971 -1.19589
v 1.10779 1.84920 -1.25654
v 1.11538 1.74231 -1.27784
v 1.12143 1.63533 -1.25654
v 1.12503 1.54454 -1.19589
v 1.12562 1.48376 -1.10511
v 1.12312 1.46224 -0.99803
v 1.11791 1.48326 -0.89095
v 1.11077 1.54363 -0.80017
v 1.10281 1.63414 -0.73951
v 1.09522 1.74103 -0.71821
v 1.08917 1.84801 -0.73951
v 1.08557 1.93881 -0.80017
v 1.08498 1.99959 -0.89095
v 1.08748 2.02110 -0.99803
v 0.90665 2.00196 -0.99951
v 0.90771 1.98057 -1.10664
v 0.91497 1.92028 -1.19746
v 0.92730 1.83027 -1.25814
v 0.94285 1.72426 -1.27945
v 0.95924 1.61836 -1.25814
v 0.97397 1.52872 -1.19746
v 0.98481 1.46897 -1.10664
v 0.99010 1.44821 -0.99951
v 0.98904 1.46961 -0.89238
v 0.98178 1.52990 -0.80156
v 0.96945 1.61990 -0.74087
v 0.95390 1.72592 -0.71956
v 0.93751 1.83181 -0.74087
v 0.92278 1.92146 -0.80156
v 0.91194 1.98120 -0.89238
v 0.90665 2.00196 -0.99951
v 0.73370 1.96872 -0.99211
v 0.73034 1.94602 -1.09893
v 0.73731 1.88530 -1.18948
v 0.75356 1.79580 -1.24999
v 0.77660 1.69114 -1.27123
v 0.80292 1.58726 -1.24999
v 0.82853 1.49997 -1.18948
v 0.84952 1.44256 -1.09893
v 0.86269 1.42378 -0.99211
v 0.86605 1.44648 -0.88530
v 0.85907 1.50720 -0.79475
v 0.84283 1.59670 -0.73424
v 0.81979 1.70136 -0.71300
v 0.79347 1.80524 -0.73424
v 0.76786 1.89253 -0.79475
v 0.74687 1.94994 -0.88530
v 0.73370 1.96872 -0.99211
v 0.57000 1.92321 -0.97592
v 0.56211 1.89827 -1.08199
v 0.56851 1.83656 -1.17191
v 0.58822 1.74747 -1.23200
v 0.61824 1.64457 -1.25310
v 0.65400 1.54351 -1.23200
v 0.69006 1.45970 -1.17191
v 0.72092 1.40588 -1.08199
v 0.74189 1.39025 -0.97592
v 0.74978 1.41518 -0.86984
v 0.74338 1.47690 -0.77992
v 0.72367 1.56599 -0.71983
v 0.69365 1.66889 -0.69873
v 0.65789 1.76994 -0.71983
v 0.62183 1.85376 -0.77992
v 0.59097 1.90758 -0.86984
v 0.57000 1.92321 -0.97592
v 0.41666 1.86743 -0.95106
v 0.40427 1.83935 -1.05591
v 0.40989 1.77608 -1.14480
v 0.43266 1.68725 -1.20419
v 0.46912 1.58640 -1.22504
v 0.51371 1.48886 -1.20419
v 0.55964 1.40950 -1.14480
v 0.59992 1.36039 -1.05591
v 0.62843 1.34901 -0.95106
v 0.64081 1.37710 -0.84621
v 0.63519 1.44036 -0.75732
v 0.61242 1.52919 -0.69792
v 0.57597 1.63004 -0.67707
v 0.53138 1.72758 -0.69792
v 0.48545 1.80694 -0.75732
v 0.44516 1.85605 -0.84621
v 0.41666 1.86743 -0.95106
v 0.27446 1.80347 -0.91775
v 0.25775 1.77142 -1.02085
v 0.26248 1.70604 -1.10826
v 0.28793 1.61729 -1.16666
v 0.33024 1.51867 -1.18716
v 0.38296 1.42520 -1.16666
v 0.43806 1.35112 -1.10826
v 0.48715 1.30769 -1.02085
v 0.52277 1.30153 -0.91775
v 0.53948 1.33357 -0.81466
v 0.53475 1.39895 -0.72725
v 0.50929 1.48770 -0.66885
v 0.46699 1.58632 -0.64835
v 0.41427 1.67979 -0.66885
v 0.35917 1.75388 -0.72725
v 0.31008 1.79731 -0.81466
v 0.27446 1.80347 -0.91775
v 0.14388 1.73349 -0.87631
v 0.12311 1.69678 -0.97709
v 0.12691 1.62880 -1.06253
v 0.15470 1.53989 -1.11961
v 0.20225 1.44360 -1.13966
v 0.26232 1.35457 -1.11961
v 0.32576 1.28637 -1.06253
v 0.38292 1.24937 -0.97709
v 0.42510 1.24922 -0.87631
v 0.44587 1.28593 -0.77553
v 0.44207 1.35391 -0.69009
v 0.41428 1.44282 -0.63300
v 0.36673 1.53911 -0.61295
v 0.30667 1.62814 -0.63300
v 0.24322 1.69634 -0.69009
v 0.18606 1.73333 -0.77553
v 0.14388 1.73349 -0.87631
v 0.02511 1.65969 -0.82708
v 0.00062 1.61779 -0.92496
v 0.00348 1.54679 -1.00795
v 0.03324 1.45749 -1.06339
v 0.08538 1.36347 -1.08286
v 0.15196 1.27907 -1.06339
v 0.22284 1.21712 -1.00795
v 0.28723 1.18706 -0.92496
v 0.33533 1.19347 -0.82708
v 0.35982 1.23536 -0.72920
v 0.35696 1.30637 -0.64622
v 0.32719 1.39567 -0.59077
v 0.27505 1.48968 -0.57130
v 0.20848 1.57409 -0.59077
v 0.13760 1.63603 -0.64622
v 0.07320 1.66609 -0.72920
v 0.02511 1.65969 -0.82708
v -0.08198 1.58423 -0.77051
v -0.10982 1.53684 -0.86493
v -0.10792 1.46251 -0.94497
v -0.07657 1.37255 -0.99845
v -0.02053 1.28067 -1.01723
v 0.05166 1.20084 -0.99845
v 0.12901 1.14523 -0.94497
v 0.19974 1.12230 -0.86493
v 0.25309 1.13554 -0.77051
v 0.28094 1.18293 -0.67610
v 0.27904 1.25727 -0.59606
v 0.24768 1.34722 -0.54257
v 0.19164 1.43911 -0.52379
v 0.11945 1.51893 -0.54257
v 0.04210 1.57454 -0.59606
v -0.02863 1.59747 -0.67610
v -0.08198 1.58423 -0.77051
v -0.17773 1.50925 -0.70711
v -0.20863 1.45628 -0.79753
v -0.20777 1.37844 -0.87418
v -0.17528 1.28758 -0.92540
v -0.11610 1.19752 -0.94338
v -0.03924 1.12198 -0.92540
v 0.04359 1.07247 -0.87418
v 0.11978 1.05651 -0.79753
v 0.17773 1.07654 -0.70711
v 0.20863 1.12950 -0.61669
v 0.20777 1.20734 -0.54004
v 0.17528 1.29821 -0.48882
v 0.11610 1.38827 -0.47083
v 0.03924 1.46380 -0.48882
v -0.04359 1.51332 -0.54004
v -0.11978 1.52928 -0.61669
v -0.17773 1.50925 -0.70711
v -0.26273 1.43677 -0.63742
v -0.29651 1.37843 -0.72340
v -0.29689 1.29705 -0.79628
v -0.26384 1.20501 -0.84498
v -0.20236 1.11633 -0.86209
v -0.12183 1.04450 -0.84498
v -0.03451 1.00047 -0.79628
v 0.04631 0.99094 -0.72340
v 0.10833 1.01735 -0.63742
v 0.14211 1.07569 -0.55145
v 0.14249 1.15707 -0.47856
v 0.10943 1.24911 -0.42986
v 0.04796 1.33779 -0.41276
v -0.03257 1.40962 -0.42986
v -0.11989 1.45365 -0.47856
v -0.20071 1.46318 -0.55145
v -0.26273 1.43677 -0.63742
v -0.33770 1.36870 -0.56208
v -0.37437 1.30548 -0.64329
v -0.37643 1.22068 -0.71214
v -0.34355 1.12719 -0.75814
v -0.28076 1.03926 -0.77429
v -0.19760 0.97027 -0.75814
v -0.10674 0.93073 -0.71214
v -0.02201 0.92664 -0.64329
v 0.04369 0.95865 -0.56208
v 0.08036 1.02186 -0.48087
v 0.08241 1.10666 -0.41203
v 0.04954 1.20015 -0.36603
v -0.01325 1.28808 -0.34987
v -0.09641 1.35707 -0.36603
v -0.18727 1.39661 -0.41203
v -0.27200 1.40070 -0.48087
v -0.33770 1.36870 -0.56208
v -0.40347 1.30674 -0.48175
v -0.44331 1.23946 -0.55806
v -0.44772 1.15153 -0.62274
v -0.41602 1.05633 -0.66596
v -0.35304 0.96835 -0.68114
v -0.26837 0.90100 -0.66596
v -0.17490 0.86452 -0.62274
v -0.08686 0.86446 -0.55806
v -0.01765 0.90084 -0.48175
v 0.02219 0.96812 -0.40545
v 0.02660 1.05605 -0.34077
v -0.00510 1.15125 -0.29754
v -0.06808 1.23923 -0.28237
v -0.15274 1.30658 -0.29754
v -0.24621 1.34306 -0.34077
v -0.33426 1.34312 -0.40545
v -0.40347 1.30674 -0.48175
v -0.46088 1.25230 -0.39715
v -0.50445 1.18211 -0.46864
v -0.51220 1.09154 -0.52925
v -0.48294 0.99438 -0.56974
v -0.42114 0.90543 -0.58396
v -0.33620 0.83821 -0.56974
v -0.24104 0.80297 -0.52925
v -0.15017 0.80507 -0.46864
v -0.07741 0.84419 -0.39715
v -0.03384 0.91438 -0.32566
v -0.02609 1.00495 -0.26505
v -0.05534 1.10210 -0.22455
v -0.11715 1.19106 -0.21033
v -0.20209 1.25828 -0.22455
v -0.29724 1.29352 -0.26505
v -0.38812 1.29142 -0.32566
v -0.46088 1.25230 -0.39715
v -0.51080 1.20631 -0.30902
v -0.55888 1.13471 -0.37609
v -0.57122 1.04224 -0.43294
v -0.54595 0.94298 -0.47093
v -0.48691 0.85203 -0.48428
v -0.40308 0.78324 -0.47093
v -0.30724 0.74709 -0.43294
v -0.21397 0.74908 -0.37609
v -0.13748 0.78890 -0.30902
v -0.08940 0.86050 -0.24195
v -0.07706 0.95297 -0.18509
v -0.10233 1.05223 -0.14710
v -0.16138 1.14318 -0.13376
v -0.24520 1.21197 -0.14710
v -0.34104 1.24812 -0.18509
v -0.43431 1.24613 -0.24195
v -0.51080 1.20631 -0.30902
v -0.55423 1.16893 -0.21814
v -0.60762 1.09774 -0.28152
v -0.62591 1.00439 -0.33524
v -0.60630 0.90309 -0.37114
v -0.55178 0.80926 -0.38375
v -0.47065 0.73718 -0.37114
v -0.37526 0.69784 -0.33524
v -0.28013 0.69721 -0.28152
v -0.19975 0.73540 -0.21814
v -0.14636 0.80659 -0.15477
v -0.12807 0.89995 -0.10104
v -0.14768 1.00125 -0.06514
v -0.20220 1.09508 -0.05254
v -0.28333 1.16716 -0.06514
v -0.37872 1.20650 -0.10104
v -0.47385 1.20712 -0.15477
v -0.55423 1.16893 -0.21814
v -0.59254 1.13934 -0.12533
v -0.65177 1.07052 -0.18609
v -0.67711 0.97757 -0.23760
v -0.66470 0.87463 -0.27202
v -0.61642 0.77737 -0.28411
v -0.53964 0.70060 -0.27202
v -0.44603 0.65601 -0.23760
v -0.34985 0.65039 -0.18609
v -0.26574 0.68459 -0.12533
v -0.20650 0.75340 -0.06457
v -0.18116 0.84635 -0.01306
v -0.19357 0.94929 0.02135
v -0.24185 1.04655 0.03344
v -0.31864 1.12332 0.02135
v -0.41225 1.16791 -0.01306
v -0.50843 1.17354 -0.06457
v -0.59254 1.13934 -0.12533
v -0.62798 1.11567 -0.03141
v -0.69290 1.05102 -0.09093
v -0.72571 0.95985 -0.14138
v -0.72142 0.85602 -0.17509
v -0.68068 0.75534 -0.18693
v -0.60969 0.67315 -0.17509
v -0.51925 0.62195 -0.14138
v -0.42315 0.60954 -0.09093
v -0.33600 0.63781 -0.03141
v -0.27108 0.70245 0.02810
v -0.23827 0.79363 0.07856
v -0.24256 0.89746 0.11227
v -0.28331 0.99814 0.12411
v -0.35430 1.08033 0.11227
v -0.44473 1.13153 0.07856
v -0.54083 1.14394 0.02810
v -0.62798 1.11567 -0.03141
v -0.66383 1.09556 0.06279
v -0.73342 1.03625 0.00299
v -0.77308 0.94798 -0.04770
v -0.77679 0.84418 -0.08157
v -0.74398 0.74065 -0.09347
v -0.67963 0.65317 -0.08157
v -0.59356 0.59504 -0.04770
v -0.49885 0.57511 0.00299
v -0.40994 0.59642 0.06279
v -0.34035 0.65573 0.12259
v -0.30068 0.74401 0.17328
v -0.29698 0.84781 0.20715
v -0.32979 0.95133 0.21905
v -0.39414 1.03882 0.20715
v -0.48021 1.09695 0.17328
v -0.57492 1.11688 0.12259
v -0.66383 1.09556 0.06279
v -0.70393 1.07693 0.15643
v -0.77643 1.02318 0.09487
v -0.82132 0.93835 0.04267
v -0.83175 0.83534 0.00779
v -0.80614 0.72984 -0.00445
v -0.74839 0.63791 0.00779
v -0.66729 0.57355 0.04267
v -0.57519 0.54655 0.09487
v -0.48611 0.56103 0.15643
v -0.41361 0.61477 0.21800
v -0.36873 0.69961 0.27020
v -0.35830 0.80262 0.30507
v -0.38391 0.90811 0.31732
v -0.44165 1.00004 0.30507
v -0.52275 1.06441 0.27020
v -0.61485 1.09140 0.21800
v -0.70393 1.07693 0.15643
v -0.75171 1.05838 0.24869
v -0.82502 1.00953 0.18407
v -0.87282 0.92798 0.12929
v -0.88783 0.82615 0.09269
v -0.86777 0.71952 0.07984
v -0.81569 0.62435 0.09269
v -0.73951 0.55512 0.12929
v -0.65085 0.52236 0.18407
v -0.56319 0.53106 0.24869
v -0.48987 0.57991 0.31331
v -0.44208 0.66146 0.36809
v -0.42707 0.76330 0.40469
v -0.44713 0.86992 0.41754
v -0.49921 0.96509 0.40469
v -0.57539 1.03432 0.36809
v -0.66405 1.06708 0.31331
v -0.75171 1.05838 0.24869
v -0.80943 1.03904 0.33874
v -0.88147 0.99391 0.27012
v -0.92970 0.91500 0.21195
v -0.94676 0.81433 0.17308
v -0.93007 0.70723 0.15943
v -0.88216 0.61000 0.17308
v -0.81032 0.53744 0.21195
v -0.72550 0.50060 0.27012
v -0.64061 0.50509 0.33874
v -0.56856 0.55022 0.40736
v -0.52034 0.62913 0.46553
v -0.50327 0.72980 0.50440
v -0.51997 0.83690 0.51804
v -0.56788 0.93413 0.50440
v -0.63971 1.00669 0.46553
v -0.72453 1.04353 0.40736
v -0.80943 1.03904 0.33874
v -0.87807 1.01811 0.42578
v -0.94700 0.97540 0.35256
v -0.99329 0.89833 0.29049
v -1.00991 0.79863 0.24901
v -0.99432 0.69149 0.23445
v -0.94889 0.59320 0.24901
v -0.88054 0.51874 0.29049
v -0.79968 0.47944 0.35256
v -0.71862 0.48129 0.42578
v -0.64969 0.52400 0.49900
v -0.60340 0.60106 0.56107
v -0.58678 0.70076 0.60255
v -0.60238 0.80791 0.61711
v -0.64781 0.90619 0.60255
v -0.71615 0.98065 0.56107
v -0.79701 1.01995 0.49900
v -0.87807 1.01811 0.42578
v -0.95770 0.99455 0.50904
v -1.02193 0.95319 0.43094
v -1.06423 0.87728 0.36474
v -1.07814 0.77836 0.32050
v -1.06155 0.67150 0.30496
v -1.01700 0.57296 0.32050
v -0.95125 0.49775 0.36474
v -0.87432 0.45732 0.43094
v -0.79793 0.45783 0.50904
v -0.73369 0.49919 0.58714
v -0.69140 0.57510 0.65335
v -0.67749 0.67402 0.69758
v -0.69407 0.78089 0.71312
v -0.73863 0.87942 0.69758
v -0.80438 0.95463 0.65335
v -0.88130 0.99506 0.58714
v -0.95770 0.99455 0.50904
v -1.04776 0.96707 0.58779
v -1.10601 0.92635 0.50481
v -1.14256 0.85117 0.43447
v -1.15185 0.75299 0.38746
v -1.13248 0.64674 0.37096
v -1.08738 0.54861 0.38746
v -1.02343 0.47354 0.43447
v -0.95035 0.43294 0.50481
v -0.87929 0.43301 0.58779
v -0.82104 0.47374 0.67076
v -0.78449 0.54891 0.74111
v -0.77520 0.64710 0.78811
v -0.79457 0.75334 0.80461
v -0.83967 0.85147 0.78811
v -0.90362 0.92655 0.74111
v -0.97670 0.96714 0.67076
v -1.04776 0.96707 0.58779
v -1.14738 0.93416 0.66131
v -1.19859 0.89376 0.57367
v -1.22799 0.81926 0.49937
v -1.23110 0.72199 0.44973
v -1.20745 0.61676 0.43229
v -1.16064 0.51960 0.44973
v -1.09780 0.44529 0.49937
v -1.02848 0.40515 0.57367
v -0.96326 0.40529 0.66131
v -0.91204 0.44569 0.74895
v -0.88264 0.52019 0.82325
v -0.87953 0.61746 0.87290
v -0.90318 0.72269 0.89033
v -0.94999 0.81985 0.87290
v -1.01284 0.89416 0.82325
v -1.08215 0.93430 0.74895
v -1.14738 0.93416 0.66131
v -1.25539 0.89423 0.72897
v -1.29878 0.85422 0.63703
v -1.31994 0.78065 0.55909
v -1.31565 0.68470 0.50702
v -1.28655 0.58100 0.48873
v -1.23708 0.48532 0.50702
v -1.17477 0.41224 0.55909
v -1.10911 0.37287 0.63703
v -1.05009 0.37322 0.72897
v -1.00670 0.41323 0.82090
v -0.98554 0.48680 0.89884
v -0.98983 0.58275 0.95092
v -1.01893 0.68645 0.96921
v -1.06840 0.78213 0.95092
v -1.13071 0.85521 0.89884
v -1.19637 0.89458 0.82090
v -1.25539 0.89423 0.72897
v -1.37046 0.84572 0.79016
v -1.40551 0.80647 0.69441
v -1.41766 0.73436 0.61324
v -1.40505 0.64037 0.55900
v -1.36962 0.53879 0.53996
v -1.31674 0.44511 0.55900
v -1.25448 0.37357 0.61324
v -1.19231 0.33507 0.69441
v -1.13970 0.33547 0.79016
v -1.10465 0.37472 0.88590
v -1.09250 0.44683 0.96707
v -1.10511 0.54082 1.02131
v -1.14054 0.64240 1.04035
v -1.19342 0.73608 1.02131
v -1.25568 0.80762 0.96707
v -1.31785 0.84612 0.88590
v -1.37046 0.84572 0.79016
v -1.49106 0.78715 0.84433
v -1.51749 0.74928 0.74532
v -1.52016 0.67940 0.66138
v -1.49865 0.58814 0.60530
v -1.45624 0.48940 0.58561
v -1.39938 0.39822 0.60530
v -1.33673 0.32846 0.66138
v -1.27783 0.29076 0.74532
v -1.23165 0.29085 0.84433
v -1.20521 0.32872 0.94334
v -1.20255 0.39860 1.02727
v -1.22406 0.48986 1.08336
v -1.26647 0.58859 1.10305
v -1.32333 0.67978 1.08336
v -1.38597 0.74953 1.02727
v -1.44487 0.78724 0.94334
v -1.49106 0.78715 0.84433
v -1.61546 0.71720 0.89101
v -1.63329 0.68148 0.78931
v -1.62630 0.61474 0.70310
v -1.59558 0.52714 0.64549
v -1.54579 0.43202 0.62527
v -1.48451 0.34387 0.64549
v -1.42108 0.27609 0.70310
v -1.36514 0.23902 0.78931
v -1.32522 0.23828 0.89101
v -1.30740 0.27401 0.99270
v -1.31438 0.34075 1.07891
v -1.34511 0.42835 1.13652
v -1.39490 0.52346 1.15675
v -1.45618 0.61162 1.13652
v -1.51961 0.67940 1.07891
v -1.57554 0.71647 0.99270
v -1.61546 0.71720 0.89101
v -1.74179 0.63478 0.92978
v -1.75126 0.60205 0.82597
v -1.73474 0.53945 0.73797
v -1.69476 0.45651 0.67918
v -1.63740 0.36585 0.65853
v -1.57139 0.28127 0.67918
v -1.50679 0.21566 0.73797
v -1.45342 0.17901 0.82597
v -1.41942 0.17688 0.92978
v -1.40996 0.20961 1.03358
v -1.42647 0.27221 1.12158
v -1.46645 0.35516 1.18038
v -1.52381 0.44582 1.20102
v -1.58982 0.53039 1.18038
v -1.65442 0.59600 1.12158
v -1.70779 0.63266 1.03358
v -1.74179 0.63478 0.92978
v -1.86802 0.53904 0.96029
v -1.86962 0.51017 0.85494
v -1.84395 0.45273 0.76562
v -1.79492 0.37546 0.70594
v -1.73000 0.29013 0.68498
v -1.65907 0.20972 0.70594
v -1.59293 0.14648 0.76562
v -1.54164 0.11004 0.85494
v -1.51303 0.10593 0.96029
v -1.51143 0.13480 1.06565
v -1.53710 0.19224 1.15497
v -1.58613 0.26951 1.21465
v -1.65105 0.35484 1.23560
v -1.72198 0.43525 1.21465
v -1.78812 0.49849 1.15497
v -1.83941 0.53493 1.06565
v -1.86802 0.53904 0.96029
v -1.99200 0.42939 0.98229
v -1.98643 0.40522 0.87589
v -1.95222 0.35394 0.78569
v -1.89457 0.28337 0.72542
v -1.82228 0.20424 0.70426
v -1.74634 0.12860 0.72542
v -1.67831 0.06797 0.78569
v -1.62856 0.03158 0.87589
v -1.60465 0.02497 0.98229
v -1.61022 0.04914 1.08868
v -1.64444 0.10042 1.17888
v -1.70208 0.17100 1.23915
v -1.77437 0.25013 1.26032
v -1.85031 0.32576 1.23915
v -1.91834 0.38639 1.17888
v -1.96809 0.42278 1.08868
v -1.99200 0.42939 0.98229
v -2.11150 0.30559 0.99556
v -2.09963 0.28685 0.88859
v -2.05770 0.24266 0.79790
v -1.99209 0.17975 0.73730
v -1.91277 0.10769 0.71602
v -1.83184 0.03745 0.73730
v -1.76161 -0.02027 0.79790
v -1.71277 -0.05668 0.88859
v -1.69276 -0.06625 0.99556
v -1.70463 -0.04751 1.10254
v -1.74656 -0.00332 1.19323
v -1.81218 0.05960 1.25382
v -1.89149 0.13166 1.27510
v -1.97242 0.20189 1.25382
v -2.04265 0.25961 1.19323
v -2.09149 0.29602 1.10254
v -2.11150 0.30559 0.99556
v -2.22423 0.16770 1.00000
v -2.20710 0.15501 0.89285
v -2.15845 0.11872 0.80201
v -2.08567 0.06436 0.74131
v -1.99985 0.00020 0.72000
v -1.91405 -0.06399 0.74131
v -1.84134 -0.11844 0.80201
v -1.79278 -0.15485 0.89285
v -1.77577 -0.16770 1.00000
v -1.79290 -0.15501 1.10715
v -1.84155 -0.11872 1.19799
v -1.91433 -0.06436 1.25869
v -2.00015 -0.00020 1.28000
v -2.08595 0.06399 1.25869
v -2.15866 0.11844 1.19799
v -2.20722 0.15485 1.10715
v -2.22423 0.16770 1.00000
v -2.32791 0.01611 0.99556
v -2.30666 0.00994 0.88858
v -2.25242 -0.01776 0.79788
v -2.17344 -0.06277 0.73728
v -2.08176 -0.11825 0.71600
v -1.99133 -0.17574 0.73728
v -1.91592 -0.22650 0.79788
v -1.86701 -0.26279 0.88858
v -1.85204 -0.27909 0.99556
v -1.87329 -0.27292 1.10255
v -1.92754 -0.24522 1.19325
v -2.00651 -0.20021 1.25385
v -2.09819 -0.14473 1.27513
v -2.18862 -0.08724 1.25385
v -2.26403 -0.03648 1.19325
v -2.31294 -0.00019 1.10255
v -2.32791 0.01611 0.99556
v -2.42032 -0.14842 0.98229
v -2.39614 -0.14777 0.87575
v -2.33755 -0.16636 0.78543
v -2.25347 -0.20136 0.72508
v -2.15671 -0.24744 0.70389
v -2.06199 -0.29759 0.72508
v -1.98373 -0.34417 0.78543
v -1.93386 -0.38009 0.87575
v -1.91995 -0.39988 0.98229
v -1.94413 -0.40053 1.08883
v -2.00272 -0.38194 1.17915
v -2.08679 -0.34694 1.23950
v -2.18356 -0.30086 1.26069
v -2.27828 -0.25071 1.23950
v -2.35653 -0.20413 1.17915
v -2.40641 -0.16821 1.08883
v -2.42032 -0.14842 0.98229
v -2.49930 -0.32483 0.96029
v -2.47343 -0.31724 0.85442
v -2.41181 -0.32636 0.76467
v -2.32383 -0.35081 0.70470
v -2.22287 -0.38687 0.68364
v -2.12431 -0.42904 0.70470
v -2.04316 -0.47091 0.76467
v -1.99176 -0.50610 0.85442
v -1.97795 -0.52925 0.96029
v -2.00382 -0.53684 1.06616
v -2.06544 -0.52772 1.15592
v -2.15342 -0.50327 1.21589
v -2.25438 -0.46721 1.23695
v -2.35293 -0.42504 1.21589
v -2.43409 -0.38317 1.15592
v -2.48549 -0.34798 1.06616
v -2.49930 -0.32483 0.96029
v -2.56287 -0.51171 0.92978
v -2.53654 -0.49723 0.82474
v -2.47325 -0.49671 0.73569
v -2.38262 -0.51023 0.67619
v -2.27846 -0.53573 0.65530
v -2.17663 -0.56933 0.67619
v -2.09262 -0.60591 0.73569
v -2.03923 -0.63991 0.82474
v -2.02458 -0.66615 0.92978
v -2.05091 -0.68062 1.03481
v -2.11420 -0.68114 1.12386
v -2.20483 -0.66762 1.18336
v -2.30899 -0.64212 1.20425
v -2.41082 -0.60852 1.18336
v -2.49483 -0.57194 1.12386
v -2.54822 -0.53795 1.03481
v -2.56287 -0.51171 0.92978
v -2.60921 -0.70737 0.89101
v -2.58362 -0.68624 0.78692
v -2.52001 -0.67608 0.69868
v -2.42807 -0.67845 0.63971
v -2.32179 -0.69297 0.61901
v -2.21735 -0.71744 0.63971
v -2.13065 -0.74814 0.69868
v -2.07489 -0.78039 0.78692
v -2.05856 -0.80928 0.89101
v -2.08415 -0.83041 0.99510
v -2.14775 -0.84057 1.08334
v -2.23970 -0.83820 1.14230
v -2.34598 -0.82368 1.16300
v -2.45042 -0.79921 1.14230
v -2.53712 -0.76851 1.08334
v -2.59288 -0.73626 0.99510
v -2.60921 -0.70737 0.89101
v -2.63675 -0.90983 0.84433
v -2.61304 -0.88245 0.74126
v -2.55046 -0.86284 0.65388
v -2.45854 -0.85399 0.59549
v -2.35128 -0.85724 0.57499
v -2.24501 -0.87210 0.59549
v -2.15590 -0.89631 0.65388
v -2.09752 -0.92618 0.74126
v -2.07875 -0.95717 0.84433
v -2.10247 -0.98455 0.94740
v -2.16505 -1.00416 1.03478
v -2.25696 -1.01301 1.09316
v -2.36422 -1.00976 1.11366
v -2.47050 -0.99490 1.09316
v -2.55961 -0.97069 1.03478
v -2.61799 -0.94082 0.94740
v -2.63675 -0.90983 0.84433
v -2.64419 -1.11688 0.79016
v -2.62339 -1.08381 0.68813
v -2.56314 -1.05510 0.60164
v -2.47260 -1.03514 0.54385
v -2.36556 -1.02696 0.52355
v -2.25832 -1.03180 0.54385
v -2.16721 -1.04893 0.60164
v -2.10608 -1.07575 0.68813
v -2.08426 -1.10816 0.79016
v -2.10506 -1.14124 0.89218
v -2.16532 -1.16994 0.97867
v -2.25586 -1.18991 1.03646
v -2.36290 -1.19809 1.05676
v -2.47014 -1.19324 1.03646
v -2.56125 -1.17611 0.97867
v -2.62237 -1.14930 0.89218
v -2.64419 -1.11688 0.79016
v -2.63056 -1.32611 0.72897
v -2.61359 -1.28804 0.62798
v -2.55687 -1.25076 0.54237
v -2.46904 -1.21996 0.48517
v -2.36346 -1.20032 0.46508
v -2.25621 -1.19484 0.48517
v -2.16362 -1.20434 0.54237
v -2.09978 -1.22739 0.62798
v -2.07442 -1.26047 0.72897
v -2.09138 -1.29854 0.82995
v -2.14810 -1.33582 0.91557
v -2.23594 -1.36662 0.97277
v -2.34151 -1.38626 0.99286
v -2.44876 -1.39174 0.97277
v -2.54135 -1.38224 0.91557
v -2.60519 -1.35919 0.82995
v -2.63056 -1.32611 0.72897
v -2.59519 -1.53495 0.66131
v -2.58284 -1.49269 0.56133
v -2.53077 -1.44752 0.47656
v -2.44693 -1.40632 0.41993
v -2.34406 -1.37536 0.40004
v -2.23784 -1.35935 0.41993
v -2.14442 -1.36073 0.47656
v -2.07804 -1.37930 0.56133
v -2.04880 -1.41221 0.66131
v -2.06115 -1.45448 0.76130
v -2.11322 -1.49965 0.84606
v -2.19706 -1.54085 0.90270
v -2.29993 -1.57181 0.92259
v -2.40616 -1.58782 0.90270
v -2.49957 -1.58644 0.84606
v -2.56595 -1.56787 0.76130
v -2.59519 -1.53495 0.66131
v -2.53781 -1.74073 0.58779
v -2.53070 -1.69519 0.48873
v -2.48429 -1.64294 0.40476
v -2.40564 -1.59193 0.34865
v -2.30673 -1.54993 0.32895
v -2.20261 -1.52333 0.34865
v -2.10915 -1.51618 0.40476
v -2.04055 -1.52957 0.48873
v -2.00728 -1.56146 0.58779
v -2.01439 -1.60700 0.68684
v -2.06080 -1.65926 0.77081
v -2.13945 -1.71027 0.82692
v -2.23836 -1.75227 0.84662
v -2.34247 -1.77887 0.82692
v -2.43594 -1.78602 0.77081
v -2.50453 -1.77263 0.68684
v -2.53781 -1.74073 0.58779
v -2.45851 -1.94074 0.50904
v -2.45710 -1.89290 0.41083
v -2.41720 -1.83449 0.32758
v -2.34487 -1.77441 0.27195
v -2.25113 -1.72180 0.25241
v -2.15026 -1.68468 0.27195
v -2.05760 -1.66869 0.32758
v -1.98727 -1.67627 0.41083
v -1.94997 -1.70627 0.50904
v -1.95138 -1.75411 0.60725
v -1.99128 -1.81252 0.69050
v -2.06361 -1.87260 0.74613
v -2.15735 -1.92521 0.76567
v -2.25822 -1.96233 0.74613
v -2.35088 -1.97832 0.69050
v -2.42121 -1.97074 0.60725
v -2.45851 -1.94074 0.50904
v -2.35779 -2.13228 0.42578
v -2.36236 -2.08314 0.32831
v -2.32965 -2.01959 0.24568
v -2.26465 -1.95131 0.19047
v -2.17725 -1.88869 0.17108
v -2.08076 -1.84127 0.19047
v -1.98987 -1.81625 0.24568
v -1.91841 -1.81746 0.32831
v -1.87727 -1.84471 0.42578
v -1.87270 -1.89384 0.52325
v -1.90541 -1.95739 0.60588
v -1.97041 -2.02567 0.66109
v -2.05780 -2.08829 0.68048
v -2.15429 -2.13572 0.66109
v -2.24519 -2.16073 0.60588
v -2.31665 -2.15952 0.52325
v -2.35779 -2.13228 0.42578
v -2.23650 -2.31269 0.33874
v -2.24714 -2.26329 0.24188
v -2.22216 -2.19569 0.15977
v -2.16537 -2.12020 0.10490
v -2.08540 -2.04830 0.08564
v -1.99443 -1.99094 0.10490
v -1.90632 -1.95685 0.15977
v -1.83448 -1.95123 0.24188
v -1.78984 -1.97492 0.33874
v -1.77920 -2.02433 0.43560
v -1.80418 -2.09193 0.51771
v -1.86098 -2.16742 0.57257
v -1.94094 -2.23932 0.59184
v -2.03191 -2.29668 0.57257
v -2.12002 -2.33077 0.51771
v -2.19186 -2.33639 0.43560
v -2.23650 -2.31269 0.33874
v -2.09590 -2.47949 0.24869
v -2.11253 -2.43081 0.15231
v -2.09562 -2.36029 0.07060
v -2.04775 -2.27866 0.01600
v -1.97621 -2.19835 -0.00317
v -1.89188 -2.13158 0.01600
v -1.80761 -2.08853 0.07060
v -1.73623 -2.07575 0.15231
v -1.68859 -2.09517 0.24869
v -1.67197 -2.14385 0.34507
v -1.68887 -2.21438 0.42678
v -1.73674 -2.29601 0.48138
v -1.80828 -2.37632 0.50055
v -1.89261 -2.44308 0.48138
v -1.97688 -2.48613 0.42678
v -2.04826 -2.49892 0.34507
v -2.09590 -2.47949 0.24869
v -1.93756 -2.63035 0.15643
v -1.95992 -2.58334 0.06038
v -1.95126 -2.51102 -0.02104
v -1.91288 -2.42440 -0.07545
v -1.85064 -2.33667 -0.09456
v -1.77402 -2.26118 -0.07545
v -1.69466 -2.20943 -0.02104
v -1.62466 -2.18929 0.06038
v -1.57468 -2.20383 0.15643
v -1.55232 -2.25084 0.25249
v -1.56098 -2.32316 0.33391
v -1.59936 -2.40978 0.38832
v -1.66159 -2.49751 0.40743
v -1.73822 -2.57300 0.38832
v -1.81758 -2.62475 0.33391
v -1.88757 -2.64489 0.25249
v -1.93756 -2.63035 0.15643
v -1.76340 -2.76318 0.06279
v -1.79108 -2.71870 -0.03308
v -1.79064 -2.64570 -0.11436
v -1.76216 -2.55528 -0.16867
v -1.70997 -2.46121 -0.18774
v -1.64202 -2.37782 -0.16867
v -1.56864 -2.31780 -0.11436
v -1.50102 -2.29028 -0.03308
v -1.44945 -2.29946 0.06279
v -1.42177 -2.34394 0.15866
v -1.42221 -2.41694 0.23994
v -1.45069 -2.50736 0.29425
v -1.50288 -2.60142 0.31332
v -1.57083 -2.68481 0.29425
v -1.64420 -2.74484 0.23994
v -1.71182 -2.77236 0.15866
v -1.76340 -2.76318 0.06279
v -1.57561 -2.87617 -0.03141
v -1.60804 -2.83498 -0.12726
v -1.61566 -2.76235 -0.20852
v -1.59729 -2.66934 -0.26281
v -1.55575 -2.57011 -0.28188
v -1.49734 -2.47977 -0.26281
v -1.43098 -2.41207 -0.20852
v -1.36675 -2.37732 -0.12726
v -1.31444 -2.38080 -0.03141
v -1.28200 -2.42200 0.06444
v -1.27439 -2.49463 0.14569
v -1.29275 -2.58764 0.19999
v -1.33430 -2.68686 0.21905
v -1.39270 -2.77721 0.19999
v -1.45907 -2.84491 0.14569
v -1.52330 -2.87966 0.06444
v -1.57561 -2.87617 -0.03141
v -1.37662 -2.96785 -0.12533
v -1.41313 -2.93056 -0.22131
v -1.42845 -2.85929 -0.30268
v -1.42026 -2.76488 -0.35705
v -1.38979 -2.66172 -0.37614
v -1.34170 -2.56550 -0.35705
v -1.28329 -2.49087 -0.30268
v -1.22347 -2.44921 -0.22131
v -1.17134 -2.44684 -0.12533
v -1.13483 -2.48413 -0.02935
v -1.11951 -2.55540 0.05202
v -1.12771 -2.64981 0.10638
v -1.15817 -2.75298 0.12548
v -1.20626 -2.84920 0.10638
v -1.26467 -2.92382 0.05202
v -1.32449 -2.96549 -0.02935
v -1.37662 -2.96785 -0.12533
v -1.16904 -3.03711 -0.21814
v -1.20885 -3.00419 -0.31441
v -1.23140 -2.93514 -0.39602
v -1.23326 -2.84049 -0.45055
v -1.21415 -2.73465 -0.46970
v -1.17698 -2.63371 -0.45055
v -1.12741 -2.55306 -0.39602
v -1.07298 -2.50497 -0.31441
v -1.02197 -2.49677 -0.21814
v -0.98217 -2.52969 -0.12188
v -0.95962 -2.59873 -0.04027
v -0.95775 -2.69338 0.01426
v -0.97686 -2.79923 0.03341
v -1.01403 -2.90016 0.01426
v -1.06361 -2.98081 -0.04027
v -1.11804 -3.02890 -0.12188
v -1.16904 -3.03711 -0.21814
v -0.95560 -3.08319 -0.30902
v -0.99787 -3.05494 -0.40572
v -1.02706 -2.98888 -0.48769
v -1.03871 -2.89508 -0.54247
v -1.03107 -2.78781 -0.56170
v -1.00529 -2.68340 -0.54247
v -0.96529 -2.59775 -0.48769
v -0.91717 -2.54390 -0.40572
v -0.86825 -2.53005 -0.30902
v -0.82598 -2.55830 -0.21232
v -0.79680 -2.62436 -0.13034
v -0.78514 -2.71817 -0.07556
v -0.79278 -2.82544 -0.05633
v -0.81857 -2.92984 -0.07556
v -0.85856 -3.01549 -0.13034
v -0.90669 -3.06934 -0.21232
v -0.95560 -3.08319 -0.30902
v -0.73911 -3.10576 -0.39715
v -0.78297 -3.08231 -0.49442
v -0.81810 -3.01985 -0.57688
v -0.83915 -2.92789 -0.63198
v -0.84291 -2.82043 -0.65133
v -0.82882 -2.71383 -0.63198
v -0.79902 -2.62433 -0.57688
v -0.75804 -2.56554 -0.49442
v -0.71212 -2.54641 -0.39715
v -0.66826 -2.56987 -0.29988
v -0.63313 -2.63233 -0.21741
v -0.61208 -2.72429 -0.16231
v -0.60832 -2.83175 -0.14296
v -0.62241 -2.93834 -0.16231
v -0.65222 -3.02785 -0.21741
v -0.69319 -3.08664 -0.29988
v -0.73911 -3.10576 -0.39715
v -0.52236 -3.10487 -0.48175
v -0.56694 -3.08616 -0.57973
v -0.60726 -3.02776 -0.66278
v -0.63718 -2.93854 -0.71828
v -0.65215 -2.83208 -0.73777
v -0.64989 -2.72461 -0.71828
v -0.63074 -2.63247 -0.66278
v -0.59762 -2.56970 -0.57973
v -0.55557 -2.54585 -0.48175
v -0.51100 -2.56455 -0.38378
v -0.47067 -2.62296 -0.30072
v -0.44075 -2.71218 -0.24523
v -0.42578 -2.81863 -0.22574
v -0.42804 -2.92611 -0.24523
v -0.44719 -3.01825 -0.30072
v -0.48031 -3.08102 -0.38378
v -0.52236 -3.10487 -0.48175
v -0.30810 -3.08095 -0.56208
v -0.35255 -3.06678 -0.66087
v -0.39728 -3.01272 -0.74462
v -0.43546 -2.92701 -0.80058
v -0.46130 -2.82269 -0.82023
v -0.47084 -2.71565 -0.80058
v -0.46265 -2.62218 -0.74462
v -0.43797 -2.55650 -0.66087
v -0.40055 -2.52863 -0.56208
v -0.35610 -2.54280 -0.46330
v -0.31138 -2.59685 -0.37955
v -0.27319 -2.68256 -0.32359
v -0.24736 -2.78688 -0.30394
v -0.23781 -2.89393 -0.32359
v -0.24600 -2.98740 -0.37955
v -0.27068 -3.05307 -0.46330
v -0.30810 -3.08095 -0.56208
v -0.09897 -3.03482 -0.63742
v -0.14251 -3.02480 -0.73712
v -0.19084 -2.97524 -0.82164
v -0.23661 -2.89368 -0.87811
v -0.27283 -2.79253 -0.89794
v -0.29400 -2.68720 -0.87811
v -0.29690 -2.59372 -0.82164
v -0.28108 -2.52633 -0.73712
v -0.24896 -2.49528 -0.63742
v -0.20541 -2.50529 -0.53773
v -0.15708 -2.55486 -0.45321
v -0.11132 -2.63642 -0.39674
v -0.07509 -2.73756 -0.37691
v -0.05392 -2.84289 -0.39674
v -0.05102 -2.93637 -0.45321
v -0.06684 -3.00376 -0.53773
v -0.09897 -3.03482 -0.63742
v 0.10257 -2.96764 -0.70711
v 0.06064 -2.96125 -0.80779
v 0.00947 -2.91616 -0.89314
v -0.04314 -2.83925 -0.95017
v -0.08918 -2.74222 -0.97019
v -0.12165 -2.63984 -0.95017
v -0.13559 -2.54771 -0.89314
v -0.12889 -2.47984 -0.80779
v -0.10257 -2.44657 -0.70711
v -0.06064 -2.45297 -0.60643
v -0.00947 -2.49805 -0.52108
v 0.04314 -2.57497 -0.46405
v 0.08918 -2.67200 -0.44402
v 0.12165 -2.77437 -0.46405
v 0.13559 -2.86651 -0.52108
v 0.12889 -2.93437 -0.60643
v 0.10257 -2.96764 -0.70711
v 0.29427 -2.88091 -0.77051
v 0.25453 -2.87747 -0.87222
v 0.20126 -2.83670 -0.95845
v 0.14255 -2.76479 -1.01606
v 0.08735 -2.67271 -1.03629
v 0.04407 -2.57446 -1.01606
v 0.01929 -2.48500 -0.95845
v 0.01679 -2.41796 -0.87222
v 0.03694 -2.38353 -0.77051
v 0.07668 -2.38697 -0.66880
v 0.12996 -2.42774 -0.58258
v 0.18866 -2.49965 -0.52497
v 0.24386 -2.59173 -0.50474
v 0.28714 -2.68998 -0.52497
v 0.31192 -2.77944 -0.58258
v 0.31442 -2.84648 -0.66880
v 0.29427 -2.88091 -0.77051
v 0.47414 -2.77637 -0.82708
v 0.43705 -2.77512 -0.92984
v 0.38232 -2.73836 -1.01695
v 0.31827 -2.67169 -1.07516
v 0.25465 -2.58526 -1.09560
v 0.20115 -2.49222 -1.07516
v 0.16591 -2.40675 -1.01695
v 0.15430 -2.34184 -0.92984
v 0.16809 -2.30740 -0.82708
v 0.20517 -2.30864 -0.72432
v 0.25991 -2.34540 -0.63721
v 0.32396 -2.41207 -0.57900
v 0.38758 -2.49850 -0.55857
v 0.44108 -2.59154 -0.57900
v 0.47632 -2.67701 -0.63721
v 0.48793 -2.74192 -0.72432
v 0.47414 -2.77637 -0.82708
v 0.64047 -2.65602 -0.87631
v 0.60636 -2.65610 -0.98009
v 0.55073 -2.62294 -1.06808
v 0.48205 -2.56160 -1.12687
v 0.41078 -2.48141 -1.14752
v 0.34777 -2.39458 -1.12687
v 0.30262 -2.31433 -1.06808
v 0.28219 -2.25287 -0.98009
v 0.28960 -2.21957 -0.87631
v 0.32371 -2.21949 -0.77252
v 0.37934 -2.25265 -0.68453
v 0.44802 -2.31399 -0.62574
v 0.51929 -2.39418 -0.60510
v 0.58229 -2.48101 -0.62574
v 0.62745 -2.56126 -0.68453
v 0.64788 -2.62272 -0.77252
v 0.64047 -2.65602 -0.87631
v 0.79190 -2.52204 -0.91775
v 0.76090 -2.52254 -1.02252
v 0.70483 -2.49247 -1.11133
v 0.63221 -2.43643 -1.17067
v 0.55410 -2.36295 -1.19151
v 0.48239 -2.28320 -1.17067
v 0.42800 -2.20934 -1.11133
v 0.39921 -2.15260 -1.02252
v 0.40040 -2.12163 -0.91775
v 0.43139 -2.12114 -0.81299
v 0.48746 -2.15120 -0.72418
v 0.56008 -2.20724 -0.66484
v 0.63819 -2.28072 -0.64400
v 0.70990 -2.36047 -0.66484
v 0.76429 -2.43433 -0.72418
v 0.79309 -2.49107 -0.81299
v 0.79190 -2.52204 -0.91775
v 0.92737 -2.37675 -0.95106
v 0.89950 -2.37671 -1.05669
v 0.84331 -2.34916 -1.14624
v 0.76737 -2.29829 -1.20608
v 0.68323 -2.23185 -1.22709
v 0.60370 -2.15996 -1.20608
v 0.54089 -2.09355 -1.14624
v 0.50436 -2.04274 -1.05669
v 0.49968 -2.01526 -0.95106
v 0.52755 -2.01530 -0.84542
v 0.58374 -2.04285 -0.75587
v 0.65968 -2.09372 -0.69603
v 0.74383 -2.16016 -0.67502
v 0.82335 -2.23205 -0.69603
v 0.88616 -2.29846 -0.75587
v 0.92269 -2.34928 -0.84542
v 0.92737 -2.37675 -0.95106
v 1.04621 -2.22255 -0.97592
v 1.02129 -2.22103 -1.08228
v 0.96519 -2.19536 -1.17244
v 0.88647 -2.14944 -1.23269
v 0.79710 -2.09027 -1.25384
v 0.71070 -2.02685 -1.23269
v 0.64040 -1.96884 -1.17244
v 0.59693 -1.92507 -1.08228
v 0.58689 -1.90220 -0.97592
v 0.61182 -1.90372 -0.86956
v 0.66791 -1.92940 -0.77939
v 0.74664 -1.97532 -0.71914
v 0.83600 -2.03449 -0.69799
v 0.92241 -2.09791 -0.71914
v 0.99270 -2.15592 -0.77939
v 1.03618 -2.19969 -0.86956
v 1.04621 -2.22255 -0.97592
v 1.14809 -2.06187 -0.99211
v 1.12579 -2.05795 -1.09899
v 1.06986 -2.03350 -1.18960
v 0.98882 -1.99223 -1.25014
v 0.89501 -1.94043 -1.27140
v 0.80270 -1.88599 -1.25014
v 0.72596 -1.83719 -1.18960
v 0.67647 -1.80147 -1.09899
v 0.66175 -1.78425 -0.99211
v 0.68406 -1.78817 -0.88524
v 0.73999 -1.81262 -0.79463
v 0.82103 -1.85389 -0.73409
v 0.91484 -1.90569 -0.71283
v 1.00714 -1.96013 -0.73409
v 1.08388 -2.00893 -0.79463
v 1.13338 -2.04465 -0.88524
v 1.14809 -2.06187 -0.99211
v 1.23304 -1.89711 -0.99951
v 1.21288 -1.88994 -1.10664
v 1.15706 -1.86605 -1.19747
v 1.07407 -1.82908 -1.25815
v 0.97656 -1.78466 -1.27946
v 0.87936 -1.73955 -1.25815
v 0.79728 -1.70063 -1.19747
v 0.74281 -1.67380 -1.10664
v 0.72424 -1.66317 -0.99951
v 0.74440 -1.67034 -0.89237
v 0.80022 -1.69423 -0.80155
v 0.88321 -1.73120 -0.74086
v 0.98072 -1.77562 -0.71955
v 1.07791 -1.82072 -0.74086
v 1.16000 -1.85965 -0.80155
v 1.21447 -1.88647 -0.89237
v 1.23304 -1.89711 -0.99951
v 1.30141 -1.73061 -0.99803
v 1.28279 -1.71942 -1.10509
v 1.22691 -1.69546 -1.19586
v 1.14226 -1.66240 -1.25651
v 1.04175 -1.62527 -1.27781
v 0.94066 -1.58971 -1.25651
v 0.85440 -1.56115 -1.19586
v 0.79609 -1.54393 -1.10509
v 0.77461 -1.54067 -0.99803
v 0.79323 -1.55186 -0.89096
v 0.84911 -1.57582 -0.80019
v 0.93375 -1.60888 -0.73954
v 1.03427 -1.64601 -0.71824
v 1.13535 -1.68157 -0.73954
v 1.22162 -1.71013 -0.80019
v 1.27993 -1.72735 -0.89096
v 1.30141 -1.73061 -0.99803
v 1.35390 -1.56461 -0.98769
v 1.33612 -1.54873 -1.09431
v 1.27989 -1.52413 -1.18469
v 1.19379 -1.49456 -1.24509
v 1.09091 -1.46453 -1.26629
v 0.98693 -1.43859 -1.24509
v 0.89766 -1.42071 -1.18469
v 0.83670 -1.41360 -1.09431
v 0.81334 -1.41834 -0.98769
v 0.83112 -1.43422 -0.88107
v 0.88735 -1.45882 -0.79069
v 0.97345 -1.48839 -0.73029
v 1.07633 -1.51843 -0.70908
v 1.18032 -1.54436 -0.73029
v 1.26958 -1.56225 -0.79069
v 1.33054 -1.56936 -0.88107
v 1.35390 -1.56461 -0.98769
v 1.39150 -1.40116 -0.96858
v 1.37378 -1.38008 -1.07431
v 1.31686 -1.35433 -1.16393
v 1.22942 -1.32782 -1.22382
v 1.12475 -1.30461 -1.24485
v 1.01881 -1.28821 -1.22382
v 0.92771 -1.28114 -1.16393
v 0.86532 -1.28445 -1.07431
v 0.84115 -1.29765 -0.96858
v 0.85887 -1.31874 -0.86286
v 0.91579 -1.34449 -0.77323
v 1.00324 -1.37099 -0.71335
v 1.10790 -1.39421 -0.69232
v 1.21385 -1.41060 -0.71335
v 1.30495 -1.41768 -0.77323
v 1.36733 -1.41436 -0.86286
v 1.39150 -1.40116 -0.96858
v 1.41548 -1.24214 -0.94088
v 1.39701 -1.21549 -1.04521
v 1.33900 -1.18815 -1.13365
v 1.25026 -1.16429 -1.19275
v 1.14431 -1.14755 -1.21350
v 1.03729 -1.14046 -1.19275
v 0.94547 -1.14412 -1.13365
v 0.88285 -1.15796 -1.04521
v 0.85895 -1.17987 -0.94088
v 0.87741 -1.20653 -0.83655
v 0.93543 -1.23387 -0.74811
v 1.02416 -1.25772 -0.68901
v 1.13011 -1.27447 -0.66826
v 1.23714 -1.28155 -0.68901
v 1.32895 -1.27790 -0.74811
v 1.39158 -1.26406 -0.83655
v 1.41548 -1.24214 -0.94088
v 1.42732 -1.08921 -0.90483
v 1.40733 -1.05677 -1.00722
v 1.34779 -1.02751 -1.09402
v 1.25777 -1.00587 -1.15202
v 1.15097 -0.99516 -1.17238
v 1.04365 -0.99700 -1.15202
v 0.95215 -1.01112 -1.09402
v 0.89040 -1.03536 -1.00722
v 0.86780 -1.06604 -0.90483
v 0.88779 -1.09848 -0.80244
v 0.94732 -1.12775 -0.71564
v 1.03734 -1.14939 -0.65764
v 1.14414 -1.16010 -0.63727
v 1.25146 -1.15825 -0.65764
v 1.34296 -1.14414 -0.71564
v 1.40472 -1.11989 -0.80244
v 1.42732 -1.08921 -0.90483
v 1.42873 -0.94379 -0.86074
v 1.40651 -0.90550 -0.96062
v 1.34505 -0.87404 -1.04530
v 1.25372 -0.85421 -1.10187
v 1.14642 -0.84901 -1.12174
v 1.03948 -0.85925 -1.10187
v 0.94918 -0.88336 -1.04530
v 0.88928 -0.91767 -0.96062
v 0.86888 -0.95696 -0.86074
v 0.89110 -0.99525 -0.76086
v 0.95255 -1.02670 -0.67619
v 1.04389 -1.04654 -0.61961
v 1.15119 -1.05173 -0.59974
v 1.25813 -1.04150 -0.61961
v 1.34842 -1.01739 -0.67619
v 1.40833 -0.98308 -0.76086
v 1.42873 -0.94379 -0.86074
v 1.42155 -0.80702 -0.80902
v 1.39653 -0.76296 -0.90581
v 1.33283 -0.72912 -0.98786
v 1.24015 -0.71065 -1.04269
v 1.13261 -0.71036 -1.06194
v 1.02658 -0.72830 -1.04269
v 0.93819 -0.76173 -0.98786
v 0.88091 -0.80557 -0.90581
v 0.86346 -0.85314 -0.80902
v 0.88848 -0.89719 -0.71223
v 0.95218 -0.93104 -0.63017
v 1.04486 -0.94951 -0.57535
v 1.15240 -0.94980 -0.55609
v 1.25843 -0.93186 -0.57535
v 1.34682 -0.89843 -0.63017
v 1.40410 -0.85459 -0.71223
v 1.42155 -0.80702 -0.80902
v 1.40777 -0.67983 -0.75011
v 1.37956 -0.63019 -0.84325
v 1.31340 -0.59380 -0.92221
v 1.21936 -0.57622 -0.97497
v 1.11177 -0.58011 -0.99349
v 1.00699 -0.60490 -0.97497
v 0.92098 -0.64679 -0.92221
v 0.86684 -0.69942 -0.84325
v 0.85281 -0.75478 -0.75011
v 0.88102 -0.80442 -0.65697
v 0.94718 -0.84081 -0.57801
v 1.04122 -0.85839 -0.52525
v 1.14882 -0.85450 -0.50673
v 1.25360 -0.82971 -0.52525
v 1.33960 -0.78782 -0.57801
v 1.39374 -0.73519 -0.65697
v 1.40777 -0.67983 -0.75011
v 1.38942 -0.56289 -0.68455
v 1.35790 -0.50790 -0.77353
v 1.28922 -0.46880 -0.84896
v 1.19384 -0.45155 -0.89937
v 1.08627 -0.45878 -0.91707
v 0.98290 -0.48938 -0.89937
v 0.89946 -0.53871 -0.84896
v 0.84865 -0.59923 -0.77353
v 0.83821 -0.66176 -0.68455
v 0.86973 -0.71675 -0.59557
v 0.93841 -0.75585 -0.52013
v 1.03379 -0.77310 -0.46973
v 1.14135 -0.76587 -0.45203
v 1.24473 -0.73526 -0.46973
v 1.32817 -0.68594 -0.52013
v 1.37898 -0.62541 -0.59557
v 1.38942 -0.56289 -0.68455
v 1.36852 -0.45664 -0.61291
v 1.33390 -0.39655 -0.69732
v 1.26285 -0.35451 -0.76888
v 1.16621 -0.33693 -0.81670
v 1.05868 -0.34647 -0.83349
v 0.95663 -0.38169 -0.81670
v 0.87561 -0.43722 -0.76888
v 0.82793 -0.50462 -0.69732
v 0.82088 -0.57361 -0.61291
v 0.85550 -0.63370 -0.52849
v 0.92655 -0.67574 -0.45693
v 1.02319 -0.69333 -0.40911
v 1.13072 -0.68378 -0.39232
v 1.23277 -0.64857 -0.40911
v 1.31379 -0.59303 -0.45693
v 1.36147 -0.52564 -0.52849
v 1.36852 -0.45664 -0.61291
v 1.34709 -0.36135 -0.53583
v 1.30992 -0.29638 -0.61541
v 1.23691 -0.25105 -0.68287
v 1.13918 -0.23228 -0.72795
v 1.03161 -0.24291 -0.74378
v 0.93056 -0.28132 -0.72795
v 0.85144 -0.34168 -0.68287
v 0.80627 -0.41478 -0.61541
v 0.80195 -0.48951 -0.53583
v 0.83912 -0.55448 -0.45625
v 0.91212 -0.59981 -0.38878
v 1.00985 -0.61859 -0.34371
v 1.11743 -0.60796 -0.32788
v 1.21847 -0.56954 -0.34371
v 1.29759 -0.50918 -0.38878
v 1.34276 -0.43608 -0.45625
v 1.34709 -0.36135 -0.53583
v 1.32692 -0.27710 -0.45399
v 1.28820 -0.20738 -0.52867
v 1.21393 -0.15827 -0.59197
v 1.11542 -0.13724 -0.63427
v 1.00767 -0.14748 -0.64912
v 0.90708 -0.18745 -0.63427
v 0.82897 -0.25105 -0.59197
v 0.78523 -0.32860 -0.52867
v 0.78251 -0.40830 -0.45399
v 0.82123 -0.47801 -0.37932
v 0.89550 -0.52712 -0.31601
v 0.99401 -0.54816 -0.27371
v 1.10176 -0.53791 -0.25886
v 1.20235 -0.49795 -0.27371
v 1.28046 -0.43435 -0.31601
v 1.32421 -0.35680 -0.37932
v 1.32692 -0.27710 -0.45399
v 1.30956 -0.20378 -0.36812
v 1.27070 -0.12940 -0.43808
v 1.19620 -0.07585 -0.49739
v 1.09741 -0.05126 -0.53702
v 0.98935 -0.05940 -0.55093
v 0.88849 -0.09901 -0.53702
v 0.81018 -0.16406 -0.49739
v 0.76633 -0.24466 -0.43808
v 0.76364 -0.32853 -0.36812
v 0.80250 -0.40291 -0.29817
v 0.87700 -0.45646 -0.23886
v 0.97579 -0.48104 -0.19923
v 1.08385 -0.47291 -0.18532
v 1.18471 -0.43330 -0.19923
v 1.26302 -0.36825 -0.23886
v 1.30687 -0.28765 -0.29817
v 1.30956 -0.20378 -0.36812
v 1.29606 -0.14097 -0.27899
v 1.25888 -0.06204 -0.34473
v 1.18552 -0.00331 -0.40046
v 1.08716 0.02625 -0.43770
v 0.97877 0.02216 -0.45077
v 0.87685 -0.01496 -0.43770
v 0.79693 -0.07947 -0.40046
v 0.75116 -0.16153 -0.34473
v 0.74652 -0.24867 -0.27899
v 0.78371 -0.32761 -0.21325
v 0.85706 -0.38633 -0.15752
v 0.95542 -0.41590 -0.12028
v 1.06381 -0.41181 -0.10721
v 1.16573 -0.37468 -0.12028
v 1.24565 -0.31018 -0.15752
v 1.29142 -0.22811 -0.21325
v 1.29606 -0.14097 -0.27899
v 1.28684 -0.08769 -0.18738
v 1.25333 -0.00448 -0.24975
v 1.18274 0.05999 -0.30262
v 1.08580 0.09591 -0.33795
v 0.97727 0.09781 -0.35035
v 0.87368 0.06540 -0.33795
v 0.79079 0.00362 -0.30262
v 0.74123 -0.07814 -0.24975
v 0.73254 -0.16742 -0.18738
v 0.76604 -0.25062 -0.12501
v 0.83663 -0.31510 -0.07214
v 0.93357 -0.35102 -0.03681
v 1.04210 -0.35292 -0.02441
v 1.14569 -0.32051 -0.03681
v 1.22858 -0.25872 -0.07214
v 1.27814 -0.17697 -0.12501
v 1.28684 -0.08769 -0.18738
v 1.28166 -0.04191 -0.09411
v 1.25370 0.04488 -0.15429
v 1.18750 0.11523 -0.20531
v 1.09313 0.15845 -0.23940
v 0.98495 0.16793 -0.25137
v 0.87944 0.14225 -0.23940
v 0.79266 0.08532 -0.20531
v 0.73781 0.00579 -0.15429
v 0.72326 -0.08422 -0.09411
v 0.75121 -0.17101 -0.03393
v 0.81741 -0.24137 0.01709
v 0.91178 -0.28458 0.05118
v 1.01996 -0.29407 0.06315
v 1.12547 -0.26839 0.05118
v 1.21226 -0.21146 0.01709
v 1.26710 -0.13193 -0.03393
v 1.28166 -0.04191 -0.09411
v 1.28000 -0.00035 -0.00000
v 1.25880 0.08883 -0.05944
v 1.19820 0.16449 -0.10983
v 1.10742 0.21511 -0.14349
v 1.00029 0.23297 -0.15532
v 0.89312 0.21537 -0.14349
v 0.80222 0.16498 -0.10983
v 0.74143 0.08948 -0.05944
v 0.72000 0.00035 -0.00000
v 0.74120 -0.08883 0.05944
v 0.80180 -0.16449 0.10983
v 0.89258 -0.21511 0.14349
v 0.99971 -0.23297 0.15532
v 1.10688 -0.21537 0.14349
v 1.19778 -0.16498 0.10983
v 1.25857 -0.08948 0.05944
v 1.28000 -0.00035 -0.00000
v 1.28161 0.04126 0.09411
v 1.26726 0.13128 0.03388
v 1.21260 0.21090 -0.01718
v 1.12594 0.26803 -0.05130
v 1.02049 0.29395 -0.06328
v 0.91229 0.28472 -0.05130
v 0.81782 0.24174 -0.01718
v 0.75146 0.17157 0.03388
v 0.72331 0.08488 0.09411
v 0.73765 -0.00514 0.15434
v 0.79231 -0.08477 0.20540
v 0.87897 -0.14189 0.23952
v 0.98442 -0.16781 0.25150
v 1.09262 -0.15858 0.23952
v 1.18709 -0.11560 0.20540
v 1.25345 -0.04543 0.15434
v 1.28161 0.04126 0.09411
v 1.28676 0.08717 0.18738
v 1.27823 0.17640 0.12492
v 1.22881 0.25819 0.07197
v 1.14604 0.32010 0.03660
v 1.04250 0.35269 0.02417
v 0.93398 0.35101 0.03660
v 0.83697 0.31531 0.07197
v 0.76626 0.25102 0.12492
v 0.73262 0.16794 0.18738
v 0.74115 0.07871 0.24984
v 0.79056 -0.00308 0.30279
v 0.87334 -0.06499 0.33817
v 0.97687 -0.09758 0.35059
v 1.08540 -0.09590 0.33817
v 1.18240 -0.06020 0.30279
v 1.25311 0.00409 0.24984
v 1.28676 0.08717 0.18738
v 1.29599 0.14062 0.27899
v 1.29144 0.22767 0.21313
v 1.24577 0.30971 0.15729
v 1.16592 0.37427 0.11999
v 1.06405 0.41151 0.10689
v 0.95567 0.41575 0.11999
v 0.85728 0.38637 0.15729
v 0.78386 0.32782 0.21313
v 0.74659 0.24903 0.27899
v 0.75114 0.16198 0.34485
v 0.79681 0.07993 0.40069
v 0.87667 0.01537 0.43800
v 0.97853 -0.02186 0.45110
v 1.08691 -0.02611 0.43800
v 1.18530 0.00328 0.40069
v 1.25872 0.06182 0.34485
v 1.29599 0.14062 0.27899
v 1.30952 0.20359 0.36812
v 1.30685 0.28734 0.29802
v 1.26304 0.36787 0.23859
v 1.18476 0.43291 0.19888
v 1.08391 0.47256 0.18494
v 0.97587 0.48079 0.19888
v 0.87707 0.45634 0.23859
v 0.80256 0.40294 0.29802
v 0.76368 0.32871 0.36812
v 0.76635 0.24496 0.43823
v 0.81016 0.16444 0.49766
v 0.88845 0.09940 0.53737
v 0.98929 0.05974 0.55131
v 1.09733 0.05152 0.53737
v 1.19613 0.07596 0.49766
v 1.27064 0.12937 0.43823
v 1.30952 0.20359 0.36812
v 1.32692 0.27707 0.45399
v 1.32417 0.35663 0.37916
v 1.28040 0.43406 0.31572
v 1.20228 0.49758 0.27334
v 1.10169 0.53753 0.25845
v 0.99394 0.54781 0.27334
v 0.89545 0.52687 0.31572
v 0.82121 0.47788 0.37916
v 0.78251 0.40832 0.45399
v 0.78526 0.32877 0.52882
v 0.82903 0.25134 0.59226
v 0.90715 0.18781 0.63464
v 1.00775 0.14787 0.64953
v 1.11549 0.13759 0.63464
v 1.21398 0.15853 0.59226
v 1.28822 0.20751 0.52882
v 1.32692 0.27707 0.45399
v 1.34711 0.36147 0.53583
v 1.34271 0.43603 0.45609
v 1.29749 0.50897 0.38850
v 1.21831 0.56920 0.34333
v 1.11725 0.60753 0.32747
v 1.00967 0.61815 0.34333
v 0.91198 0.59943 0.38850
v 0.83902 0.55421 0.45609
v 0.80192 0.48939 0.53583
v 0.80632 0.41484 0.61556
v 0.85155 0.34189 0.68316
v 0.93072 0.28167 0.72832
v 1.03179 0.24333 0.74418
v 1.13936 0.23271 0.72832
v 1.23706 0.25144 0.68316
v 1.31001 0.29665 0.61556
v 1.34711 0.36147 0.53583
v 1.36858 0.45688 0.61291
v 1.36142 0.52568 0.52834
v 1.31365 0.59287 0.45665
v 1.23256 0.64823 0.40875
v 1.13047 0.68332 0.39193
v 1.02294 0.69281 0.40875
v 0.92633 0.67524 0.45665
v 0.85536 0.63330 0.52834
v 0.82083 0.57337 0.61291
v 0.82798 0.50457 0.69747
v 0.87575 0.43738 0.76916
v 0.95685 0.38202 0.81706
v 1.05893 0.34693 0.83388
v 1.16646 0.33745 0.81706
v 1.26307 0.35501 0.76916
v 1.33404 0.39695 0.69747
v 1.36858 0.45688 0.61291
v 1.38948 0.56323 0.68455
v 1.37892 0.62553 0.59543
v 1.32801 0.68583 0.51987
v 1.24449 0.73493 0.46939
v 1.14107 0.76537 0.45166
v 1.03350 0.77251 0.46939
v 0.93816 0.75526 0.51987
v 0.86956 0.71625 0.59543
v 0.83815 0.66142 0.68455
v 0.84870 0.59911 0.77367
v 0.89962 0.53882 0.84922
v 0.98314 0.48972 0.89970
v 1.08656 0.45928 0.91743
v 1.19412 0.45214 0.89970
v 1.28946 0.46939 0.84922
v 1.35806 0.50840 0.77367
v 1.38948 0.56323 0.68455
v 1.40783 0.68026 0.75011
v 1.39368 0.73537 0.65685
v 1.33944 0.78774 0.57778
v 1.25335 0.82938 0.52495
v 1.14853 0.85396 0.50640
v 1.04094 0.85773 0.52495
v 0.94694 0.84013 0.57778
v 0.88086 0.80383 0.65685
v 0.85275 0.75435 0.75011
v 0.86690 0.69924 0.84337
v 0.92114 0.64687 0.92244
v 1.00723 0.60523 0.97527
v 1.11205 0.58065 0.99382
v 1.21965 0.57688 0.97527
v 1.31364 0.59448 0.92244
v 1.37972 0.63078 0.84337
v 1.40783 0.68026 0.75011
v 1.42160 0.80752 0.80902
v 1.40404 0.85483 0.71212
v 1.34666 0.89837 0.62998
v 1.25821 0.93152 0.57509
v 1.15214 0.94922 0.55581
v 1.04460 0.94879 0.57509
v 0.95197 0.93028 0.62998
v 0.88835 0.89652 0.71212
v 0.86342 0.85264 0.80902
v 0.88097 0.80533 0.90591
v 0.93835 0.76178 0.98806
v 1.02680 0.72864 1.04295
v 1.13287 0.71093 1.06222
v 1.24041 0.71137 1.04295
v 1.33304 0.72988 0.98806
v 1.39666 0.76364 0.90591
v 1.42160 0.80752 0.80902
v 1.42874 0.94434 0.86074
v 1.40826 0.98336 0.76077
v 1.34828 1.01736 0.67602
v 1.25794 1.04116 0.61940
v 1.15097 1.05114 0.59951
v 1.04368 1.04578 0.61940
v 0.95239 1.02589 0.67602
v 0.89101 0.99451 0.76077
v 0.86887 0.95641 0.86074
v 0.88935 0.91738 0.96071
v 0.94932 0.88339 1.04546
v 1.03967 0.85959 1.10209
v 1.14663 0.84961 1.12197
v 1.25392 0.85497 1.10209
v 1.34521 0.87485 1.04546
v 1.40660 0.90624 0.96071
v 1.42874 0.94434 0.86074
v 1.42729 1.08982 0.90483
v 1.40463 1.12022 0.80237
v 1.34284 1.14413 0.71551
v 1.25131 1.15793 0.65747
v 1.14399 1.15949 0.63709
v 1.03721 1.14860 0.65747
v 0.94723 1.12690 0.71551
v 0.88775 1.09770 0.80237
v 0.86782 1.06544 0.90483
v 0.89048 1.03504 1.00729
v 0.95228 1.01112 1.09415
v 1.04380 0.99733 1.15219
v 1.15112 0.99576 1.17257
v 1.25790 1.00666 1.15219
v 1.34788 1.02836 1.09415
v 1.40736 1.05756 1.00729
v 1.42729 1.08982 0.90483
v 1.41540 1.24279 0.94088
v 1.39148 1.26442 0.83650
v 1.32885 1.27793 0.74801
v 1.23704 1.28124 0.68888
v 1.13003 1.27387 0.66812
v 1.02412 1.25692 0.68888
v 0.93542 1.23299 0.74801
v 0.87745 1.20570 0.83650
v 0.85902 1.17923 0.94088
v 0.88295 1.15759 1.04526
v 0.94558 1.14409 1.13375
v 1.03739 1.14077 1.19288
v 1.14439 1.14815 1.21364
v 1.25031 1.16509 1.19288
v 1.33900 1.18903 1.13375
v 1.39697 1.21631 1.04526
v 1.41540 1.24279 0.94088
v 1.39138 1.40183 0.96858
v 1.36721 1.41476 0.86283
v 1.30486 1.41774 0.77317
v 1.21380 1.41032 0.71326
v 1.10790 1.39362 0.69222
v 1.00328 1.37020 0.71326
v 0.91588 1.34360 0.77317
v 0.85899 1.31789 0.86283
v 0.84128 1.29698 0.96858
v 0.86544 1.28405 1.07434
v 0.92780 1.28107 1.16400
v 1.01886 1.28850 1.22391
v 1.12475 1.30519 1.24494
v 1.22937 1.32862 1.22391
v 1.31677 1.35521 1.16400
v 1.37366 1.38092 1.07434
v 1.39138 1.40183 0.96858
v 1.35371 1.56530 0.98769
v 1.33039 1.56978 0.88105
v 1.26950 1.56234 0.79065
v 1.18031 1.54412 0.73024
v 1.07640 1.51788 0.70903
v 0.97359 1.48762 0.73024
v 0.88753 1.45794 0.79065
v 0.83133 1.43338 0.88105
v 0.81353 1.41765 0.98769
v 0.83685 1.41317 1.09433
v 0.89774 1.42061 1.18473
v 0.98693 1.43883 1.24514
v 1.09084 1.46507 1.26635
v 1.19365 1.49534 1.24514
v 1.27971 1.52501 1.18473
v 1.33592 1.54958 1.09433
v 1.35371 1.56530 0.98769
v 1.30116 1.73131 0.99803
v 1.27975 1.72781 0.89095
v 1.22154 1.71027 0.80018
v 1.13540 1.68137 0.73952
v 1.03442 1.64551 0.71822
v 0.93399 1.60815 0.73952
v 0.84940 1.57497 0.80018
v 0.79352 1.55103 0.89095
v 0.77486 1.53997 0.99803
v 0.79627 1.54347 1.10510
v 0.85447 1.56101 1.19588
v 0.94062 1.58991 1.25653
v 1.04160 1.62577 1.27783
v 1.14203 1.66313 1.25653
v 1.22662 1.69631 1.19588
v 1.28250 1.72025 1.10510
v 1.30116 1.73131 0.99803
v 1.23271 1.89781 0.99951
v 1.21425 1.88695 0.89238
v 1.15992 1.85983 0.80155
v 1.07799 1.82058 0.74087
v 0.98094 1.77517 0.71956
v 0.88353 1.73052 0.74087
v 0.80061 1.69342 0.80155
v 0.74478 1.66953 0.89238
v 0.72456 1.66247 0.99951
v 0.74303 1.67333 1.10664
v 0.79736 1.70044 1.19746
v 0.87929 1.73970 1.25814
v 0.97634 1.78510 1.27945
v 1.07375 1.82976 1.25814
v 1.15667 1.86685 1.19746
v 1.21249 1.89075 1.10664
v 1.23271 1.89781 0.99951
v 1.14770 2.06256 0.99211
v 1.13312 2.04515 0.88525
v 1.08380 2.00915 0.79465
v 1.00725 1.96005 0.73412
v 0.91512 1.90531 0.71286
v 0.82144 1.85328 0.73412
v 0.74046 1.81187 0.79465
v 0.68453 1.78739 0.88525
v 0.66215 1.78356 0.99211
v 0.67672 1.80097 1.09898
v 0.72604 1.83697 1.18957
v 0.80260 1.88607 1.25011
v 0.89473 1.94080 1.27137
v 0.98841 1.99284 1.25011
v 1.06938 2.03425 1.18957
v 1.12532 2.05873 1.09898
v 1.14770 2.06256 0.99211
v 1.04575 2.22322 0.97592
v 1.03587 2.20019 0.86958
v 0.99260 2.15618 0.77943
v 0.92253 2.09789 0.71919
v 0.83633 2.03420 0.69804
v 0.74712 1.97479 0.71919
v 0.66847 1.92872 0.77943
v 0.61238 1.90299 0.86958
v 0.58736 1.90153 0.97592
v 0.59724 1.92456 1.08225
v 0.64050 1.96857 1.17240
v 0.71057 2.02686 1.23264
v 0.79678 2.09056 1.25379
v 0.88599 2.14997 1.23264
v 0.96463 2.19604 1.17240
v 1.02073 2.22176 1.08225
v 1.04575 2.22322 0.97592
v 0.92683 2.37739 0.95106
v 0.92233 2.34979 0.84545
v 0.88604 2.29877 0.75592
v 0.82348 2.23211 0.69609
v 0.74419 2.15995 0.67509
v 0.66023 2.09328 0.69609
v 0.58438 2.04225 0.75592
v 0.52819 2.01463 0.84545
v 0.50022 2.01462 0.95106
v 0.50472 2.04223 1.05667
v 0.54101 2.09324 1.14620
v 0.60357 2.15991 1.20602
v 0.68286 2.23206 1.22703
v 0.76683 2.29873 1.20602
v 0.84267 2.34976 1.14620
v 0.89886 2.37738 1.05667
v 0.92683 2.37739 0.95106
v 0.79128 2.52264 0.91775
v 0.79267 2.49157 0.81302
v 0.76413 2.43467 0.72424
v 0.71002 2.36058 0.66491
v 0.63858 2.28060 0.64408
v 0.56067 2.20690 0.66491
v 0.48817 2.15069 0.72424
v 0.43210 2.12054 0.81302
v 0.40101 2.12103 0.91775
v 0.39963 2.15210 1.02249
v 0.42816 2.20901 1.11127
v 0.48227 2.28309 1.17060
v 0.55371 2.36307 1.19143
v 0.63162 2.43678 1.17060
v 0.70413 2.49298 1.11127
v 0.76019 2.52313 1.02249
v 0.79128 2.52264 0.91775
v 0.63979 2.65656 0.87631
v 0.64740 2.62321 0.77255
v 0.62725 2.56162 0.68459
v 0.58240 2.48119 0.62582
v 0.51968 2.39414 0.60518
v 0.44864 2.31375 0.62582
v 0.38010 2.25224 0.68459
v 0.32449 2.21897 0.77255
v 0.29028 2.21903 0.87631
v 0.28267 2.25238 0.98006
v 0.30282 2.31397 1.06802
v 0.34767 2.39440 1.12679
v 0.41039 2.48145 1.14743
v 0.48143 2.56184 1.12679
v 0.54997 2.62335 1.06802
v 0.60558 2.65662 0.98006
v 0.63979 2.65656 0.87631
v 0.47339 2.77685 0.82708
v 0.48738 2.74239 0.72436
v 0.47606 2.67739 0.63727
v 0.44115 2.59177 0.57909
v 0.38797 2.49856 0.55865
v 0.32460 2.41193 0.57909
v 0.26071 2.34510 0.63727
v 0.20601 2.30822 0.72436
v 0.16884 2.30691 0.82708
v 0.15484 2.34138 0.92980
v 0.16617 2.40637 1.01689
v 0.20108 2.49199 1.07508
v 0.25426 2.58521 1.09551
v 0.31763 2.67183 1.07508
v 0.38152 2.73867 1.01689
v 0.43622 2.77554 0.92980
v 0.47339 2.77685 0.82708
v 0.29347 2.88132 0.77051
v 0.31382 2.84692 0.66884
v 0.31161 2.77983 0.58264
v 0.28717 2.69027 0.52505
v 0.24422 2.59187 0.50482
v 0.18930 2.49961 0.52505
v 0.13078 2.42755 0.58264
v 0.07756 2.38664 0.66884
v 0.03774 2.38312 0.77051
v 0.01739 2.41752 0.87219
v 0.01960 2.48461 0.95838
v 0.04404 2.57417 1.01598
v 0.08699 2.67257 1.03620
v 0.14191 2.76483 1.01598
v 0.20043 2.83689 0.95838
v 0.25365 2.87780 0.87219
v 0.29347 2.88132 0.77051
v 0.10172 2.96798 0.70711
v 0.12823 2.93476 0.60646
v 0.13522 2.86689 0.52114
v 0.12162 2.77469 0.46413
v 0.08951 2.67221 0.44411
v 0.04377 2.57503 0.46413
v -0.00863 2.49796 0.52114
v -0.05972 2.45274 0.60646
v -0.10172 2.44624 0.70711
v -0.12823 2.47945 0.80775
v -0.13522 2.54732 0.89308
v -0.12162 2.63952 0.95009
v -0.08951 2.74201 0.97011
v -0.04377 2.83918 0.95009
v 0.00863 2.91625 0.89308
v 0.05972 2.96148 0.80775
v 0.10172 2.96798 0.70711
v -0.09987 3.03506 0.63742
v -0.06756 3.00410 0.53776
v -0.05146 2.93674 0.45327
v -0.05400 2.84324 0.39681
v -0.07481 2.73784 0.37699
v -0.11071 2.63658 0.39681
v -0.15624 2.55488 0.45327
v -0.20447 2.50517 0.53776
v -0.24806 2.49503 0.63742
v -0.28036 2.52599 0.73709
v -0.29647 2.59335 0.82158
v -0.29392 2.68685 0.87804
v -0.27311 2.79225 0.89786
v -0.23721 2.89352 0.87804
v -0.19168 2.97522 0.82158
v -0.14345 3.02492 0.73709
v -0.09987 3.03506 0.63742
v -0.30903 3.08110 0.56208
v -0.27146 3.05334 0.46332
v -0.24650 2.98774 0.37960
v -0.23796 2.89429 0.32366
v -0.24713 2.78722 0.30401
v -0.27262 2.68281 0.32366
v -0.31056 2.59698 0.37960
v -0.35515 2.54278 0.46332
v -0.39962 2.52848 0.56208
v -0.43720 2.55623 0.66084
v -0.46216 2.62183 0.74457
v -0.47070 2.71528 0.80051
v -0.46152 2.82236 0.82015
v -0.43603 2.92676 0.80051
v -0.39810 3.01260 0.74457
v -0.35350 3.06679 0.66084
v -0.30903 3.08110 0.56208
v -0.52331 3.10492 0.48175
v -0.48112 3.08121 0.38381
v -0.44774 3.01855 0.30077
v -0.42825 2.92648 0.24529
v -0.42562 2.81901 0.22580
v -0.44023 2.71251 0.24529
v -0.46989 2.62319 0.30077
v -0.51005 2.56465 0.38381
v -0.55462 2.54580 0.48175
v -0.59681 2.56951 0.57970
v -0.63019 2.63217 0.66274
v -0.64968 2.72424 0.71822
v -0.65232 2.83171 0.73771
v -0.63770 2.93821 0.71822
v -0.60805 3.02753 0.66274
v -0.56788 3.08607 0.57970
v -0.52331 3.10492 0.48175
v -0.74007 3.10571 0.39715
v -0.69405 3.08675 0.29990
v -0.65283 3.02810 0.21745
v -0.62269 2.93870 0.16236
v -0.60822 2.83216 0.14302
v -0.61163 2.72469 0.16236
v -0.63239 2.63265 0.21745
v -0.66734 2.57007 0.29990
v -0.71116 2.54646 0.39715
v -0.75719 2.56542 0.49440
v -0.79840 2.62407 0.57685
v -0.82854 2.71347 0.63193
v -0.84301 2.82002 0.65128
v -0.83960 2.92749 0.63193
v -0.81884 3.01952 0.57685
v -0.78389 3.08211 0.49440
v -0.74007 3.10571 0.39715
v -0.95656 3.08304 0.30902
v -0.90756 3.06936 0.21233
v -0.85923 3.01569 0.13037
v -0.81891 2.93018 0.07560
v -0.79276 2.82586 0.05637
v -0.78475 2.71862 0.07560
v -0.79610 2.62477 0.13037
v -0.82509 2.55861 0.21233
v -0.86729 2.53020 0.30902
v -0.91629 2.54388 0.40570
v -0.96463 2.59756 0.48766
v -1.00494 2.68306 0.54243
v -1.03109 2.78738 0.56166
v -1.03910 2.89463 0.54243
v -1.02775 2.98847 0.48766
v -0.99877 3.05464 0.40570
v -0.95656 3.08304 0.30902
v -1.16998 3.03685 0.21814
v -1.11893 3.02883 0.12189
v -1.06431 2.98093 0.04029
v -1.01444 2.90046 -0.01424
v -0.97692 2.79966 -0.03338
v -0.95744 2.69388 -0.01424
v -0.95899 2.59922 0.04029
v -0.98132 2.53009 0.12189
v -1.02103 2.49702 0.21814
v -1.07209 2.50505 0.31440
v -1.12670 2.55294 0.39600
v -1.17657 2.63341 0.45052
v -1.21410 2.73422 0.46967
v -1.23357 2.84000 0.45052
v -1.23203 2.93466 0.39600
v -1.20970 3.00378 0.31440
v -1.16998 3.03685 0.21814
v -1.37753 2.96749 0.12533
v -1.32538 2.96531 0.02936
v -1.26540 2.92386 -0.05200
v -1.20673 2.84944 -0.10637
v -1.15830 2.75339 -0.12546
v -1.12748 2.65033 -0.10637
v -1.11896 2.55595 -0.05200
v -1.13404 2.48462 0.02936
v -1.17043 2.44720 0.12533
v -1.22258 2.44938 0.22131
v -1.28256 2.49083 0.30267
v -1.34123 2.56525 0.35704
v -1.38966 2.66130 0.37613
v -1.42049 2.76436 0.35704
v -1.42900 2.85874 0.30267
v -1.41392 2.93007 0.22131
v -1.37753 2.96749 0.12533
v -1.57648 2.87571 0.03141
v -1.52417 2.87938 -0.06444
v -1.45982 2.84486 -0.14569
v -1.39322 2.77739 -0.19998
v -1.33450 2.68726 -0.21905
v -1.29261 2.58817 -0.19998
v -1.27392 2.49523 -0.14569
v -1.28128 2.42257 -0.06444
v -1.31357 2.38126 0.03141
v -1.36587 2.37759 0.12726
v -1.43023 2.41212 0.20851
v -1.49683 2.47958 0.26281
v -1.55555 2.56972 0.28187
v -1.59744 2.66880 0.26281
v -1.61613 2.76175 0.20851
v -1.60877 2.83440 0.12726
v -1.57648 2.87571 0.03141
v -1.76421 2.76263 -0.06279
v -1.71267 2.77198 -0.15867
v -1.64496 2.74470 -0.23995
v -1.57138 2.68493 -0.29425
v -1.50314 2.60177 -0.31333
v -1.45062 2.50789 -0.29425
v -1.42182 2.41758 -0.23995
v -1.42112 2.34458 -0.15867
v -1.44864 2.30001 -0.06279
v -1.50017 2.29065 0.03308
v -1.56789 2.31794 0.11436
v -1.64147 2.37771 0.16867
v -1.70971 2.46086 0.18774
v -1.76223 2.55474 0.16867
v -1.79103 2.64506 0.11436
v -1.79172 2.71806 0.03308
v -1.76421 2.76263 -0.06279
v -1.93830 2.62972 -0.15643
v -1.88838 2.64442 -0.25249
v -1.81832 2.62452 -0.33393
v -1.73880 2.57304 -0.38834
v -1.66191 2.49781 -0.40745
v -1.59936 2.41030 -0.38834
v -1.56068 2.32382 -0.33393
v -1.55175 2.25154 -0.25249
v -1.57394 2.20447 -0.15643
v -1.62386 2.18976 -0.06038
v -1.69391 2.20966 0.02106
v -1.77344 2.26114 0.07547
v -1.85033 2.33637 0.09458
v -1.91288 2.42388 0.07547
v -1.95156 2.51036 0.02106
v -1.96049 2.58264 -0.06038
v -1.93830 2.62972 -0.15643
v -2.09656 2.47879 -0.24869
v -2.04902 2.49836 -0.34508
v -1.97760 2.48580 -0.42680
v -1.89319 2.44303 -0.48141
v -1.80864 2.37656 -0.50058
v -1.73681 2.29650 -0.48141
v -1.68865 2.21505 -0.42680
v -1.67149 2.14460 -0.34508
v -1.68793 2.09588 -0.24869
v -1.73548 2.07631 -0.15230
v -1.80689 2.08886 -0.07058
v -1.89130 2.13163 -0.01597
v -1.97585 2.19811 0.00320
v -2.04768 2.27817 -0.01597
v -2.09584 2.35962 -0.07058
v -2.11301 2.43007 -0.15230
v -2.09656 2.47879 -0.24869
v -2.23709 2.31192 -0.33874
v -2.19255 2.33574 -0.43561
v -2.12071 2.33034 -0.51774
v -2.03249 2.29655 -0.57262
v -1.94133 2.23950 -0.59188
v -1.86111 2.16788 -0.57262
v -1.80404 2.09260 -0.51774
v -1.77881 2.02511 -0.43561
v -1.78926 1.97570 -0.33874
v -1.83379 1.95188 -0.24186
v -1.90564 1.95728 -0.15974
v -1.99385 1.99107 -0.10486
v -2.08501 2.04812 -0.08559
v -2.16523 2.11974 -0.10486
v -2.22230 2.19502 -0.15974
v -2.24753 2.26251 -0.24186
v -2.23709 2.31192 -0.33874
v -2.35828 2.13145 -0.42578
v -2.31726 2.15880 -0.52327
v -2.24582 2.16022 -0.60592
v -2.15486 2.13549 -0.66115
v -2.05821 2.08839 -0.68054
v -1.97059 2.02608 -0.66115
v -1.90534 1.95804 -0.60592
v -1.87240 1.89464 -0.52327
v -1.87677 1.84553 -0.42578
v -1.91780 1.81818 -0.32829
v -1.98923 1.81677 -0.24564
v -2.08020 1.84149 -0.19041
v -2.17685 1.88859 -0.17102
v -2.26446 1.95091 -0.19041
v -2.32971 2.01894 -0.24564
v -2.36266 2.08234 -0.32829
v -2.35828 2.13145 -0.42578
v -2.45891 1.93988 -0.50904
v -2.42174 1.96995 -0.60727
v -2.35145 1.97772 -0.69055
v -2.25875 1.96202 -0.74619
v -2.15776 1.92523 -0.76573
v -2.06384 1.87295 -0.74619
v -1.99129 1.81315 -0.69055
v -1.95117 1.75492 -0.60727
v -1.94957 1.70713 -0.50904
v -1.98674 1.67706 -0.41081
v -2.05703 1.66929 -0.32753
v -2.14973 1.68499 -0.27189
v -2.25072 1.72178 -0.25235
v -2.34464 1.77406 -0.27189
v -2.41719 1.83386 -0.32753
v -2.45731 1.89209 -0.41081
v -2.45891 1.93988 -0.50904
v -2.53811 1.73984 -0.58779
v -2.50496 1.77178 -0.68687
v -2.43643 1.78535 -0.77086
v -2.34295 1.77848 -0.82699
v -2.23875 1.75221 -0.84669
v -2.13970 1.71056 -0.82699
v -2.06087 1.65985 -0.77086
v -2.01426 1.60781 -0.68687
v -2.00698 1.56236 -0.58779
v -2.04012 1.53041 -0.48871
v -2.10865 1.51685 -0.40471
v -2.20213 1.52372 -0.34858
v -2.30633 1.54998 -0.32888
v -2.40539 1.59164 -0.34858
v -2.48422 1.64235 -0.40471
v -2.53082 1.69439 -0.48871
v -2.53811 1.73984 -0.58779
v -2.59539 1.53405 -0.66131
v -2.56628 1.56698 -0.76133
v -2.49997 1.58570 -0.84612
v -2.40658 1.58735 -0.90277
v -2.30030 1.57168 -0.92267
v -2.19733 1.54107 -0.90277
v -2.11334 1.50019 -0.84612
v -2.06111 1.45526 -0.76133
v -2.04860 1.41312 -0.66131
v -2.07771 1.38018 -0.56130
v -2.14402 1.36147 -0.47651
v -2.23742 1.35982 -0.41985
v -2.34369 1.37549 -0.39996
v -2.44666 1.40609 -0.41985
v -2.53065 1.44697 -0.47651
v -2.58288 1.49190 -0.56130
v -2.59539 1.53405 -0.66131
v -2.63066 1.32520 -0.72897
v -2.60541 1.35827 -0.82999
v -2.54166 1.38145 -0.91563
v -2.44911 1.39121 -0.97285
v -2.34184 1.38605 -0.99294
v -2.23620 1.36678 -0.97285
v -2.14826 1.33632 -0.91563
v -2.09141 1.29931 -0.82999
v -2.07431 1.26138 -0.72897
v -2.09956 1.22831 -0.62795
v -2.16331 1.20513 -0.54231
v -2.25587 1.19537 -0.48509
v -2.36313 1.20053 -0.46500
v -2.46877 1.21980 -0.48509
v -2.55671 1.25026 -0.54231
v -2.61356 1.28728 -0.62795
v -2.63066 1.32520 -0.72897
v -2.64421 1.11598 -0.79016
v -2.62249 1.14836 -0.89221
v -2.56146 1.17528 -0.97873
v -2.47040 1.19265 -1.03654
v -2.36317 1.19782 -1.05684
v -2.25611 1.19000 -1.03654
v -2.16551 1.17039 -0.97873
v -2.10516 1.14197 -0.89221
v -2.08425 1.10906 -0.79016
v -2.10597 1.07668 -0.68810
v -2.16700 1.04976 -0.60158
v -2.25806 1.03239 -0.54377
v -2.36528 1.02722 -0.52347
v -2.47235 1.03504 -0.54377
v -2.56295 1.05465 -0.60158
v -2.62330 1.08308 -0.68810
v -2.64421 1.11598 -0.79016
v -2.63667 0.90895 -0.84433
v -2.61800 0.93988 -0.94743
v -2.55971 0.96984 -1.03484
v -2.47067 0.99426 -1.09324
v -2.36444 1.00944 -1.11375
v -2.25719 1.01305 -1.09324
v -2.16525 1.00456 -1.03484
v -2.10262 0.98524 -0.94743
v -2.07883 0.95805 -0.84433
v -2.09750 0.92712 -0.74122
v -2.15580 0.89716 -0.65382
v -2.24484 0.87274 -0.59541
v -2.35107 0.85756 -0.57490
v -2.45832 0.85395 -0.59541
v -2.55025 0.86244 -0.65382
v -2.61288 0.88176 -0.74122
v -2.63667 0.90895 -0.84433
v -2.60905 0.70652 -0.89101
v -2.59279 0.73533 -0.99513
v -2.53711 0.76764 -1.08340
v -2.45049 0.79854 -1.14238
v -2.34612 0.82331 -1.16309
v -2.23989 0.83819 -1.14238
v -2.14796 0.84091 -1.08340
v -2.08435 0.83106 -0.99513
v -2.05872 0.81013 -0.89101
v -2.07498 0.78132 -0.78689
v -2.13066 0.74901 -0.69862
v -2.21728 0.71811 -0.63964
v -2.32165 0.69334 -0.61893
v -2.42788 0.67846 -0.63964
v -2.51980 0.67574 -0.69862
v -2.58342 0.68559 -0.78689
v -2.60905 0.70652 -0.89101
v -2.56263 0.51090 -0.92978
v -2.54803 0.53704 -1.03484
v -2.49470 0.57108 -1.12391
v -2.41079 0.60784 -1.18343
v -2.30905 0.64172 -1.20433
v -2.20497 0.66756 -1.18343
v -2.11441 0.68144 -1.12391
v -2.05115 0.68122 -1.03484
v -2.02482 0.66696 -0.92978
v -2.03943 0.64082 -0.82471
v -2.09275 0.60678 -0.73564
v -2.17667 0.57002 -0.67612
v -2.27841 0.53614 -0.65523
v -2.38248 0.51029 -0.67612
v -2.47304 0.49642 -0.73564
v -2.53630 0.49663 -0.82471
v -2.56263 0.51090 -0.92978
v -2.49900 0.32406 -0.96029
v -2.48519 0.34711 -1.06619
v -2.43385 0.38233 -1.15596
v -2.35279 0.42435 -1.21595
v -2.25435 0.46679 -1.23701
v -2.15351 0.50317 -1.21595
v -2.06563 0.52797 -1.15596
v -2.00409 0.53740 -1.06619
v -1.97825 0.53002 -0.96029
v -1.99205 0.50697 -0.85440
v -2.04340 0.47175 -0.76462
v -2.12446 0.42973 -0.70464
v -2.22290 0.38729 -0.68358
v -2.32374 0.35091 -0.70464
v -2.41162 0.32611 -0.76462
v -2.47316 0.31668 -0.85440
v -2.49900 0.32406 -0.96029
v -2.41995 0.14770 -0.98229
v -2.40603 0.16738 -1.08884
v -2.35619 0.20332 -1.17918
v -2.27802 0.25004 -1.23954
v -2.18343 0.30043 -1.26073
v -2.08682 0.34682 -1.23954
v -2.00289 0.38215 -1.17918
v -1.94442 0.40103 -1.08884
v -1.92031 0.40060 -0.98229
v -1.93424 0.38092 -0.87573
v -1.98408 0.34498 -0.78540
v -2.06224 0.29826 -0.72504
v -2.15683 0.24787 -0.70384
v -2.25345 0.20148 -0.72504
v -2.33738 0.16616 -0.78540
v -2.39585 0.14727 -0.87573
v -2.41995 0.14770 -0.98229
v -2.32750 -0.01678 -0.99556
v -2.31248 -0.00059 -1.10256
v -2.26359 0.03571 -1.19326
v -2.18826 0.08659 -1.25387
v -2.09798 0.14431 -1.27515
v -2.00647 0.20007 -1.25387
v -1.92768 0.24539 -1.19326
v -1.87360 0.27338 -1.10256
v -1.85245 0.27976 -0.99556
v -1.86747 0.26357 -0.88857
v -1.91637 0.22727 -0.79786
v -1.99169 0.17639 -0.73725
v -2.08198 0.11867 -0.71597
v -2.17348 0.06291 -0.73725
v -2.25227 0.01759 -0.79786
v -2.30636 -0.01040 -0.88857
v -2.32750 -0.01678 -0.99556
v -2.22377 -0.16830 -1.00000
v -2.20668 -0.15557 -1.10715
v -2.15812 -0.11915 -1.19799
v -2.08549 -0.06459 -1.25869
v -1.99985 -0.00020 -1.28000
v -1.91423 0.06422 -1.25869
v -1.84166 0.11887 -1.19799
v -1.79320 0.15542 -1.10715
v -1.77623 0.16830 -1.00000
v -1.79332 0.15557 -0.89285
v -1.84188 0.11915 -0.80201
v -1.91451 0.06459 -0.74131
v -2.00015 0.00020 -0.72000
v -2.08577 -0.06422 -0.74131
v -2.15834 -0.11887 -0.80201
v -2.20680 -0.15542 -0.89285
v -2.22377 -0.16830 -1.00000
v -2.11101 -0.30614 -0.99556
v -2.09089 -0.29667 -1.10253
v -2.04203 -0.26026 -1.19321
v -1.97187 -0.20244 -1.25380
v -1.89110 -0.13203 -1.27507
v -1.81201 -0.05973 -1.25380
v -1.74663 0.00344 -1.19321
v -1.70493 0.04787 -1.10253
v -1.69325 0.06679 -0.99556
v -1.71337 0.05733 -0.88860
v -1.76223 0.02092 -0.79792
v -1.83239 -0.03690 -0.73733
v -1.91316 -0.10732 -0.71605
v -1.99226 -0.17961 -0.73733
v -2.05763 -0.24279 -0.79792
v -2.09933 -0.28722 -0.88860
v -2.11101 -0.30614 -0.99556
v -1.99149 -0.42988 -0.98229
v -1.96745 -0.42335 -1.08866
v -1.91765 -0.38696 -1.17884
v -1.84969 -0.32625 -1.23909
v -1.77391 -0.25045 -1.26025
v -1.70184 -0.17111 -1.23909
v -1.64447 -0.10031 -1.17884
v -1.61052 -0.04882 -1.08866
v -1.60516 -0.02448 -0.98229
v -1.62921 -0.03101 -0.87592
v -1.67900 -0.06740 -0.78574
v -1.74696 -0.12811 -0.72548
v -1.82274 -0.20391 -0.70433
v -1.89481 -0.28325 -0.72548
v -1.95218 -0.35406 -0.78574
v -1.98613 -0.40554 -0.87592
v -1.99149 -0.42988 -0.98229
v -1.86750 -0.53946 -0.96029
v -1.83873 -0.53543 -1.06561
v -1.78739 -0.49898 -1.15489
v -1.72130 -0.43566 -1.21455
v -1.65053 -0.35511 -1.23550
v -1.58584 -0.26959 -1.21455
v -1.53710 -0.19213 -1.15489
v -1.51171 -0.13451 -1.06561
v -1.51355 -0.10551 -0.96029
v -1.54232 -0.10954 -0.85498
v -1.59366 -0.14599 -0.76570
v -1.65975 -0.20931 -0.70604
v -1.73052 -0.28986 -0.68509
v -1.79521 -0.37538 -0.70604
v -1.84395 -0.45284 -0.76570
v -1.86934 -0.51046 -0.85498
v -1.86750 -0.53946 -0.96029
v -1.74128 -0.63515 -0.92978
v -1.70709 -0.63307 -1.03352
v -1.65365 -0.59640 -1.12147
v -1.58909 -0.53072 -1.18024
v -1.52324 -0.44603 -1.20087
v -1.46612 -0.35521 -1.18024
v -1.42643 -0.27210 -1.12147
v -1.41021 -0.20935 -1.03352
v -1.41994 -0.17652 -0.92978
v -1.45412 -0.17859 -0.82603
v -1.50756 -0.21526 -0.73808
v -1.57213 -0.28094 -0.67932
v -1.63798 -0.36563 -0.65868
v -1.69510 -0.45645 -0.67932
v -1.73478 -0.53956 -0.73808
v -1.75100 -0.60231 -0.82603
v -1.74128 -0.63515 -0.92978
v -1.61496 -0.71751 -0.89101
v -1.57485 -0.71681 -0.99262
v -1.51882 -0.67972 -1.07877
v -1.45542 -0.61188 -1.13633
v -1.39429 -0.52362 -1.15655
v -1.34474 -0.42837 -1.13633
v -1.31430 -0.34064 -1.07877
v -1.30763 -0.27379 -0.99262
v -1.32573 -0.23798 -0.89101
v -1.36584 -0.23868 -0.78939
v -1.42186 -0.27577 -0.70324
v -1.48527 -0.34361 -0.64568
v -1.54640 -0.43187 -0.62547
v -1.59595 -0.52712 -0.64568
v -1.62638 -0.61484 -0.70324
v -1.63305 -0.68170 -0.78939
v -1.61496 -0.71751 -0.89101
v -1.49058 -0.78739 -0.84433
v -1.44420 -0.78750 -0.94324
v -1.38520 -0.74978 -1.02710
v -1.32257 -0.67996 -1.08313
v -1.26584 -0.58869 -1.10280
v -1.22366 -0.48985 -1.08313
v -1.20244 -0.39849 -1.02710
v -1.20541 -0.32853 -0.94324
v -1.23213 -0.29060 -0.84433
v -1.27851 -0.29050 -0.74541
v -1.33751 -0.32822 -0.66156
v -1.40014 -0.39803 -0.60553
v -1.45686 -0.48931 -0.58585
v -1.49905 -0.58815 -0.60553
v -1.52027 -0.67950 -0.66156
v -1.51730 -0.74947 -0.74541
v -1.49058 -0.78739 -0.84433
v -1.37003 -0.84591 -0.79016
v -1.31721 -0.84632 -0.88579
v -1.25493 -0.80779 -0.96686
v -1.19268 -0.73620 -1.02103
v -1.13992 -0.64244 -1.04006
v -1.10470 -0.54079 -1.02103
v -1.09237 -0.44672 -0.96686
v -1.10481 -0.37456 -0.88579
v -1.14013 -0.33528 -0.79016
v -1.19295 -0.33487 -0.69452
v -1.25523 -0.37340 -0.61345
v -1.31748 -0.44499 -0.55928
v -1.37024 -0.53875 -0.54025
v -1.40546 -0.64040 -0.55928
v -1.41779 -0.73447 -0.61345
v -1.40535 -0.80664 -0.69452
v -1.37003 -0.84591 -0.79016
v -1.25502 -0.89438 -0.72897
v -1.19579 -0.89472 -0.82077
v -1.13002 -0.85533 -0.89860
v -1.06770 -0.78220 -0.95061
v -1.01833 -0.68647 -0.96887
v -0.98942 -0.58270 -0.95061
v -0.98538 -0.48671 -0.89860
v -1.00681 -0.41310 -0.82077
v -1.05046 -0.37307 -0.72897
v -1.10969 -0.37273 -0.63716
v -1.17546 -0.41212 -0.55933
v -1.23778 -0.48525 -0.50733
v -1.28715 -0.58098 -0.48907
v -1.31606 -0.68474 -0.50733
v -1.32011 -0.78074 -0.55933
v -1.29867 -0.85435 -0.63716
v -1.25502 -0.89438 -0.72897
v -1.14708 -0.93426 -0.66131
v -1.08166 -0.93439 -0.74881
v -1.01223 -0.89423 -0.82299
v -0.94936 -0.81989 -0.87255
v -0.90262 -0.72269 -0.88996
v -0.87913 -0.61743 -0.87255
v -0.88246 -0.52012 -0.82299
v -0.91210 -0.44559 -0.74881
v -0.96355 -0.40519 -0.66131
v -1.02897 -0.40505 -0.57381
v -1.09840 -0.44521 -0.49964
v -1.16127 -0.51955 -0.45007
v -1.20801 -0.61676 -0.43267
v -1.23151 -0.72202 -0.45007
v -1.22818 -0.81932 -0.49964
v -1.19853 -0.89385 -0.57381
v -1.14708 -0.93426 -0.66131
v -1.04757 -0.96713 -0.58779
v -0.97632 -0.96721 -0.67061
v -0.90313 -0.92661 -0.74082
v -0.83913 -0.85152 -0.78774
v -0.79407 -0.75336 -0.80421
v -0.77481 -0.64709 -0.78774
v -0.78427 -0.54889 -0.74082
v -0.82103 -0.47369 -0.67061
v -0.87948 -0.43295 -0.58779
v -0.95073 -0.43288 -0.50496
v -1.02392 -0.47348 -0.43475
v -1.08792 -0.54857 -0.38783
v -1.13298 -0.64672 -0.37136
v -1.15225 -0.75299 -0.38783
v -1.14278 -0.85120 -0.43475
v -1.10602 -0.92640 -0.50496
v -1.04757 -0.96713 -0.58779
v -0.95762 -0.99457 -0.50904
v -0.88107 -0.99510 -0.58698
v -0.80402 -0.95469 -0.65306
v -0.73820 -0.87950 -0.69721
v -0.69364 -0.78096 -0.71271
v -0.67712 -0.67408 -0.69721
v -0.69115 -0.57514 -0.65306
v -0.73360 -0.49919 -0.58698
v -0.79800 -0.45781 -0.50904
v -0.87456 -0.45728 -0.43110
v -0.95161 -0.49769 -0.36503
v -1.01742 -0.57288 -0.32088
v -1.06199 -0.67142 -0.30537
v -1.07851 -0.77830 -0.32088
v -1.06448 -0.87724 -0.36503
v -1.02203 -0.95319 -0.43110
v -0.95762 -0.99457 -0.50904
v -0.87815 -1.01809 -0.42578
v -0.79695 -1.01999 -0.49885
v -0.71596 -0.98075 -0.56079
v -0.64752 -0.90633 -0.60218
v -0.60204 -0.80807 -0.61671
v -0.58644 -0.70091 -0.60218
v -0.60311 -0.60119 -0.56079
v -0.64950 -0.52408 -0.49885
v -0.71855 -0.48131 -0.42578
v -0.79975 -0.47940 -0.35271
v -0.88073 -0.51865 -0.29077
v -0.94918 -0.59307 -0.24938
v -0.99466 -0.69133 -0.23485
v -1.01025 -0.79848 -0.24938
v -0.99358 -0.89820 -0.29077
v -0.94720 -0.97532 -0.35271
v -0.87815 -1.01809 -0.42578
v -0.80966 -1.03896 -0.33874
v -0.72466 -1.04356 -0.40722
v -0.63971 -1.00683 -0.46527
v -0.56775 -0.93435 -0.50406
v -0.51974 -0.83717 -0.51768
v -0.50297 -0.73007 -0.50406
v -0.52001 -0.62937 -0.46527
v -0.56826 -0.55040 -0.40722
v -0.64037 -0.50517 -0.33874
v -0.72537 -0.50057 -0.27026
v -0.81032 -0.53730 -0.21221
v -0.88228 -0.60978 -0.17341
v -0.93030 -0.70696 -0.15979
v -0.94706 -0.81405 -0.17341
v -0.93003 -0.91476 -0.21221
v -0.88178 -0.99373 -0.27026
v -0.80966 -1.03896 -0.33874
v -0.75211 -1.05823 -0.24869
v -0.66438 -1.06710 -0.31319
v -0.57560 -1.03450 -0.36788
v -0.49927 -0.96540 -0.40441
v -0.44703 -0.87031 -0.41724
v -0.42682 -0.76371 -0.40441
v -0.44173 -0.66184 -0.36788
v -0.48947 -0.58019 -0.31319
v -0.56279 -0.53121 -0.24869
v -0.65052 -0.52234 -0.18419
v -0.73930 -0.55494 -0.12950
v -0.81563 -0.62404 -0.09297
v -0.86787 -0.71913 -0.08014
v -0.88808 -0.82573 -0.09297
v -0.87317 -0.92760 -0.12950
v -0.82543 -1.00925 -0.18419
v -0.75211 -1.05823 -0.24869
v -0.70447 -1.07670 -0.15643
v -0.61536 -1.09138 -0.21793
v -0.52317 -1.06459 -0.27006
v -0.44191 -1.00041 -0.30489
v -0.38396 -0.90861 -0.31712
v -0.35814 -0.80316 -0.30489
v -0.36839 -0.70012 -0.27006
v -0.41314 -0.61517 -0.21793
v -0.48558 -0.56125 -0.15643
v -0.57468 -0.54657 -0.09494
v -0.66688 -0.57336 -0.04281
v -0.74814 -0.63754 -0.00798
v -0.80608 -0.72935 0.00425
v -0.83190 -0.83480 -0.00798
v -0.82165 -0.93784 -0.04281
v -0.77690 -1.02278 -0.09494
v -0.70447 -1.07670 -0.15643
v -0.66443 -1.09525 -0.06279
v -0.57555 -1.11679 -0.12255
v -0.48078 -1.09711 -0.17322
v -0.39456 -1.03919 -0.20707
v -0.33000 -0.95186 -0.21896
v -0.29693 -0.84841 -0.20707
v -0.30040 -0.74460 -0.17322
v -0.33987 -0.65622 -0.12255
v -0.40933 -0.59673 -0.06279
v -0.49822 -0.57519 -0.00303
v -0.59298 -0.59488 0.04764
v -0.67921 -0.65280 0.08149
v -0.74377 -0.74013 0.09338
v -0.77683 -0.84357 0.08149
v -0.77337 -0.94739 0.04764
v -0.73390 -1.03577 -0.00303
v -0.66443 -1.09525 -0.06279
v -0.62857 -1.11531 0.03141
v -0.54150 -1.14379 -0.02812
v -0.44538 -1.13161 -0.07859
v -0.35482 -1.08063 -0.11231
v -0.28363 -0.99861 -0.12415
v -0.24264 -0.89804 -0.11231
v -0.23808 -0.79423 -0.07859
v -0.27066 -0.70297 -0.02812
v -0.33541 -0.63817 0.03141
v -0.42248 -0.60969 0.09094
v -0.51860 -0.62187 0.14141
v -0.60916 -0.67285 0.17513
v -0.68035 -0.75486 0.18697
v -0.72135 -0.85544 0.17513
v -0.72590 -0.95925 0.14141
v -0.69332 -1.05051 0.09094
v -0.62857 -1.11531 0.03141
v -0.59304 -1.13898 0.12533
v -0.50904 -1.17333 0.06451
v -0.41288 -1.16790 0.01295
v -0.31919 -1.12350 -0.02151
v -0.24224 -1.04690 -0.03360
v -0.19374 -0.94975 -0.02151
v -0.18108 -0.84685 0.01295
v -0.20619 -0.75387 0.06451
v -0.26523 -0.68495 0.12533
v -0.34923 -0.65059 0.18616
v -0.44539 -0.65602 0.23772
v -0.53908 -0.70042 0.27217
v -0.61603 -0.77702 0.28427
v -0.66453 -0.87417 0.27217
v -0.67719 -0.97707 0.23772
v -0.65209 -1.07006 0.18616
v -0.59304 -1.13898 0.12533
v -0.55460 -1.16863 0.21814
v -0.47434 -1.20691 0.15467
v -0.37926 -1.20641 0.10085
v -0.28384 -1.16720 0.06489
v -0.20260 -1.09525 0.05227
v -0.14791 -1.00153 0.06489
v -0.12809 -0.90028 0.10085
v -0.14617 -0.80694 0.15467
v -0.19938 -0.73571 0.21814
v -0.27964 -0.69743 0.28162
v -0.37472 -0.69793 0.33543
v -0.47014 -0.73714 0.37139
v -0.55138 -0.80908 0.38402
v -0.60607 -0.90281 0.37139
v -0.62589 -1.00405 0.33543
v -0.60781 -1.09740 0.28162
v -0.55460 -1.16863 0.21814
v -0.51103 -1.20610 0.30902
v -0.43466 -1.24594 0.24182
v -0.34146 -1.24797 0.18485
v -0.24562 -1.21188 0.14678
v -0.16174 -1.14317 0.13342
v -0.10258 -1.05230 0.14678
v -0.07716 -0.95310 0.18485
v -0.08933 -0.86068 0.24182
v -0.13725 -0.78910 0.30902
v -0.21363 -0.74927 0.37622
v -0.30683 -0.74724 0.43319
v -0.40266 -0.78333 0.47125
v -0.48654 -0.85204 0.48462
v -0.54570 -0.94291 0.47125
v -0.57113 -1.04210 0.43319
v -0.55895 -1.13453 0.37622
v -0.51103 -1.20610 0.30902
v -0.46097 -1.25221 0.39715
v -0.38833 -1.29127 0.32551
v -0.29754 -1.29334 0.26477
v -0.20242 -1.25809 0.22419
v -0.11747 -1.19090 0.20994
v -0.05560 -1.10198 0.22419
v -0.02625 -1.00489 0.26477
v -0.03387 -0.91440 0.32551
v -0.07731 -0.84428 0.39715
v -0.14996 -0.80522 0.46879
v -0.24075 -0.80315 0.52952
v -0.33586 -0.83840 0.57010
v -0.42082 -0.90559 0.58435
v -0.48268 -0.99451 0.57010
v -0.51204 -1.09160 0.52952
v -0.50441 -1.18209 0.46879
v -0.46097 -1.25221 0.39715
v -0.40345 -1.30676 0.48175
v -0.33435 -1.34302 0.40530
v -0.24640 -1.34286 0.34048
v -0.15300 -1.30631 0.29717
v -0.06836 -1.23892 0.28196
v -0.00537 -1.15097 0.29717
v 0.02638 -1.05583 0.34048
v 0.02206 -0.96799 0.40530
v -0.01767 -0.90082 0.48175
v -0.08677 -0.86456 0.55821
v -0.17472 -0.86472 0.62303
v -0.26812 -0.90127 0.66634
v -0.35276 -0.96865 0.68155
v -0.41575 -1.05661 0.66634
v -0.44750 -1.15175 0.62303
v -0.44318 -1.23959 0.55821
v -0.40345 -1.30676 0.48175
v -0.33758 -1.36881 0.56208
v -0.27199 -1.40065 0.48072
v -0.18738 -1.39641 0.41174
v -0.09661 -1.35674 0.36565
v -0.01352 -1.28768 0.34947
v 0.04925 -1.19974 0.36565
v 0.08214 -1.10630 0.41174
v 0.08014 -1.02160 0.48072
v 0.04357 -0.95853 0.56208
v -0.02202 -0.92669 0.64345
v -0.10663 -0.93093 0.71242
v -0.19740 -0.97060 0.75851
v -0.28049 -1.03966 0.77470
v -0.34326 -1.12761 0.75851
v -0.37615 -1.22104 0.71242
v -0.37416 -1.30574 0.64345
v -0.33758 -1.36881 0.56208
v -0.26252 -1.43695 0.63742
v -0.20063 -1.46317 0.55130
v -0.11994 -1.45345 0.47829
v -0.03274 -1.40925 0.42951
v 0.04768 -1.33733 0.41238
v 0.10910 -1.24861 0.42951
v 0.14215 -1.15661 0.47829
v 0.14181 -1.07534 0.55130
v 0.10812 -1.01717 0.63742
v 0.04623 -0.99095 0.72355
v -0.03446 -1.00067 0.79656
v -0.12166 -1.04487 0.84534
v -0.20208 -1.11680 0.86247
v -0.26350 -1.20551 0.84534
v -0.29655 -1.29751 0.79656
v -0.29621 -1.37878 0.72355
v -0.26252 -1.43695 0.63742
v -0.17745 -1.50949 0.70711
v -0.11963 -1.52930 0.61655
v -0.04359 -1.51313 0.53979
v 0.03907 -1.46342 0.48849
v 0.11579 -1.38776 0.47048
v 0.17489 -1.29765 0.48849
v 0.20735 -1.20682 0.53979
v 0.20825 -1.12909 0.61655
v 0.17745 -1.07630 0.70711
v 0.11963 -1.05648 0.79766
v 0.04359 -1.07266 0.87443
v -0.03907 -1.12236 0.92572
v -0.11579 -1.19803 0.94373
v -0.17489 -1.28814 0.92572
v -0.20735 -1.37897 0.87443
v -0.20825 -1.45670 0.79766
v -0.17745 -1.50949 0.70711
v -0.08162 -1.58450 0.77051
v -0.02843 -1.59752 0.67598
v 0.04212 -1.57437 0.59584
v 0.11928 -1.51856 0.54229
v 0.19130 -1.43859 0.52348
v 0.24723 -1.34664 0.54229
v 0.27854 -1.25671 0.59584
v 0.28047 -1.18249 0.67598
v 0.25273 -1.13527 0.77051
v 0.19954 -1.12225 0.86505
v 0.12899 -1.14541 0.94519
v 0.05184 -1.20122 0.99874
v -0.02019 -1.28118 1.01754
v -0.07611 -1.37313 0.99874
v -0.10743 -1.46306 0.94519
v -0.10936 -1.53729 0.86505
v -0.08162 -1.58450 0.77051
v 0.02554 -1.65997 0.82708
v 0.07346 -1.66616 0.72910
v 0.13763 -1.63588 0.64603
v 0.20829 -1.57373 0.59052
v 0.27467 -1.48918 0.57103
v 0.32668 -1.39510 0.59052
v 0.35639 -1.30581 0.64603
v 0.35927 -1.23490 0.72910
v 0.33490 -1.19318 0.82708
v 0.28698 -1.18699 0.92507
v 0.22281 -1.21728 1.00813
v 0.15215 -1.27943 1.06364
v 0.08576 -1.36398 1.08313
v 0.03376 -1.45806 1.06364
v 0.00405 -1.54735 1.00813
v 0.00116 -1.61825 0.92507
v 0.02554 -1.65997 0.82708
v 0.14438 -1.73378 0.87631
v 0.18636 -1.73342 0.77544
v 0.24327 -1.69621 0.68993
v 0.30646 -1.62782 0.63280
v 0.36631 -1.53864 0.61274
v 0.41370 -1.44227 0.63280
v 0.44142 -1.35337 0.68993
v 0.44525 -1.28548 0.77544
v 0.42460 -1.24893 0.87631
v 0.38263 -1.24929 0.97717
v 0.32571 -1.28650 1.06268
v 0.26252 -1.35489 1.11981
v 0.20267 -1.44406 1.13988
v 0.15528 -1.54043 1.11981
v 0.12756 -1.62933 1.06268
v 0.12373 -1.69723 0.97717
v 0.14438 -1.73378 0.87631
v 0.27501 -1.80374 0.91775
v 0.31041 -1.79740 0.81459
v 0.35924 -1.75378 0.72713
v 0.41406 -1.67951 0.66870
v 0.46653 -1.58590 0.64818
v 0.50865 -1.48721 0.66870
v 0.53403 -1.39846 0.72713
v 0.53879 -1.33316 0.81459
v 0.52221 -1.30125 0.91775
v 0.48681 -1.30759 1.02092
v 0.43799 -1.35122 1.10837
v 0.38317 -1.42548 1.16681
v 0.33070 -1.51909 1.18733
v 0.28857 -1.61778 1.16681
v 0.26319 -1.70653 1.10837
v 0.25843 -1.77183 1.02092
v 0.27501 -1.80374 0.91775
v 0.41727 -1.86768 0.95106
v 0.44554 -1.85615 0.84616
v 0.48553 -1.80687 0.75723
v 0.53116 -1.72735 0.69781
v 0.57548 -1.62970 0.67695
v 0.61173 -1.52877 0.69781
v 0.63441 -1.43994 0.75723
v 0.64006 -1.37673 0.84616
v 0.62782 -1.34876 0.95106
v 0.59955 -1.36030 1.05595
v 0.55955 -1.40957 1.14488
v 0.51392 -1.48909 1.20430
v 0.46961 -1.58674 1.22517
v 0.43335 -1.68767 1.20430
v 0.41067 -1.77650 1.14488
v 0.40502 -1.83971 1.05595
v 0.41727 -1.86768 0.95106
v 0.57066 -1.92342 0.97592
v 0.59139 -1.90767 0.86981
v 0.62194 -1.85372 0.77986
v 0.65767 -1.76978 0.71976
v 0.69314 -1.66862 0.69865
v 0.72295 -1.56566 0.71976
v 0.74255 -1.47656 0.77986
v 0.74897 -1.41489 0.86981
v 0.74123 -1.39003 0.97592
v 0.72050 -1.40578 1.08202
v 0.68995 -1.45974 1.17197
v 0.65422 -1.54368 1.23207
v 0.61875 -1.64483 1.25318
v 0.58894 -1.74780 1.23207
v 0.56934 -1.83690 1.17197
v 0.56292 -1.89857 1.08202
v 0.57066 -1.92342 0.97592
v 0.73440 -1.96889 0.99211
v 0.74733 -1.95002 0.88528
v 0.76799 -1.89252 0.79472
v 0.79326 -1.80514 0.73420
v 0.81928 -1.70118 0.71295
v 0.84209 -1.59647 0.73420
v 0.85821 -1.50695 0.79472
v 0.86520 -1.44625 0.88528
v 0.86199 -1.42361 0.99211
v 0.84906 -1.44248 1.09895
v 0.82839 -1.49998 1.18951
v 0.80313 -1.58736 1.25003
v 0.77711 -1.69132 1.27128
v 0.75430 -1.79602 1.25003
v 0.73818 -1.88554 1.18951
v 0.73119 -1.94624 1.09895
v 0.73440 -1.96889 0.99211
v 0.90740 -2.00207 0.99951
v 0.91244 -1.98127 0.89237
v 0.92295 -1.92147 0.80155
v 0.93733 -1.83177 0.74086
v 0.95339 -1.72583 0.71955
v 0.96869 -1.61978 0.74086
v 0.98090 -1.52975 0.80155
v 0.98815 -1.46947 0.89237
v 0.98935 -1.44810 0.99951
v 0.98431 -1.46890 1.10664
v 0.97380 -1.52870 1.19746
v 0.95942 -1.61840 1.25815
v 0.94336 -1.72435 1.27946
v 0.92806 -1.83040 1.25815
v 0.91585 -1.92042 1.19746
v 0.90860 -1.98070 1.10664
v 0.90740 -2.00207 0.99951
v 1.08825 -2.02115 0.99803
v 1.08551 -1.99963 0.89095
v 1.08578 -1.93884 0.80018
v 1.08902 -1.84803 0.73953
v 1.09474 -1.74103 0.71823
v 1.10206 -1.63412 0.73953
v 1.10988 -1.54359 0.80018
v 1.11700 -1.48322 0.89095
v 1.12234 -1.46219 0.99803
v 1.12509 -1.48371 1.10510
v 1.12482 -1.54450 1.19588
v 1.12158 -1.63531 1.25653
v 1.11586 -1.74232 1.27783
v 1.10853 -1.84922 1.25653
v 1.10071 -1.93975 1.19588
v 1.09359 -2.00012 1.10510
v 1.08825 -2.02115 0.99803
v 1.27530 -2.02448 0.98769
v 1.26505 -2.00345 0.88097
v 1.25518 -1.94300 0.79050
v 1.24719 -1.85235 0.73005
v 1.24229 -1.74529 0.70883
v 1.24124 -1.63813 0.73005
v 1.24418 -1.54717 0.79050
v 1.25068 -1.48627 0.88097
v 1.25974 -1.46470 0.98769
v 1.26999 -1.48574 1.09440
v 1.27986 -1.54618 1.18487
v 1.28785 -1.63683 1.24532
v 1.29275 -1.74389 1.26655
v 1.29380 -1.85105 1.24532
v 1.29086 -1.94201 1.18487
v 1.28436 -2.00291 1.09440
v 1.27530 -2.02448 0.98769
v 1.46661 -2.01067 0.96858
v 1.44932 -1.99127 0.86247
v 1.42960 -1.93250 0.77251
v 1.41045 -1.84330 0.71240
v 1.39479 -1.73726 0.69129
v 1.38501 -1.63051 0.71240
v 1.38259 -1.53932 0.77251
v 1.38790 -1.47755 0.86247
v 1.40013 -1.45463 0.96858
v 1.41742 -1.47402 1.07470
v 1.43714 -1.53279 1.16466
v 1.45629 -1.62199 1.22477
v 1.47194 -1.72803 1.24587
v 1.48173 -1.83478 1.22477
v 1.48415 -1.92597 1.16466
v 1.47884 -1.98774 1.07470
v 1.46661 -2.01067 0.96858
v 1.66004 -1.97857 0.94088
v 1.63632 -1.96188 0.83555
v 1.60721 -1.90607 0.74625
v 1.57716 -1.81962 0.68659
v 1.55074 -1.71571 0.66564
v 1.53196 -1.61014 0.68659
v 1.52369 -1.51900 0.74625
v 1.52718 -1.45615 0.83555
v 1.54191 -1.43117 0.94088
v 1.56564 -1.44785 1.04621
v 1.59474 -1.50367 1.13551
v 1.62479 -1.59011 1.19517
v 1.65122 -1.69403 1.21612
v 1.66999 -1.79959 1.19517
v 1.67826 -1.89074 1.13551
v 1.67477 -1.95358 1.04621
v 1.66004 -1.97857 0.94088
v 1.85326 -1.92736 0.90483
v 1.82387 -1.91435 0.80041
v 1.78602 -1.86271 0.71189
v 1.74547 -1.78028 0.65275
v 1.70841 -1.67964 0.63198
v 1.68046 -1.57608 0.65275
v 1.66589 -1.48539 0.71189
v 1.66691 -1.42137 0.80041
v 1.68337 -1.39376 0.90483
v 1.71276 -1.40677 1.00924
v 1.75061 -1.45841 1.09776
v 1.79116 -1.54084 1.15691
v 1.82823 -1.64149 1.17768
v 1.85618 -1.74504 1.15691
v 1.87075 -1.83573 1.09776
v 1.86973 -1.89975 1.00924
v 1.85326 -1.92736 0.90483
v 2.04382 -1.85656 0.86074
v 2.00964 -1.84806 0.75733
v 1.96382 -1.80169 0.66966
v 1.91335 -1.72451 0.61108
v 1.86591 -1.62827 0.59051
v 1.82872 -1.52762 0.61108
v 1.80745 -1.43789 0.66966
v 1.80532 -1.37274 0.75733
v 1.82267 -1.34208 0.86074
v 1.85686 -1.35059 0.96416
v 1.90268 -1.39696 1.05183
v 1.95315 -1.47414 1.11041
v 2.00059 -1.57038 1.13098
v 2.03778 -1.67102 1.11041
v 2.05905 -1.76075 1.05183
v 2.06118 -1.82591 0.96416
v 2.04382 -1.85656 0.86074
v 2.22917 -1.76603 0.80902
v 2.19117 -1.76271 0.70664
v 2.13830 -1.72260 0.61985
v 2.07863 -1.65180 0.56186
v 2.02123 -1.56110 0.54150
v 1.97484 -1.46431 0.56186
v 1.94653 -1.37616 0.61985
v 1.94060 -1.31006 0.70664
v 1.95795 -1.27609 0.80902
v 1.99596 -1.27942 0.91139
v 2.04882 -1.31953 0.99818
v 2.10849 -1.39032 1.05617
v 2.16590 -1.48102 1.07653
v 2.21228 -1.57781 1.05617
v 2.24060 -1.66597 0.99818
v 2.24653 -1.73206 0.91139
v 2.22917 -1.76603 0.80902
v 2.40672 -1.65599 0.75011
v 2.36595 -1.65836 0.64878
v 2.30707 -1.62535 0.56288
v 2.23904 -1.56199 0.50548
v 2.17224 -1.47793 0.48533
v 2.11681 -1.38596 0.50548
v 2.08121 -1.30009 0.56288
v 2.07086 -1.23339 0.64878
v 2.08732 -1.19601 0.75011
v 2.12809 -1.19365 0.85144
v 2.18697 -1.22666 0.93734
v 2.25500 -1.29001 0.99474
v 2.32180 -1.37407 1.01490
v 2.37723 -1.46604 0.99474
v 2.41283 -1.55191 0.93734
v 2.42318 -1.61861 0.85144
v 2.40672 -1.65599 0.75011
v 2.57391 -1.52705 0.68455
v 2.53145 -1.53543 0.58423
v 2.46767 -1.51021 0.49919
v 2.39228 -1.45523 0.44237
v 2.31676 -1.37884 0.42242
v 2.25261 -1.29269 0.44237
v 2.20958 -1.20989 0.49919
v 2.19424 -1.14305 0.58423
v 2.20892 -1.10233 0.68455
v 2.25138 -1.09395 0.78486
v 2.31516 -1.11917 0.86990
v 2.39054 -1.17416 0.92672
v 2.46606 -1.25054 0.94668
v 2.53022 -1.33669 0.92672
v 2.57324 -1.41949 0.86990
v 2.58858 -1.48633 0.78486
v 2.57391 -1.52705 0.68455
v 2.72825 -1.38017 0.61291
v 2.68520 -1.39472 0.51355
v 2.61771 -1.37780 0.42932
v 2.53605 -1.33199 0.37305
v 2.45264 -1.26425 0.35328
v 2.38019 -1.18490 0.37305
v 2.32973 -1.10603 0.42932
v 2.30893 -1.03963 0.51355
v 2.32097 -0.99581 0.61291
v 2.36401 -0.98126 0.71226
v 2.43150 -0.99818 0.79649
v 2.51317 -1.04399 0.85277
v 2.59658 -1.11173 0.87253
v 2.66903 -1.19108 0.85277
v 2.71949 -1.26995 0.79649
v 2.74029 -1.33635 0.71226
v 2.72825 -1.38017 0.61291
v 2.86737 -1.21667 0.53583
v 2.82483 -1.23737 0.43735
v 2.75485 -1.22909 0.35386
v 2.66808 -1.19310 0.29808
v 2.57774 -1.13488 0.27849
v 2.49757 -1.06329 0.29808
v 2.43979 -0.98923 0.35386
v 2.41318 -0.92397 0.43735
v 2.42180 -0.87746 0.53583
v 2.46434 -0.85677 0.63430
v 2.53433 -0.86505 0.71779
v 2.62109 -0.90104 0.77357
v 2.71144 -0.95926 0.79316
v 2.79161 -1.03085 0.77357
v 2.84939 -1.10491 0.71779
v 2.87600 -1.17016 0.63430
v 2.86737 -1.21667 0.53583
v 2.98912 -1.03824 0.45399
v 2.94812 -1.06486 0.35629
v 2.87688 -1.06537 0.27346
v 2.78625 -1.03970 0.21812
v 2.69003 -0.99175 0.19868
v 2.60286 -0.92883 0.21812
v 2.53802 -0.86050 0.27346
v 2.50538 -0.79718 0.35629
v 2.50990 -0.74850 0.45399
v 2.55090 -0.72188 0.55169
v 2.62214 -0.72137 0.63452
v 2.71277 -0.74704 0.68987
v 2.80899 -0.79499 0.70930
v 2.89616 -0.85791 0.68987
v 2.96100 -0.92624 0.63452
v 2.99365 -0.98956 0.55169
v 2.98912 -1.03824 0.45399
v 3.09155 -0.84683 0.36812
v 3.05305 -0.87900 0.27108
v 2.98177 -0.88828 0.18880
v 2.88856 -0.87325 0.13383
v 2.78762 -0.83620 0.11453
v 2.69430 -0.78277 0.13383
v 2.62282 -0.72109 0.18880
v 2.58406 -0.66056 0.27108
v 2.58391 -0.61038 0.36812
v 2.62241 -0.57821 0.46517
v 2.69369 -0.56893 0.54744
v 2.78690 -0.58396 0.60242
v 2.88785 -0.62101 0.62172
v 2.98116 -0.67444 0.60242
v 3.05265 -0.73612 0.54744
v 3.09141 -0.79665 0.46517
v 3.09155 -0.84683 0.36812
v 3.17300 -0.64469 0.27899
v 3.13787 -0.68190 0.18247
v 3.06772 -0.69974 0.10064
v 2.97323 -0.69550 0.04596
v 2.86879 -0.66983 0.02676
v 2.77029 -0.62663 0.04596
v 2.69274 -0.57248 0.10064
v 2.64794 -0.51562 0.18247
v 2.64271 -0.46471 0.27899
v 2.67785 -0.42751 0.37552
v 2.74800 -0.40967 0.45735
v 2.84249 -0.41391 0.51202
v 2.94693 -0.43958 0.53122
v 3.04542 -0.48278 0.51202
v 3.12297 -0.53693 0.45735
v 3.16777 -0.59379 0.37552
v 3.17300 -0.64469 0.27899
v 3.23215 -0.43431 0.18738
v 3.20112 -0.47589 0.09124
v 3.13319 -0.50192 0.00973
v 3.03870 -0.50844 -0.04473
v 2.93205 -0.49447 -0.06386
v 2.82947 -0.46212 -0.04473
v 2.74657 -0.41632 0.00973
v 2.69598 -0.36405 0.09124
v 2.68539 -0.31325 0.18738
v 2.71643 -0.27167 0.28353
v 2.78436 -0.24564 0.36503
v 2.87884 -0.23912 0.41949
v 2.98549 -0.25309 0.43862
v 3.08808 -0.28544 0.41949
v 3.17097 -0.33124 0.36503
v 3.22157 -0.38351 0.28353
v 3.23215 -0.43431 0.18738
v 3.26801 -0.21832 0.09411
v 3.24167 -0.26351 -0.00181
v 3.17695 -0.29722 -0.08312
v 3.08373 -0.31431 -0.13745
v 2.97617 -0.31219 -0.15653
v 2.87068 -0.29117 -0.13745
v 2.78329 -0.25447 -0.08312
v 2.72732 -0.20765 -0.00181
v 2.71129 -0.15786 0.09411
v 2.73763 -0.11268 0.19002
v 2.80235 -0.07897 0.27134
v 2.89558 -0.06188 0.32567
v 3.00313 -0.06400 0.34475
v 3.10863 -0.08501 0.32567
v 3.19601 -0.12172 0.27134
v 3.25198 -0.16853 0.19002
v 3.26801 -0.21832 0.09411
v 3.28000 0.00049 0.00000
v 3.25877 -0.04747 -0.09584
v 3.19814 -0.08820 -0.17709
v 3.10735 -0.11550 -0.23138
v 3.00022 -0.12522 -0.25044
v 2.89305 -0.11588 -0.23138
v 2.80217 -0.08889 -0.17709
v 2.74140 -0.04837 -0.09584
v 2.72000 -0.00049 0.00000
v 2.74123 0.04747 0.09584
v 2.80186 0.08820 0.17709
v 2.89265 0.11550 0.23138
v 2.99978 0.12522 0.25044
v 3.10695 0.11588 0.23138
v 3.19783 0.08889 0.17709
v 3.25860 0.04837 0.09584
v 3.28000 0.00049 0.00000
vt 0.00000 0.00000
vt 0.00000 0.06250
vt 0.00000 0.12500
vt 0.00000 0.18750
vt 0.00000 0.25000
vt 0.00000 0.31250
vt 0.00000 0.37500
vt 0.00000 0.43750
vt 0.00000 0.50000
vt 0.00000 0.56250
vt 0.00000 0.62500
vt 0.00000 0.68750
vt 0.00000 0.75000
vt 0.00000 0.81250
vt 0.00000 0.87500
vt 0.00000 0.93750
vt 0.00000 1.00000
vt 0.00500 0.00000
vt 0.00500 0.06250
vt 0.00500 0.12500
vt 0.00500 0.18750
vt 0.00500 0.25000
vt 0.00500 0.31250
vt 0.00500 0.37500
vt 0.00500 0.43750
vt 0.00500 0.50000
vt 0.00500 0.56250
vt 0.00500 0.62500
vt 0.00500 0.68750
vt 0.00500 0.75000
vt 0.00500 0.81250
vt 0.00500 0.87500
vt 0.00500 0.93750
vt 0.00500 1.00000
vt 0.01000 0.00000
vt 0.01000 0.06250
vt 0.01000 0.12500
vt 0.01000 0.18750
vt 0.01000 0.25000
vt 0.01000 0.31250
vt 0.01000 0.37500
vt 0.01000 0.43750
vt 0.01000 0.50000
vt 0.01000 0.56250
vt 0.01000 0.62500
vt 0.01000 0.68750
vt 0.01000 0.75000
vt 0.01000 0.81250
vt 0.01000 0.87500
vt 0.01000 0.93750
vt 0.01000 1.00000
vt 0.01500 0.00000
vt 0.01500 0.06250
vt 0.01500 0.12500
vt 0.01500 0.18750
vt 0.01500 0.25000
vt 0.01500 0.31250
vt 0.01500 0.37500
vt 0.01500 0.43750
vt 0.01500 0.50000
vt 0.01500 0.56250
vt 0.01500 0.62500
vt 0.01500 0.68750
vt 0.01500 0.75000
vt 0.01500 0.81250
vt 0.01500 0.87500
vt 0.01500 0.93750
vt 0.01500 1.00000
vt 0.02000 0.00000
vt 0.02000 0.06250
vt 0.02000 0.12500
vt 0.02000 0.18750
vt 0.02000 0.25000
vt 0.02000 0.31250
vt 0.02000 0.37500
vt 0.02000 0.43750
vt 0.02000 0.50000
vt 0.02000 0.56250
vt 0.02000 0.62500
vt 0.02000 0.68750
vt 0.02000 0.75000
vt 0.02000 0.81250
vt 0.02000 0.87500
vt 0.02000 0.93750
vt 0.02000 1.00000
vt 0.02500 0.00000
vt 0.02500 0.06250
vt 0.02500 0.12500
vt 0.02500 0.18750
vt 0.02500 0.25000
vt 0.02500 0.31250
vt 0.02500 0.37500
vt 0.02500 0.43750
vt 0.02500 0.50000
vt 0.02500 0.56250
vt 0.02500 0.62500
vt 0.02500 0.68750
vt 0.02500 0.75000
vt 0.02500 0.81250
vt 0.02500 0.87500
vt 0.02500 0.93750
vt 0.02500 1.00000
vt 0.03000 0.00000
vt 0.03000 0.06250
vt 0.03000 0.12500
vt 0.03000 0.18750
vt 0.03000 0.25000
vt 0.03000 0.31250
vt 0.03000 0.37500
vt 0.03000 0.43750
vt 0.03000 0.50000
vt 0.03000 0.56250
vt 0.03000 0.62500
vt 0.03000 0.68750
vt 0.03000 0.75000
vt 0.03000 0.81250
vt 0.03000 0.87500
vt 0.03000 0.93750
vt 0.03000 1.00000
vt 0.03500 0.00000
vt 0.03500 0.06250
vt 0.03500 0.12500
vt 0.03500 0.18750
vt 0.03500 0.25000
vt 0.03500 0.31250
vt 0.03500 0.37500
vt 0.03500 0.43750
vt 0.03500 0.50000
vt 0.03500 0.56250
vt 0.03500 0.62500
vt 0.03500 0.68750
vt 0.03500 0.75000
vt 0.03500 0.81250
vt 0.03500 0.87500
vt 0.03500 0.93750
vt 0.03500 1.00000
vt 0.04000 0.00000
vt 0.04000 0.06250
vt 0.04000 0.12500
vt 0.04000 0.18750
vt 0.04000 0.25000
vt 0.04000 0.31250
vt 0.04000 0.37500
vt 0.04000 0.43750
vt 0.04000 0.50000
vt 0.04000 0.56250
vt 0.04000 0.62500
vt 0.04000 0.68750
vt 0.04000 0.75000
vt 0.04000 0.81250
vt 0.04000 0.87500
vt 0.04000 0.93750
vt 0.04000 1.00000
vt 0.04500 0.00000
vt 0.04500 0.06250
vt 0.04500 0.12500
vt 0.04500 0.18750
vt 0.04500 0.25000
vt 0.04500 0.31250
vt 0.04500 0.37500
vt 0.04500 0.43750
vt 0.04500 0.50000
vt 0.04500 0.56250
vt 0.04500 0.62500
vt 0.04500 0.68750
vt 0.04500 0.75000
vt 0.04500 0.81250
vt 0.04500 0.87500
vt 0.04500 0.93750
vt 0.04500 1.00000
vt 0.05000 0.00000
vt 0.05000 0.06250
vt 0.05000 0.12500
vt 0.05000 0.18750
vt 0.05000 0.25000
vt 0.05000 0.31250
vt 0.05000 0.37500
vt 0.05000 0.43750
vt 0.05000 0.50000
vt 0.05000 0.56250
vt 0.05000 0.62500
vt 0.05000 0.68750
vt 0.05000 0.75000
vt 0.05000 0.81250
vt 0.05000 0.87500
vt 0.05000 0.93750
vt 0.05000 1.00000
vt 0.05500 0.00000
vt 0.05500 0.06250
vt 0.05500 0.12500
vt 0.05500 0.18750
vt 0.05500 0.25000
vt 0.05500 0.31250
vt 0.05500 0.37500
vt 0.05500 0.43750
vt 0.05500 0.50000
vt 0.05500 0.56250
vt 0.05500 0.62500
vt 0.05500 0.68750
vt 0.05500 0.75000
vt 0.05500 0.81250
vt 0.05500 0.87500
vt 0.05500 0.93750
vt 0.05500 1.00000
vt 0.06000 0.00000
vt 0.06000 0.06250
vt 0.06000 0.12500
vt 0.06000 0.18750
vt 0.06000 0.25000
vt 0.06000 0.31250
vt 0.06000 0.37500
vt 0.06000 0.43750
vt 0.06000 0.50000
vt 0.06000 0.56250
vt 0.06000 0.62500
vt 0.06000 0.68750
vt 0.06000 0.75000
vt 0.06000 0.81250
vt 0.06000 0.87500
vt 0.06000 0.93750
vt 0.06000 1.00000
vt 0.06500 0.00000
vt 0.06500 0.06250
vt 0.06500 0.12500
vt 0.06500 0.18750
vt 0.06500 0.25000
vt 0.06500 0.31250
vt 0.06500 0.37500
vt 0.06500 0.43750
vt 0.06500 0.50000
vt 0.06500 0.56250
vt 0.06500 0.62500
vt 0.06500 0.68750
vt 0.06500 0.75000
vt 0.06500 0.81250
vt 0.06500 0.87500
vt 0.06500 0.93750
vt 0.06500 1.00000
vt 0.07000 0.00000
vt 0.07000 0.06250
vt 0.07000 0.12500
vt 0.07000 0.18750
vt 0.07000 0.25000
vt 0.07000 0.31250
vt 0.07000 0.37500
vt 0.07000 0.43750
vt 0.07000 0.50000
vt 0.07000 0.56250
vt 0.07000 0.62500
vt 0.07000 0.68750
vt 0.07000 0.75000
vt 0.07000 0.81250
vt 0.07000 0.87500
vt 0.07000 0.93750
vt 0.07000 1.00000
vt 0.07500 0.00000
vt 0.07500 0.06250
vt 0.07500 0.12500
vt 0.07500 0.18750
vt 0.07500 0.25000
vt 0.07500 0.31250
vt 0.07500 0.37500
vt 0.07500 0.43750
vt 0.07500 0.50000
vt 0.07500 0.56250
vt 0.07500 0.62500
vt 0.07500 0.68750
vt 0.07500 0.75000
vt 0.07500 0.81250
vt 0.07500 0.87500
vt 0.07500 0.93750
vt 0.07500 1.00000
vt 0.08000 0.00000
vt 0.08000 0.06250
vt 0.08000 0.12500
vt 0.08000 0.18750
vt 0.08000 0.25000
vt 0.08000 0.31250
vt 0.08000 0.37500
vt 0.08000 0.43750
vt 0.08000 0.50000
vt 0.08000 0.56250
vt 0.08000 0.62500
vt 0.08000 0.68750
vt 0.08000 0.75000
vt 0.08000 0.81250
vt 0.08000 0.87500
vt 0.08000 0.93750
vt 0.08000 1.00000
vt 0.08500 0.00000
vt 0.08500 0.06250
vt 0.08500 0.12500
vt 0.08500 0.18750
vt 0.08500 0.25000
vt 0.08500 0.31250
vt 0.08500 0.37500
vt 0.08500 0.43750
vt 0.08500 0.50000
vt 0.08500 0.56250
vt 0.08500 0.62500
vt 0.08500 0.68750
vt 0.08500 0.75000
vt 0.08500 0.81250
vt 0.08500 0.87500
vt 0.08500 0.93750
vt 0.08500 1.00000
vt 0.09000 0.00000
vt 0.09000 0.06250
vt 0.09000 0.12500
vt 0.09000 0.18750
vt 0.09000 0.25000
vt 0.09000 0.31250
vt 0.09000 0.37500
vt 0.09000 0.43750
vt 0.09000 0.50000
vt 0.09000 0.56250
vt 0.09000 0.62500
vt 0.09000 0.68750
vt 0.09000 0.75000
vt 0.09000 0.81250
vt 0.09000 0.87500
vt 0.09000 0.93750
vt 0.09000 1.00000
vt 0.09500 0.00000
vt 0.09500 0.06250
vt 0.09500 0.12500
vt 0.09500 0.18750
vt 0.09500 0.25000
vt 0.09500 0.31250
vt 0.09500 0.37500
vt 0.09500 0.43750
vt 0.09500 0.50000
vt 0.09500 0.56250
vt 0.09500 0.62500
vt 0.09500 0.68750
vt 0.09500 0.75000
vt 0.09500 0.81250
vt 0.09500 0.87500
vt 0.09500 0.93750
vt 0.09500 1.00000
vt 0.10000 0.00000
vt 0.10000 0.06250
vt 0.10000 0.12500
vt 0.10000 0.18750
vt 0.10000 0.25000
vt 0.10000 0.31250
vt 0.10000 0.37500
vt 0.10000 0.43750
vt 0.10000 0.50000
vt 0.10000 0.56250
vt 0.10000 0.62500
vt 0.10000 0.68750
vt 0.10000 0.75000
vt 0.10000 0.81250
vt 0.10000 0.87500
vt 0.10000 0.93750
vt 0.10000 1.00000
vt 0.10500 0.00000
vt 0.10500 0.06250
vt 0.10500 0.12500
vt 0.10500 0.18750
vt 0.10500 0.25000
vt 0.10500 0.31250
vt 0.10500 0.37500
vt 0.10500 0.43750
vt 0.10500 0.50000
vt 0.10500 0.56250
vt 0.10500 0.62500
vt 0.10500 0.68750
vt 0.10500 0.75000
vt 0.10500 0.81250
vt 0.10500 0.87500
vt 0.10500 0.93750
vt 0.10500 1.00000
vt 0.11000 0.00000
vt 0.11000 0.06250
vt 0.11000 0.12500
vt 0.11000 0.18750
vt 0.11000 0.25000
vt 0.11000 0.31250
vt 0.11000 0.37500
vt 0.11000 0.43750
vt 0.11000 0.50000
vt 0.11000 0.56250
vt 0.11000 0.62500
vt 0.11000 0.68750
vt 0.11000 0.75000
vt 0.11000 0.81250
vt 0.11000 0.87500
vt 0.11000 0.93750
vt 0.11000 1.00000
vt 0.11500 0.00000
vt 0.11500 0.06250
vt 0.11500 0.12500
vt 0.11500 0.18750
vt 0.11500 0.25000
vt 0.11500 0.31250
vt 0.11500 0.37500
vt 0.11500 0.43750
vt 0.11500 0.50000
vt 0.11500 0.56250
vt 0.11500 0.62500
vt 0.11500 0.68750
vt 0.11500 0.75000
vt 0.11500 0.81250
vt 0.11500 0.87500
vt 0.11500 0.93750
vt 0.11500 1.00000
vt 0.12000 0.00000
vt 0.12000 0.06250
vt 0.12000 0.12500
vt 0.12000 0.18750
vt 0.12000 0.25000
vt 0.12000 0.31250
vt 0.12000 0.37500
vt 0.12000 0.43750
vt 0.12000 0.50000
vt 0.12000 0.56250
vt 0.12000 0.62500
vt 0.12000 0.68750
vt 0.12000 0.75000
vt 0.12000 0.81250
vt 0.12000 0.87500
vt 0.12000 0.93750
vt 0.12000 1.00000
vt 0.12500 0.00000
vt 0.12500 0.06250
vt 0.12500 0.12500
vt 0.12500 0.18750
vt 0.12500 0.25000
vt 0.12500 0.31250
vt 0.12500 0.37500
vt 0.12500 0.43750
vt 0.12500 0.50000
vt 0.12500 0.56250
vt 0.12500 0.62500
vt 0.12500 0.68750
vt 0.12500 0.75000
vt 0.12500 0.81250
vt 0.12500 0.87500
vt 0.12500 0.93750
vt 0.12500 1.00000
vt 0.13000 0.00000
vt 0.13000 0.06250
vt 0.13000 0.12500
vt 0.13000 0.18750
vt 0.13000 0.25000
vt 0.13000 0.31250
vt 0.13000 0.37500
vt 0.13000 0.43750
vt 0.13000 0.50000
vt 0.13000 0.56250
vt 0.13000 0.62500
vt 0.13000 0.68750
vt 0.13000 0.75000
vt 0.13000 0.81250
vt 0.13000 0.87500
vt 0.13000 0.93750
vt 0.13000 1.00000
vt 0.13500 0.00000
vt 0.13500 0.06250
vt 0.13500 0.12500
vt 0.13500 0.18750
vt 0.13500 0.25000
vt 0.13500 0.31250
vt 0.13500 0.37500
vt 0.13500 0.43750
vt 0.13500 0.50000
vt 0.13500 0.56250
vt 0.13500 0.62500
vt 0.13500 0.68750
vt 0.13500 0.75000
vt 0.13500 0.81250
vt 0.13500 0.87500
vt 0.13500 0.93750
vt 0.13500 1.00000
vt 0.14000 0.00000
vt 0.14000 0.06250
vt 0.14000 0.12500
vt 0.14000 0.18750
vt 0.14000 0.25000
vt 0.14000 0.31250
vt 0.14000 0.37500
vt 0.14000 0.43750
vt 0.14000 0.50000
vt 0.14000 0.56250
vt 0.14000 0.62500
vt 0.14000 0.68750
vt 0.14000 0.75000
vt 0.14000 0.81250
vt 0.14000 0.87500
vt 0.14000 0.93750
vt 0.14000 1.00000
vt 0.14500 0.00000
vt 0.14500 0.06250
vt 0.14500 0.12500
vt 0.14500 0.18750
vt 0.14500 0.25000
vt 0.14500 0.31250
vt 0.14500 0.37500
vt 0.14500 0.43750
vt 0.14500 0.50000
vt 0.14500 0.56250
vt 0.14500 0.62500
vt 0.14500 0.68750
vt 0.14500 0.75000
vt 0.14500 0.81250
vt 0.14500 0.87500
vt 0.14500 0.93750
vt 0.14500 1.00000
vt 0.15000 0.00000
vt 0.15000 0.06250
vt 0.15000 0.12500
vt 0.15000 0.18750
vt 0.15000 0.25000
vt 0.15000 0.31250
vt 0.15000 0.37500
vt 0.15000 0.43750
vt 0.15000 0.50000
vt 0.15000 0.56250
vt 0.15000 0.62500
vt 0.15000 0.68750
vt 0.15000 0.75000
vt 0.15000 0.81250
vt 0.15000 0.87500
vt 0.15000 0.93750
vt 0.15000 1.00000
vt 0.15500 0.00000
vt 0.15500 0.06250
vt 0.15500 0.12500
vt 0.15500 0.18750
vt 0.15500 0.25000
vt 0.15500 0.31250
vt 0.15500 0.37500
vt 0.15500 0.43750
vt 0.15500 0.50000
vt 0.15500 0.56250
vt 0.15500 0.62500
vt 0.15500 0.68750
vt 0.15500 0.75000
vt 0.15500 0.81250
vt 0.15500 0.87500
vt 0.15500 0.93750
vt 0.15500 1.00000
vt 0.16000 0.00000
vt 0.16000 0.06250
vt 0.16000 0.12500
vt 0.16000 0.18750
vt 0.16000 0.25000
vt 0.16000 0.31250
vt 0.16000 0.37500
vt 0.16000 0.43750
vt 0.16000 0.50000
vt 0.16000 0.56250
vt 0.16000 0.62500
vt 0.16000 0.68750
vt 0.16000 0.75000
vt 0.16000 0.81250
vt 0.16000 0.87500
vt 0.16000 0.93750
vt 0.16000 1.00000
vt 0.16500 0.00000
vt 0.16500 0.06250
vt 0.16500 0.12500
vt 0.16500 0.18750
vt 0.16500 0.25000
vt 0.16500 0.31250
vt 0.16500 0.37500
vt 0.16500 0.43750
vt 0.16500 0.50000
vt 0.16500 0.56250
vt 0.16500 0.62500
vt 0.16500 0.68750
vt 0.16500 0.75000
vt 0.16500 0.81250
vt 0.16500 0.87500
vt 0.16500 0.93750
vt 0.16500 1.00000
vt 0.17000 0.00000
vt 0.17000 0.06250
vt 0.17000 0.12500
vt 0.17000 0.18750
vt 0.17000 0.25000
vt 0.17000 0.31250
vt 0.17000 0.37500
vt 0.17000 0.43750
vt 0.17000 0.50000
vt 0.17000 0.56250
vt 0.17000 0.62500
vt 0.17000 0.68750
vt 0.17000 0.75000
vt 0.17000 0.81250
vt 0.17000 0.87500
vt 0.17000 0.93750
vt 0.17000 1.00000
vt 0.17500 0.00000
vt 0.17500 0.06250
vt 0.17500 0.12500
vt 0.17500 0.18750
vt 0.17500 0.25000
vt 0.17500 0.31250
vt 0.17500 0.37500
vt 0.17500 0.43750
vt 0.17500 0.50000
vt 0.17500 0.56250
vt 0.17500 0.62500
vt 0.17500 0.68750
vt 0.17500 0.75000
vt 0.17500 0.81250
vt 0.17500 0.87500
vt 0.17500 0.93750
vt 0.17500 1.00000
vt 0.18000 0.00000
vt 0.18000 0.06250
vt 0.18000 0.12500
vt 0.18000 0.18750
vt 0.18000 0.25000
vt 0.18000 0.31250
vt 0.18000 0.37500
vt 0.18000 0.43750
vt 0.18000 0.50000
vt 0.18000 0.56250
vt 0.18000 0.62500
vt 0.18000 0.68750
vt 0.18000 0.75000
vt 0.18000 0.81250
vt 0.18000 0.87500
vt 0.18000 0.93750
vt 0.18000 1.00000
vt 0.18500 0.00000
vt 0.18500 0.06250
vt 0.18500 0.12500
vt 0.18500 0.18750
vt 0.18500 0.25000
vt 0.18500 0.31250
vt 0.18500 0.37500
vt 0.18500 0.43750
vt 0.18500 0.50000
vt 0.18500 0.56250
vt 0.18500 0.62500
vt 0.18500 0.68750
vt 0.18500 0.75000
vt 0.18500 0.81250
vt 0.18500 0.87500
vt 0.18500 0.93750
vt 0.18500 1.00000
vt 0.19000 0.00000
vt 0.19000 0.06250
vt 0.19000 0.12500
vt 0.19000 0.18750
vt 0.19000 0.25000
vt 0.19000 0.31250
vt 0.19000 0.37500
vt 0.19000 0.43750
vt 0.19000 0.50000
vt 0.19000 0.56250
vt 0.19000 0.62500
vt 0.19000 0.68750
vt 0.19000 0.75000
vt 0.19000 0.81250
vt 0.19000 0.87500
vt 0.19000 0.93750
vt 0.19000 1.00000
vt 0.19500 0.00000
vt 0.19500 0.06250
vt 0.19500 0.12500
vt 0.19500 0.18750
vt 0.19500 0.25000
vt 0.19500 0.31250
vt 0.19500 0.37500
vt 0.19500 0.43750
vt 0.19500 0.50000
vt 0.19500 0.56250
vt 0.19500 0.62500
vt 0.19500 0.68750
vt 0.19500 0.75000
vt 0.19500 0.81250
vt 0.19500 0.87500
vt 0.19500 0.93750
vt 0.19500 1.00000
vt 0.20000 0.00000
vt 0.20000 0.06250
vt 0.20000 0.12500
vt 0.20000 0.18750
vt 0.20000 0.25000
vt 0.20000 0.31250
vt 0.20000 0.37500
vt 0.20000 0.43750
vt 0.20000 0.50000
vt 0.20000 0.56250
vt 0.20000 0.62500
vt 0.20000 0.68750
vt 0.20000 0.75000
vt 0.20000 0.81250
vt 0.20000 0.87500
vt 0.20000 0.93750
vt 0.20000 1.00000
vt 0.20500 0.00000
vt 0.20500 0.06250
vt 0.20500 0.12500
vt 0.20500 0.18750
vt 0.20500 0.25000
vt 0.20500 0.31250
vt 0.20500 0.37500
vt 0.20500 0.43750
vt 0.20500 0.50000
vt 0.20500 0.56250
vt 0.20500 0.62500
vt 0.20500 0.68750
vt 0.20500 0.75000
vt 0.20500 0.81250
vt 0.20500 0.87500
vt 0.20500 0.93750
vt 0.20500 1.00000
vt 0.21000 0.00000
vt 0.21000 0.06250
vt 0.21000 0.12500
vt 0.21000 0.18750
vt 0.21000 0.25000
vt 0.21000 0.31250
vt 0.21000 0.37500
vt 0.21000 0.43750
vt 0.21000 0.50000
vt 0.21000 0.56250
vt 0.21000 0.62500
vt 0.21000 0.68750
vt 0.21000 0.75000
vt 0.21000 0.81250
vt 0.21000 0.87500
vt 0.21000 0.93750
vt 0.21000 1.00000
vt 0.21500 0.00000
vt 0.21500 0.06250
vt 0.21500 0.12500
vt 0.21500 0.18750
vt 0.21500 0.25000
vt 0.21500 0.31250
vt 0.21500 0.37500
vt 0.21500 0.43750
vt 0.21500 0.50000
vt 0.21500 0.56250
vt 0.21500 0.62500
vt 0.21500 0.68750
vt 0.21500 0.75000
vt 0.21500 0.81250
vt 0.21500 0.87500
vt 0.21500 0.93750
vt 0.21500 1.00000
vt 0.22000 0.00000
vt 0.22000 0.06250
vt 0.22000 0.12500
vt 0.22000 0.18750
vt 0.22000 0.25000
vt 0.22000 0.31250
vt 0.22000 0.37500
vt 0.22000 0.43750
vt 0.22000 0.50000
vt 0.22000 0.56250
vt 0.22000 0.62500
vt 0.22000 0.68750
vt 0.22000 0.75000
vt 0.22000 0.81250
vt 0.22000 0.87500
vt 0.22000 0.93750
vt 0.22000 1.00000
vt 0.22500 0.00000
vt 0.22500 0.06250
vt 0.22500 0.12500
vt 0.22500 0.18750
vt 0.22500 0.25000
vt 0.22500 0.31250
vt 0.22500 0.37500
vt 0.22500 0.43750
vt 0.22500 0.50000
vt 0.22500 0.56250
vt 0.22500 0.62500
vt 0.22500 0.68750
vt 0.22500 0.75000
vt 0.22500 0.81250
vt 0.22500 0.87500
vt 0.22500 0.93750
vt 0.22500 1.00000
vt 0.23000 0.00000
vt 0.23000 0.06250
vt 0.23000 0.12500
vt 0.23000 0.18750
vt 0.23000 0.25000
vt 0.23000 0.31250
vt 0.23000 0.37500
vt 0.23000 0.43750
vt 0.23000 0.50000
vt 0.23000 0.56250
vt 0.23000 0.62500
vt 0.23000 0.68750
vt 0.23000 0.75000
vt 0.23000 0.81250
vt 0.23000 0.87500
vt 0.23000 0.93750
vt 0.23000 1.00000
vt 0.23500 0.00000
vt 0.23500 0.06250
vt 0.23500 0.12500
vt 0.23500 0.18750
vt 0.23500 0.25000
vt 0.23500 0.31250
vt 0.23500 0.37500
vt 0.23500 0.43750
vt 0.23500 0.50000
vt 0.23500 0.56250
vt 0.23500 0.62500
vt 0.23500 0.68750
vt 0.23500 0.75000
vt 0.23500 0.81250
vt 0.23500 0.87500
vt 0.23500 0.93750
vt 0.23500 1.00000
vt 0.24000 0.00000
vt 0.24000 0.06250
vt 0.24000 0.12500
vt 0.24000 0.18750
vt 0.24000 0.25000
vt 0.24000 0.31250
vt 0.24000 0.37500
vt 0.24000 0.43750
vt 0.24000 0.50000
vt 0.24000 0.56250
vt 0.24000 0.62500
vt 0.24000 0.68750
vt 0.24000 0.75000
vt 0.24000 0.81250
vt 0.24000 0.87500
vt 0.24000 0.93750
vt 0.24000 1.00000
vt 0.24500 0.00000
vt 0.24500 0.06250
vt 0.24500 0.12500
vt 0.24500 0.18750
vt 0.24500 0.25000
vt 0.24500 0.31250
vt 0.24500 0.37500
vt 0.24500 0.43750
vt 0.24500 0.50000
vt 0.24500 0.56250
vt 0.24500 0.62500
vt 0.24500 0.68750
vt 0.24500 0.75000
vt 0.24500 0.81250
vt 0.24500 0.87500
vt 0.24500 0.93750
vt 0.24500 1.00000
vt 0.25000 0.00000
vt 0.25000 0.06250
vt 0.25000 0.12500
vt 0.25000 0.18750
vt 0.25000 0.25000
vt 0.25000 0.31250
vt 0.25000 0.37500
vt 0.25000 0.43750
vt 0.25000 0.50000
vt 0.25000 0.56250
vt 0.25000 0.62500
vt 0.25000 0.68750
vt 0.25000 0.75000
vt 0.25000 0.81250
vt 0.25000 0.87500
vt 0.25000 0.93750
vt 0.25000 1.00000
vt 0.25500 0.00000
vt 0.25500 0.06250
vt 0.25500 0.12500
vt 0.25500 0.18750
vt 0.25500 0.25000
vt 0.25500 0.31250
vt 0.25500 0.37500
vt 0.25500 0.43750
vt 0.25500 0.50000
vt 0.25500 0.56250
vt 0.25500 0.62500
vt 0.25500 0.68750
vt 0.25500 0.75000
vt 0.25500 0.81250
vt 0.25500 0.87500
vt 0.25500 0.93750
vt 0.25500 1.00000
vt 0.26000 0.00000
vt 0.26000 0.06250
vt 0.26000 0.12500
vt 0.26000 0.18750
vt 0.26000 0.25000
vt 0.26000 0.31250
vt 0.26000 0.37500
vt 0.26000 0.43750
vt 0.26000 0.50000
vt 0.26000 0.56250
vt 0.26000 0.62500
vt 0.26000 0.68750
vt 0.26000 0.75000
vt 0.26000 0.81250
vt 0.26000 0.87500
vt 0.26000 0.93750
vt 0.26000 1.00000
vt 0.26500 0.00000
vt 0.26500 0.06250
vt 0.26500 0.12500
vt 0.26500 0.18750
vt 0.26500 0.25000
vt 0.26500 0.31250
vt 0.26500 0.37500
vt 0.26500 0.43750
vt 0.26500 0.50000
vt 0.26500 0.56250
vt 0.26500 0.62500
vt 0.26500 0.68750
vt 0.26500 0.75000
vt 0.26500 0.81250
vt 0.26500 0.87500
vt 0.26500 0.93750
vt 0.26500 1.00000
vt 0.27000 0.00000
vt 0.27000 0.06250
vt 0.27000 0.12500
vt 0.27000 0.18750
vt 0.27000 0.25000
vt 0.27000 0.31250
vt 0.27000 0.37500
vt 0.27000 0.43750
vt 0.27000 0.50000
vt 0.27000 0.56250
vt 0.27000 0.62500
vt 0.27000 0.68750
vt 0.27000 0.75000
vt 0.27000 0.81250
vt 0.27000 0.87500
vt 0.27000 0.93750
vt 0.27000 1.00000
vt 0.27500 0.00000
vt 0.27500 0.06250
vt 0.27500 0.12500
vt 0.27500 0.18750
vt 0.27500 0.25000
vt 0.27500 0.31250
vt 0.27500 0.37500
vt 0.27500 0.43750
vt 0.27500 0.50000
vt 0.27500 0.56250
vt 0.27500 0.62500
vt 0.27500 0.68750
vt 0.27500 0.75000
vt 0.27500 0.81250
vt 0.27500 0.87500
vt 0.27500 0.93750
vt 0.27500 1.00000
vt 0.28000 0.00000
vt 0.28000 0.06250
vt 0.28000 0.12500
vt 0.28000 0.18750
vt 0.28000 0.25000
vt 0.28000 0.31250
vt 0.28000 0.37500
vt 0.28000 0.43750
vt 0.28000 0.50000
vt 0.28000 0.56250
vt 0.28000 0.62500
vt 0.28000 0.68750
vt 0.28000 0.75000
vt 0.28000 0.81250
vt 0.28000 0.87500
vt 0.28000 0.93750
vt 0.28000 1.00000
vt 0.28500 0.00000
vt 0.28500 0.06250
vt 0.28500 0.12500
vt 0.28500 0.18750
vt 0.28500 0.25000
vt 0.28500 0.31250
vt 0.28500 0.37500
vt 0.28500 0.43750
vt 0.28500 0.50000
vt 0.28500 0.56250
vt 0.28500 0.62500
vt 0.28500 0.68750
vt 0.28500 0.75000
vt 0.28500 0.81250
vt 0.28500 0.87500
vt 0.28500 0.93750
vt 0.28500 1.00000
vt 0.29000 0.00000
vt 0.29000 0.06250
vt 0.29000 0.12500
vt 0.29000 0.18750
vt 0.29000 0.25000
vt 0.29000 0.31250
vt 0.29000 0.37500
vt 0.29000 0.43750
vt 0.29000 0.50000
vt 0.29000 0.56250
vt 0.29000 0.62500
vt 0.29000 0.68750
vt 0.29000 0.75000
vt 0.29000 0.81250
vt 0.29000 0.87500
vt 0.29000 0.93750
vt 0.29000 1.00000
vt 0.29500 0.00000
vt 0.29500 0.06250
vt 0.29500 0.12500
vt 0.29500 0.18750
vt 0.29500 0.25000
vt 0.29500 0.31250
vt 0.29500 0.37500
vt 0.29500 0.43750
vt 0.29500 0.50000
vt 0.29500 0.56250
vt 0.29500 0.62500
vt 0.29500 0.68750
vt 0.29500 0.75000
vt 0.29500 0.81250
vt 0.29500 0.87500
vt 0.29500 0.93750
vt 0.29500 1.00000
vt 0.30000 0.00000
vt 0.30000 0.06250
vt 0.30000 0.12500
vt 0.30000 0.18750
vt 0.30000 0.25000
vt 0.30000 0.31250
vt 0.30000 0.37500
vt 0.30000 0.43750
vt 0.30000 0.50000
vt 0.30000 0.56250
vt 0.30000 0.62500
vt 0.30000 0.68750
vt 0.30000 0.75000
vt 0.30000 0.81250
vt 0.30000 0.87500
vt 0.30000 0.93750
vt 0.30000 1.00000
vt 0.30500 0.00000
vt 0.30500 0.06250
vt 0.30500 0.12500
vt 0.30500 0.18750
vt 0.30500 0.25000
vt 0.30500 0.31250
vt 0.30500 0.37500
vt 0.30500 0.43750
vt 0.30500 0.50000
vt 0.30500 0.56250
vt 0.30500 0.62500
vt 0.30500 0.68750
vt 0.30500 0.75000
vt 0.30500 0.81250
vt 0.30500 0.87500
vt 0.30500 0.93750
vt 0.30500 1.00000
vt 0.31000 0.00000
vt 0.31000 0.06250
vt 0.31000 0.12500
vt 0.31000 0.18750
vt 0.31000 0.25000
vt 0.31000 0.31250
vt 0.31000 0.37500
vt 0.31000 0.43750
vt 0.31000 0.50000
vt 0.31000 0.56250
vt 0.31000 0.62500
vt 0.31000 0.68750
vt 0.31000 0.75000
vt 0.31000 0.81250
vt 0.31000 0.87500
vt 0.31000 0.93750
vt 0.31000 1.00000
vt 0.31500 0.00000
vt 0.31500 0.06250
vt 0.31500 0.12500
vt 0.31500 0.18750
vt 0.31500 0.25000
vt 0.31500 0.31250
vt 0.31500 0.37500
vt 0.31500 0.43750
vt 0.31500 0.50000
vt 0.31500 0.56250
vt 0.31500 0.62500
vt 0.31500 0.68750
vt 0.31500 0.75000
vt 0.31500 0.81250
vt 0.31500 0.87500
vt 0.31500 0.93750
vt 0.31500 1.00000
vt 0.32000 0.00000
vt 0.32000 0.06250
vt 0.32000 0.12500
vt 0.32000 0.18750
vt 0.32000 0.25000
vt 0.32000 0.31250
vt 0.32000 0.37500
vt 0.32000 0.43750
vt 0.32000 0.50000
vt 0.32000 0.56250
vt 0.32000 0.62500
vt 0.32000 0.68750
vt 0.32000 0.75000
vt 0.32000 0.81250
vt 0.32000 0.87500
vt 0.32000 0.93750
vt 0.32000 1.00000
vt 0.32500 0.00000
vt 0.32500 0.06250
vt 0.32500 0.12500
vt 0.32500 0.18750
vt 0.32500 0.25000
vt 0.32500 0.31250
vt 0.32500 0.37500
vt 0.32500 0.43750
vt 0.32500 0.50000
vt 0.32500 0.56250
vt 0.32500 0.62500
vt 0.32500 0.68750
vt 0.32500 0.75000
vt 0.32500 0.81250
vt 0.32500 0.87500
vt 0.32500 0.93750
vt 0.32500 1.00000
vt 0.33000 0.00000
vt 0.33000 0.06250
vt 0.33000 0.12500
vt 0.33000 0.18750
vt 0.33000 0.25000
vt 0.33000 0.31250
vt 0.33000 0.37500
vt 0.33000 0.43750
vt 0.33000 0.50000
vt 0.33000 0.56250
vt 0.33000 0.62500
vt 0.33000 0.68750
vt 0.33000 0.75000
vt 0.33000 0.81250
vt 0.33000 0.87500
vt 0.33000 0.93750
vt 0.33000 1.00000
vt 0.33500 0.00000
vt 0.33500 0.06250
vt 0.33500 0.12500
vt 0.33500 0.18750
vt 0.33500 0.25000
vt 0.33500 0.31250
vt 0.33500 0.37500
vt 0.33500 0.43750
vt 0.33500 0.50000
vt 0.33500 0.56250
vt 0.33500 0.62500
vt 0.33500 0.68750
vt 0.33500 0.75000
vt 0.33500 0.81250
vt 0.33500 0.87500
vt 0.33500 0.93750
vt 0.33500 1.00000
vt 0.34000 0.00000
vt 0.34000 0.06250
vt 0.34000 0.12500
vt 0.34000 0.18750
vt 0.34000 0.25000
vt 0.34000 0.31250
vt 0.34000 0.37500
vt 0.34000 0.43750
vt 0.34000 0.50000
vt 0.34000 0.56250
vt 0.34000 0.62500
vt 0.34000 0.68750
vt 0.34000 0.75000
vt 0.34000 0.81250
vt 0.34000 0.87500
vt 0.34000 0.93750
vt 0.34000 1.00000
vt 0.34500 0.00000
vt 0.34500 0.06250
vt 0.34500 0.12500
vt 0.34500 0.18750
vt 0.34500 0.25000
vt 0.34500 0.31250
vt 0.34500 0.37500
vt 0.34500 0.43750
vt 0.34500 0.50000
vt 0.34500 0.56250
vt 0.34500 0.62500
vt 0.34500 0.68750
vt 0.34500 0.75000
vt 0.34500 0.81250
vt 0.34500 0.87500
vt 0.34500 0.93750
vt 0.34500 1.00000
vt 0.35000 0.00000
vt 0.35000 0.06250
vt 0.35000 0.12500
vt 0.35000 0.18750
vt 0.35000 0.25000
vt 0.35000 0.31250
vt 0.35000 0.37500
vt 0.35000 0.43750
vt 0.35000 0.50000
vt 0.35000 0.56250
vt 0.35000 0.62500
vt 0.35000 0.68750
vt 0.35000 0.75000
vt 0.35000 0.81250
vt 0.35000 0.87500
vt 0.35000 0.93750
vt 0.35000 1.00000
vt 0.35500 0.00000
vt 0.35500 0.06250
vt 0.35500 0.12500
vt 0.35500 0.18750
vt 0.35500 0.25000
vt 0.35500 0.31250
vt 0.35500 0.37500
vt 0.35500 0.43750
vt 0.35500 0.50000
vt 0.35500 0.56250
vt 0.35500 0.62500
vt 0.35500 0.68750
vt 0.35500 0.75000
vt 0.35500 0.81250
vt 0.35500 0.87500
vt 0.35500 0.93750
vt 0.35500 1.00000
vt 0.36000 0.00000
vt 0.36000 0.06250
vt 0.36000 0.12500
vt 0.36000 0.18750
vt 0.36000 0.25000
vt 0.36000 0.31250
vt 0.36000 0.37500
vt 0.36000 0.43750
vt 0.36000 0.50000
vt 0.36000 0.56250
vt 0.36000 0.62500
vt 0.36000 0.68750
vt 0.36000 0.75000
vt 0.36000 0.81250
vt 0.36000 0.87500
vt 0.36000 0.93750
vt 0.36000 1.00000
vt 0.36500 0.00000
vt 0.36500 0.06250
vt 0.36500 0.12500
vt 0.36500 0.18750
vt 0.36500 0.25000
vt 0.36500 0.31250
vt 0.36500 0.37500
vt 0.36500 0.43750
vt 0.36500 0.50000
vt 0.36500 0.56250
vt 0.36500 0.62500
vt 0.36500 0.68750
vt 0.36500 0.75000
vt 0.36500 0.81250
vt 0.36500 0.87500
vt 0.36500 0.93750
vt 0.36500 1.00000
vt 0.37000 0.00000
vt 0.37000 0.06250
vt 0.37000 0.12500
vt 0.37000 0.18750
vt 0.37000 0.25000
vt 0.37000 0.31250
vt 0.37000 0.37500
vt 0.37000 0.43750
vt 0.37000 0.50000
vt 0.37000 0.56250
vt 0.37000 0.62500
vt 0.37000 0.68750
vt 0.37000 0.75000
vt 0.37000 0.81250
vt 0.37000 0.87500
vt 0.37000 0.93750
vt 0.37000 1.00000
vt 0.37500 0.00000
vt 0.37500 0.06250
vt 0.37500 0.12500
vt 0.37500 0.18750
vt 0.37500 0.25000
vt 0.37500 0.31250
vt 0.37500 0.37500
vt 0.37500 0.43750
vt 0.37500 0.50000
vt 0.37500 0.56250
vt 0.37500 0.62500
vt 0.37500 0.68750
vt 0.37500 0.75000
vt 0.37500 0.81250
vt 0.37500 0.87500
vt 0.37500 0.93750
vt 0.37500 1.00000
vt 0.38000 0.00000
vt 0.38000 0.06250
vt 0.38000 0.12500
vt 0.38000 0.18750
vt 0.38000 0.25000
vt 0.38000 0.31250
vt 0.38000 0.37500
vt 0.38000 0.43750
vt 0.38000 0.50000
vt 0.38000 0.56250
vt 0.38000 0.62500
vt 0.38000 0.68750
vt 0.38000 0.75000
vt 0.38000 0.81250
vt 0.38000 0.87500
vt 0.38000 0.93750
vt 0.38000 1.00000
vt 0.38500 0.00000
vt 0.38500 0.06250
vt 0.38500 0.12500
vt 0.38500 0.18750
vt 0.38500 0.25000
vt 0.38500 0.31250
vt 0.38500 0.37500
vt 0.38500 0.43750
vt 0.38500 0.50000
vt 0.38500 0.56250
vt 0.38500 0.62500
vt 0.38500 0.68750
vt 0.38500 0.75000
vt 0.38500 0.81250
vt 0.38500 0.87500
vt 0.38500 0.93750
vt 0.38500 1.00000
vt 0.39000 0.00000
vt 0.39000 0.06250
vt 0.39000 0.12500
vt 0.39000 0.18750
vt 0.39000 0.25000
vt 0.39000 0.31250
vt 0.39000 0.37500
vt 0.39000 0.43750
vt 0.39000 0.50000
vt 0.39000 0.56250
vt 0.39000 0.62500
vt 0.39000 0.68750
vt 0.39000 0.75000
vt 0.39000 0.81250
vt 0.39000 0.87500
vt 0.39000 0.93750
vt 0.39000 1.00000
vt 0.39500 0.00000
vt 0.39500 0.06250
vt 0.39500 0.12500
vt 0.39500 0.18750
vt 0.39500 0.25000
vt 0.39500 0.31250
vt 0.39500 0.37500
vt 0.39500 0.43750
vt 0.39500 0.50000
vt 0.39500 0.56250
vt 0.39500 0.62500
vt 0.39500 0.68750
vt 0.39500 0.75000
vt 0.39500 0.81250
vt 0.39500 0.87500
vt 0.39500 0.93750
vt 0.39500 1.00000
vt 0.40000 0.00000
vt 0.40000 0.06250
vt 0.40000 0.12500
vt 0.40000 0.18750
vt 0.40000 0.25000
vt 0.40000 0.31250
vt 0.40000 0.37500
vt 0.40000 0.43750
vt 0.40000 0.50000
vt 0.40000 0.56250
vt 0.40000 0.62500
vt 0.40000 0.68750
vt 0.40000 0.75000
vt 0.40000 0.81250
vt 0.40000 0.87500
vt 0.40000 0.93750
vt 0.40000 1.00000
vt 0.40500 0.00000
vt 0.40500 0.06250
vt 0.40500 0.12500
vt 0.40500 0.18750
vt 0.40500 0.25000
vt 0.40500 0.31250
vt 0.40500 0.37500
vt 0.40500 0.43750
vt 0.40500 0.50000
vt 0.40500 0.56250
vt 0.40500 0.62500
vt 0.40500 0.68750
vt 0.40500 0.75000
vt 0.40500 0.81250
vt 0.40500 0.87500
vt 0.40500 0.93750
vt 0.40500 1.00000
vt 0.41000 0.00000
vt 0.41000 0.06250
vt 0.41000 0.12500
vt 0.41000 0.18750
vt 0.41000 0.25000
vt 0.41000 0.31250
vt 0.41000 0.37500
vt 0.41000 0.43750
vt 0.41000 0.50000
vt 0.41000 0.56250
vt 0.41000 0.62500
vt 0.41000 0.68750
vt 0.41000 0.75000
vt 0.41000 0.81250
vt 0.41000 0.87500
vt 0.41000 0.93750
vt 0.41000 1.00000
vt 0.41500 0.00000
vt 0.41500 0.06250
vt 0.41500 0.12500
vt 0.41500 0.18750
vt 0.41500 0.25000
vt 0.41500 0.31250
vt 0.41500 0.37500
vt 0.41500 0.43750
vt 0.41500 0.50000
vt 0.41500 0.56250
vt 0.41500 0.62500
vt 0.41500 0.68750
vt 0.41500 0.75000
vt 0.41500 0.81250
vt 0.41500 0.87500
vt 0.41500 0.93750
vt 0.41500 1.00000
vt 0.42000 0.00000
vt 0.42000 0.06250
vt 0.42000 0.12500
vt 0.42000 0.18750
vt 0.42000 0.25000
vt 0.42000 0.31250
vt 0.42000 0.37500
vt 0.42000 0.43750
vt 0.42000 0.50000
vt 0.42000 0.56250
vt 0.42000 0.62500
vt 0.42000 0.68750
vt 0.42000 0.75000
vt 0.42000 0.81250
vt 0.42000 0.87500
vt 0.42000 0.93750
vt 0.42000 1.00000
vt 0.42500 0.00000
vt 0.42500 0.06250
vt 0.42500 0.12500
vt 0.42500 0.18750
vt 0.42500 0.25000
vt 0.42500 0.31250
vt 0.42500 0.37500
vt 0.42500 0.43750
vt 0.42500 0.50000
vt 0.42500 0.56250
vt 0.42500 0.62500
vt 0.42500 0.68750
vt 0.42500 0.75000
vt 0.42500 0.81250
vt 0.42500 0.87500
vt 0.42500 0.93750
vt 0.42500 1.00000
vt 0.43000 0.00000
vt 0.43000 0.06250
vt 0.43000 0.12500
vt 0.43000 0.18750
vt 0.43000 0.25000
vt 0.43000 0.31250
vt 0.43000 0.37500
vt 0.43000 0.43750
vt 0.43000 0.50000
vt 0.43000 0.56250
vt 0.43000 0.62500
vt 0.43000 0.68750
vt 0.43000 0.75000
vt 0.43000 0.81250
vt 0.43000 0.87500
vt 0.43000 0.93750
vt 0.43000 1.00000
vt 0.43500 0.00000
vt 0.43500 0.06250
vt 0.43500 0.12500
vt 0.43500 0.18750
vt 0.43500 0.25000
vt 0.43500 0.31250
vt 0.43500 0.37500
vt 0.43500 0.43750
vt 0.43500 0.50000
vt 0.43500 0.56250
vt 0.43500 0.62500
vt 0.43500 0.68750
vt 0.43500 0.75000
vt 0.43500 0.81250
vt 0.43500 0.87500
vt 0.43500 0.93750
vt 0.43500 1.00000
vt 0.44000 0.00000
vt 0.44000 0.06250
vt 0.44000 0.12500
vt 0.44000 0.18750
vt 0.44000 0.25000
vt 0.44000 0.31250
vt 0.44000 0.37500
vt 0.44000 0.43750
vt 0.44000 0.50000
vt 0.44000 0.56250
vt 0.44000 0.62500
vt 0.44000 0.68750
vt 0.44000 0.75000
vt 0.44000 0.81250
vt 0.44000 0.87500
vt 0.44000 0.93750
vt 0.44000 1.00000
vt 0.44500 0.00000
vt 0.44500 0.06250
vt 0.44500 0.12500
vt 0.44500 0.18750
vt 0.44500 0.25000
vt 0.44500 0.31250
vt 0.44500 0.37500
vt 0.44500 0.43750
vt 0.44500 0.50000
vt 0.44500 0.56250
vt 0.44500 0.62500
vt 0.44500 0.68750
vt 0.44500 0.75000
vt 0.44500 0.81250
vt 0.44500 0.87500
vt 0.44500 0.93750
vt 0.44500 1.00000
vt 0.45000 0.00000
vt 0.45000 0.06250
vt 0.45000 0.12500
vt 0.45000 0.18750
vt 0.45000 0.25000
vt 0.45000 0.31250
vt 0.45000 0.37500
vt 0.45000 0.43750
vt 0.45000 0.50000
vt 0.45000 0.56250
vt 0.45000 0.62500
vt 0.45000 0.68750
vt 0.45000 0.75000
vt 0.45000 0.81250
vt 0.45000 0.87500
vt 0.45000 0.93750
vt 0.45000 1.00000
vt 0.45500 0.00000
vt 0.45500 0.06250
vt 0.45500 0.12500
vt 0.45500 0.18750
vt 0.45500 0.25000
vt 0.45500 0.31250
vt 0.45500 0.37500
vt 0.45500 0.43750
vt 0.45500 0.50000
vt 0.45500 0.56250
vt 0.45500 0.62500
vt 0.45500 0.68750
vt 0.45500 0.75000
vt 0.45500 0.81250
vt 0.45500 0.87500
vt 0.45500 0.93750
vt 0.45500 1.00000
vt 0.46000 0.00000
vt 0.46000 0.06250
vt 0.46000 0.12500
vt 0.46000 0.18750
vt 0.46000 0.25000
vt 0.46000 0.31250
vt 0.46000 0.37500
vt 0.46000 0.43750
vt 0.46000 0.50000
vt 0.46000 0.56250
vt 0.46000 0.62500
vt 0.46000 0.68750
vt 0.46000 0.75000
vt 0.46000 0.81250
vt 0.46000 0.87500
vt 0.46000 0.93750
vt 0.46000 1.00000
vt 0.46500 0.00000
vt 0.46500 0.06250
vt 0.46500 0.12500
vt 0.46500 0.18750
vt 0.46500 0.25000
vt 0.46500 0.31250
vt 0.46500 0.37500
vt 0.46500 0.43750
vt 0.46500 0.50000
vt 0.46500 0.56250
vt 0.46500 0.62500
vt 0.46500 0.68750
vt 0.46500 0.75000
vt 0.46500 0.81250
vt 0.46500 0.87500
vt 0.46500 0.93750
vt 0.46500 1.00000
vt 0.47000 0.00000
vt 0.47000 0.06250
vt 0.47000 0.12500
vt 0.47000 0.18750
vt 0.47000 0.25000
vt 0.47000 0.31250
vt 0.47000 0.37500
vt 0.47000 0.43750
vt 0.47000 0.50000
vt 0.47000 0.56250
vt 0.47000 0.62500
vt 0.47000 0.68750
vt 0.47000 0.75000
vt 0.47000 0.81250
vt 0.47000 0.87500
vt 0.47000 0.93750
vt 0.47000 1.00000
vt 0.47500 0.00000
vt 0.47500 0.06250
vt 0.47500 0.12500
vt 0.47500 0.18750
vt 0.47500 0.25000
vt 0.47500 0.31250
vt 0.47500 0.37500
vt 0.47500 0.43750
vt 0.47500 0.50000
vt 0.47500 0.56250
vt 0.47500 0.62500
vt 0.47500 0.68750
vt 0.47500 0.75000
vt 0.47500 0.81250
vt 0.47500 0.87500
vt 0.47500 0.93750
vt 0.47500 1.00000
vt 0.48000 0.00000
vt 0.48000 0.06250
vt 0.48000 0.12500
vt 0.48000 0.18750
vt 0.48000 0.25000
vt 0.48000 0.31250
vt 0.48000 0.37500
vt 0.48000 0.43750
vt 0.48000 0.50000
vt 0.48000 0.56250
vt 0.48000 0.62500
vt 0.48000 0.68750
vt 0.48000 0.75000
vt 0.48000 0.81250
vt 0.48000 0.87500
vt 0.48000 0.93750
vt 0.48000 1.00000
vt 0.48500 0.00000
vt 0.48500 0.06250
vt 0.48500 0.12500
vt 0.48500 0.18750
vt 0.48500 0.25000
vt 0.48500 0.31250
vt 0.48500 0.37500
vt 0.48500 0.43750
vt 0.48500 0.50000
vt 0.48500 0.56250
vt 0.48500 0.62500
vt 0.48500 0.68750
vt 0.48500 0.75000
vt 0.48500 0.81250
vt 0.48500 0.87500
vt 0.48500 0.93750
vt 0.48500 1.00000
vt 0.49000 0.00000
vt 0.49000 0.06250
vt 0.49000 0.12500
vt 0.49000 0.18750
vt 0.49000 0.25000
vt 0.49000 0.31250
vt 0.49000 0.37500
vt 0.49000 0.43750
vt 0.49000 0.50000
vt 0.49000 0.56250
vt 0.49000 0.62500
vt 0.49000 0.68750
vt 0.49000 0.75000
vt 0.49000 0.81250
vt 0.49000 0.87500
vt 0.49000 0.93750
vt 0.49000 1.00000
vt 0.49500 0.00000
vt 0.49500 0.06250
vt 0.49500 0.12500
vt 0.49500 0.18750
vt 0.49500 0.25000
vt 0.49500 0.31250
vt 0.49500 0.37500
vt 0.49500 0.43750
vt 0.49500 0.50000
vt 0.49500 0.56250
vt 0.49500 0.62500
vt 0.49500 0.68750
vt 0.49500 0.75000
vt 0.49500 0.81250
vt 0.49500 0.87500
vt 0.49500 0.93750
vt 0.49500 1.00000
vt 0.50000 0.00000
vt 0.50000 0.06250
vt 0.50000 0.12500
vt 0.50000 0.18750
vt 0.50000 0.25000
vt 0.50000 0.31250
vt 0.50000 0.37500
vt 0.50000 0.43750
vt 0.50000 0.50000
vt 0.50000 0.56250
vt 0.50000 0.62500
vt 0.50000 0.68750
vt 0.50000 0.75000
vt 0.50000 0.81250
vt 0.50000 0.87500
vt 0.50000 0.93750
vt 0.50000 1.00000
vt 0.50500 0.00000
vt 0.50500 0.06250
vt 0.50500 0.12500
vt 0.50500 0.18750
vt 0.50500 0.25000
vt 0.50500 0.31250
vt 0.50500 0.37500
vt 0.50500 0.43750
vt 0.50500 0.50000
vt 0.50500 0.56250
vt 0.50500 0.62500
vt 0.50500 0.68750
vt 0.50500 0.75000
vt 0.50500 0.81250
vt 0.50500 0.87500
vt 0.50500 0.93750
vt 0.50500 1.00000
vt 0.51000 0.00000
vt 0.51000 0.06250
vt 0.51000 0.12500
vt 0.51000 0.18750
vt 0.51000 0.25000
vt 0.51000 0.31250
vt 0.51000 0.37500
vt 0.51000 0.43750
vt 0.51000 0.50000
vt 0.51000 0.56250
vt 0.51000 0.62500
vt 0.51000 0.68750
vt 0.51000 0.75000
vt 0.51000 0.81250
vt 0.51000 0.87500
vt 0.51000 0.93750
vt 0.51000 1.00000
vt 0.51500 0.00000
vt 0.51500 0.06250
vt 0.51500 0.12500
vt 0.51500 0.18750
vt 0.51500 0.25000
vt 0.51500 0.31250
vt 0.51500 0.37500
vt 0.51500 0.43750
vt 0.51500 0.50000
vt 0.51500 0.56250
vt 0.51500 0.62500
vt 0.51500 0.68750
vt 0.51500 0.75000
vt 0.51500 0.81250
vt 0.51500 0.87500
vt 0.51500 0.93750
vt 0.51500 1.00000
vt 0.52000 0.00000
vt 0.52000 0.06250
vt 0.52000 0.12500
vt 0.52000 0.18750
vt 0.52000 0.25000
vt 0.52000 0.31250
vt 0.52000 0.37500
vt 0.52000 0.43750
vt 0.52000 0.50000
vt 0.52000 0.56250
vt 0.52000 0.62500
vt 0.52000 0.68750
vt 0.52000 0.75000
vt 0.52000 0.81250
vt 0.52000 0.87500
vt 0.52000 0.93750
vt 0.52000 1.00000
vt 0.52500 0.00000
vt 0.52500 0.06250
vt 0.52500 0.12500
vt 0.52500 0.18750
vt 0.52500 0.25000
vt 0.52500 0.31250
vt 0.52500 0.37500
vt 0.52500 0.43750
vt 0.52500 0.50000
vt 0.52500 0.56250
vt 0.52500 0.62500
vt 0.52500 0.68750
vt 0.52500 0.75000
vt 0.52500 0.81250
vt 0.52500 0.87500
vt 0.52500 0.93750
vt 0.52500 1.00000
vt 0.53000 0.00000
vt 0.53000 0.06250
vt 0.53000 0.12500
vt 0.53000 0.18750
vt 0.53000 0.25000
vt 0.53000 0.31250
vt 0.53000 0.37500
vt 0.53000 0.43750
vt 0.53000 0.50000
vt 0.53000 0.56250
vt 0.53000 0.62500
vt 0.53000 0.68750
vt 0.53000 0.75000
vt 0.53000 0.81250
vt 0.53000 0.87500
vt 0.53000 0.93750
vt 0.53000 1.00000
vt 0.53500 0.00000
vt 0.53500 0.06250
vt 0.53500 0.12500
vt 0.53500 0.18750
vt 0.53500 0.25000
vt 0.53500 0.31250
vt 0.53500 0.37500
vt 0.53500 0.43750
vt 0.53500 0.50000
vt 0.53500 0.56250
vt 0.53500 0.62500
vt 0.53500 0.68750
vt 0.53500 0.75000
vt 0.53500 0.81250
vt 0.53500 0.87500
vt 0.53500 0.93750
vt 0.53500 1.00000
vt 0.54000 0.00000
vt 0.54000 0.06250
vt 0.54000 0.12500
vt 0.54000 0.18750
vt 0.54000 0.25000
vt 0.54000 0.31250
vt 0.54000 0.37500
vt 0.54000 0.43750
vt 0.54000 0.50000
vt 0.54000 0.56250
vt 0.54000 0.62500
vt 0.54000 0.68750
vt 0.54000 0.75000
vt 0.54000 0.81250
vt 0.54000 0.87500
vt 0.54000 0.93750
vt 0.54000 1.00000
vt 0.54500 0.00000
vt 0.54500 0.06250
vt 0.54500 0.12500
vt 0.54500 0.18750
vt 0.54500 0.25000
vt 0.54500 0.31250
vt 0.54500 0.37500
vt 0.54500 0.43750
vt 0.54500 0.50000
vt 0.54500 0.56250
vt 0.54500 0.62500
vt 0.54500 0.68750
vt 0.54500 0.75000
vt 0.54500 0.81250
vt 0.54500 0.87500
vt 0.54500 0.93750
vt 0.54500 1.00000
vt 0.55000 0.00000
vt 0.55000 0.06250
vt 0.55000 0.12500
vt 0.55000 0.18750
vt 0.55000 0.25000
vt 0.55000 0.31250
vt 0.55000 0.37500
vt 0.55000 0.43750
vt 0.55000 0.50000
vt 0.55000 0.56250
vt 0.55000 0.62500
vt 0.55000 0.68750
vt 0.55000 0.75000
vt 0.55000 0.81250
vt 0.55000 0.87500
vt 0.55000 0.93750
vt 0.55000 1.00000
vt 0.55500 0.00000
vt 0.55500 0.06250
vt 0.55500 0.12500
vt 0.55500 0.18750
vt 0.55500 0.25000
vt 0.55500 0.31250
vt 0.55500 0.37500
vt 0.55500 0.43750
vt 0.55500 0.50000
vt 0.55500 0.56250
vt 0.55500 0.62500
vt 0.55500 0.68750
vt 0.55500 0.75000
vt 0.55500 0.81250
vt 0.55500 0.87500
vt 0.55500 0.93750
vt 0.55500 1.00000
vt 0.56000 0.00000
vt 0.56000 0.06250
vt 0.56000 0.12500
vt 0.56000 0.18750
vt 0.56000 0.25000
vt 0.56000 0.31250
vt 0.56000 0.37500
vt 0.56000 0.43750
vt 0.56000 0.50000
vt 0.56000 0.56250
vt 0.56000 0.62500
vt 0.56000 0.68750
vt 0.56000 0.75000
vt 0.56000 0.81250
vt 0.56000 0.87500
vt 0.56000 0.93750
vt 0.56000 1.00000
vt 0.56500 0.00000
vt 0.56500 0.06250
vt 0.56500 0.12500
vt 0.56500 0.18750
vt 0.56500 0.25000
vt 0.56500 0.31250
vt 0.56500 0.37500
vt 0.56500 0.43750
vt 0.56500 0.50000
vt 0.56500 0.56250
vt 0.56500 0.62500
vt 0.56500 0.68750
vt 0.56500 0.75000
vt 0.56500 0.81250
vt 0.56500 0.87500
vt 0.56500 0.93750
vt 0.56500 1.00000
vt 0.57000 0.00000
vt 0.57000 0.06250
vt 0.57000 0.12500
vt 0.57000 0.18750
vt 0.57000 0.25000
vt 0.57000 0.31250
vt 0.57000 0.37500
vt 0.57000 0.43750
vt 0.57000 0.50000
vt 0.57000 0.56250
vt 0.57000 0.62500
vt 0.57000 0.68750
vt 0.57000 0.75000
vt 0.57000 0.81250
vt 0.57000 0.87500
vt 0.57000 0.93750
vt 0.57000 1.00000
vt 0.57500 0.00000
vt 0.57500 0.06250
vt 0.57500 0.12500
vt 0.57500 0.18750
vt 0.57500 0.25000
vt 0.57500 0.31250
vt 0.57500 0.37500
vt 0.57500 0.43750
vt 0.57500 0.50000
vt 0.57500 0.56250
vt 0.57500 0.62500
vt 0.57500 0.68750
vt 0.57500 0.75000
vt 0.57500 0.81250
vt 0.57500 0.87500
vt 0.57500 0.93750
vt 0.57500 1.00000
vt 0.58000 0.00000
vt 0.58000 0.06250
vt 0.58000 0.12500
vt 0.58000 0.18750
vt 0.58000 0.25000
vt 0.58000 0.31250
vt 0.58000 0.37500
vt 0.58000 0.43750
vt 0.58000 0.50000
vt 0.58000 0.56250
vt 0.58000 0.62500
vt 0.58000 0.68750
vt 0.58000 0.75000
vt 0.58000 0.81250
vt 0.58000 0.87500
vt 0.58000 0.93750
vt 0.58000 1.00000
vt 0.58500 0.00000
vt 0.58500 0.06250
vt 0.58500 0.12500
vt 0.58500 0.18750
vt 0.58500 0.25000
vt 0.58500 0.31250
vt 0.58500 0.37500
vt 0.58500 0.43750
vt 0.58500 0.50000
vt 0.58500 0.56250
vt 0.58500 0.62500
vt 0.58500 0.68750
vt 0.58500 0.75000
vt 0.58500 0.81250
vt 0.58500 0.87500
vt 0.58500 0.93750
vt 0.58500 1.00000
vt 0.59000 0.00000
vt 0.59000 0.06250
vt 0.59000 0.12500
vt 0.59000 0.18750
vt 0.59000 0.25000
vt 0.59000 0.31250
vt 0.59000 0.37500
vt 0.59000 0.43750
vt 0.59000 0.50000
vt 0.59000 0.56250
vt 0.59000 0.62500
vt 0.59000 0.68750
vt 0.59000 0.75000
vt 0.59000 0.81250
vt 0.59000 0.87500
vt 0.59000 0.93750
vt 0.59000 1.00000
vt 0.59500 0.00000
vt 0.59500 0.06250
vt 0.59500 0.12500
vt 0.59500 0.18750
vt 0.59500 0.25000
vt 0.59500 0.31250
vt 0.59500 0.37500
vt 0.59500 0.43750
vt 0.59500 0.50000
vt 0.59500 0.56250
vt 0.59500 0.62500
vt 0.59500 0.68750
vt 0.59500 0.75000
vt 0.59500 0.81250
vt 0.59500 0.87500
vt 0.59500 0.93750
vt 0.59500 1.00000
vt 0.60000 0.00000
vt 0.60000 0.06250
vt 0.60000 0.12500
vt 0.60000 0.18750
vt 0.60000 0.25000
vt 0.60000 0.31250
vt 0.60000 0.37500
vt 0.60000 0.43750
vt 0.60000 0.50000
vt 0.60000 0.56250
vt 0.60000 0.62500
vt 0.60000 0.68750
vt 0.60000 0.75000
vt 0.60000 0.81250
vt 0.60000 0.87500
vt 0.60000 0.93750
vt 0.60000 1.00000
vt 0.60500 0.00000
vt 0.60500 0.06250
vt 0.60500 0.12500
vt 0.60500 0.18750
vt 0.60500 0.25000
vt 0.60500 0.31250
vt 0.60500 0.37500
vt 0.60500 0.43750
vt 0.60500 0.50000
vt 0.60500 0.56250
vt 0.60500 0.62500
vt 0.60500 0.68750
vt 0.60500 0.75000
vt 0.60500 0.81250
vt 0.60500 0.87500
vt 0.60500 0.93750
vt 0.60500 1.00000
vt 0.61000 0.00000
vt 0.61000 0.06250
vt 0.61000 0.12500
vt 0.61000 0.18750
vt 0.61000 0.25000
vt 0.61000 0.31250
vt 0.61000 0.37500
vt 0.61000 0.43750
vt 0.61000 0.50000
vt 0.61000 0.56250
vt 0.61000 0.62500
vt 0.61000 0.68750
vt 0.61000 0.75000
vt 0.61000 0.81250
vt 0.61000 0.87500
vt 0.61000 0.93750
vt 0.61000 1.00000
vt 0.61500 0.00000
vt 0.61500 0.06250
vt 0.61500 0.12500
vt 0.61500 0.18750
vt 0.61500 0.25000
vt 0.61500 0.31250
vt 0.61500 0.37500
vt 0.61500 0.43750
vt 0.61500 0.50000
vt 0.61500 0.56250
vt 0.61500 0.62500
vt 0.61500 0.68750
vt 0.61500 0.75000
vt 0.61500 0.81250
vt 0.61500 0.87500
vt 0.61500 0.93750
vt 0.61500 1.00000
vt 0.62000 0.00000
vt 0.62000 0.06250
vt 0.62000 0.12500
vt 0.62000 0.18750
vt 0.62000 0.25000
vt 0.62000 0.31250
vt 0.62000 0.37500
vt 0.62000 0.43750
vt 0.62000 0.50000
vt 0.62000 0.56250
vt 0.62000 0.62500
vt 0.62000 0.68750
vt 0.62000 0.75000
vt 0.62000 0.81250
vt 0.62000 0.87500
vt 0.62000 0.93750
vt 0.62000 1.00000
vt 0.62500 0.00000
vt 0.62500 0.06250
vt 0.62500 0.12500
vt 0.62500 0.18750
vt 0.62500 0.25000
vt 0.62500 0.31250
vt 0.62500 0.37500
vt 0.62500 0.43750
vt 0.62500 0.50000
vt 0.62500 0.56250
vt 0.62500 0.62500
vt 0.62500 0.68750
vt 0.62500 0.75000
vt 0.62500 0.81250
vt 0.62500 0.87500
vt 0.62500 0.93750
vt 0.62500 1.00000
vt 0.63000 0.00000
vt 0.63000 0.06250
vt 0.63000 0.12500
vt 0.63000 0.18750
vt 0.63000 0.25000
vt 0.63000 0.31250
vt 0.63000 0.37500
vt 0.63000 0.43750
vt 0.63000 0.50000
vt 0.63000 0.56250
vt 0.63000 0.62500
vt 0.63000 0.68750
vt 0.63000 0.75000
vt 0.63000 0.81250
vt 0.63000 0.87500
vt 0.63000 0.93750
vt 0.63000 1.00000
vt 0.63500 0.00000
vt 0.63500 0.06250
vt 0.63500 0.12500
vt 0.63500 0.18750
vt 0.63500 0.25000
vt 0.63500 0.31250
vt 0.63500 0.37500
vt 0.63500 0.43750
vt 0.63500 0.50000
vt 0.63500 0.56250
vt 0.63500 0.62500
vt 0.63500 0.68750
vt 0.63500 0.75000
vt 0.63500 0.81250
vt 0.63500 0.87500
vt 0.63500 0.93750
vt 0.63500 1.00000
vt 0.64000 0.00000
vt 0.64000 0.06250
vt 0.64000 0.12500
vt 0.64000 0.18750
vt 0.64000 0.25000
vt 0.64000 0.31250
vt 0.64000 0.37500
vt 0.64000 0.43750
vt 0.64000 0.50000
vt 0.64000 0.56250
vt 0.64000 0.62500
vt 0.64000 0.68750
vt 0.64000 0.75000
vt 0.64000 0.81250
vt 0.64000 0.87500
vt 0.64000 0.93750
vt 0.64000 1.00000
vt 0.64500 0.00000
vt 0.64500 0.06250
vt 0.64500 0.12500
vt 0.64500 0.18750
vt 0.64500 0.25000
vt 0.64500 0.31250
vt 0.64500 0.37500
vt 0.64500 0.43750
vt 0.64500 0.50000
vt 0.64500 0.56250
vt 0.64500 0.62500
vt 0.64500 0.68750
vt 0.64500 0.75000
vt 0.64500 0.81250
vt 0.64500 0.87500
vt 0.64500 0.93750
vt 0.64500 1.00000
vt 0.65000 0.00000
vt 0.65000 0.06250
vt 0.65000 0.12500
vt 0.65000 0.18750
vt 0.65000 0.25000
vt 0.65000 0.31250
vt 0.65000 0.37500
vt 0.65000 0.43750
vt 0.65000 0.50000
vt 0.65000 0.56250
vt 0.65000 0.62500
vt 0.65000 0.68750
vt 0.65000 0.75000
vt 0.65000 0.81250
vt 0.65000 0.87500
vt 0.65000 0.93750
vt 0.65000 1.00000
vt 0.65500 0.00000
vt 0.65500 0.06250
vt 0.65500 0.12500
vt 0.65500 0.18750
vt 0.65500 0.25000
vt 0.65500 0.31250
vt 0.65500 0.37500
vt 0.65500 0.43750
vt 0.65500 0.50000
vt 0.65500 0.56250
vt 0.65500 0.62500
vt 0.65500 0.68750
vt 0.65500 0.75000
vt 0.65500 0.81250
vt 0.65500 0.87500
vt 0.65500 0.93750
vt 0.65500 1.00000
vt 0.66000 0.00000
vt 0.66000 0.06250
vt 0.66000 0.12500
vt 0.66000 0.18750
vt 0.66000 0.25000
vt 0.66000 0.31250
vt 0.66000 0.37500
vt 0.66000 0.43750
vt 0.66000 0.50000
vt 0.66000 0.56250
vt 0.66000 0.62500
vt 0.66000 0.68750
vt 0.66000 0.75000
vt 0.66000 0.81250
vt 0.66000 0.87500
vt 0.66000 0.93750
vt 0.66000 1.00000
vt 0.66500 0.00000
vt 0.66500 0.06250
vt 0.66500 0.12500
vt 0.66500 0.18750
vt 0.66500 0.25000
vt 0.66500 0.31250
vt 0.66500 0.37500
vt 0.66500 0.43750
vt 0.66500 0.50000
vt 0.66500 0.56250
vt 0.66500 0.62500
vt 0.66500 0.68750
vt 0.66500 0.75000
vt 0.66500 0.81250
vt 0.66500 0.87500
vt 0.66500 0.93750
vt 0.66500 1.00000
vt 0.67000 0.00000
vt 0.67000 0.06250
vt 0.67000 0.12500
vt 0.67000 0.18750
vt 0.67000 0.25000
vt 0.67000 0.31250
vt 0.67000 0.37500
vt 0.67000 0.43750
vt 0.67000 0.50000
vt 0.67000 0.56250
vt 0.67000 0.62500
vt 0.67000 0.68750
vt 0.67000 0.75000
vt 0.67000 0.81250
vt 0.67000 0.87500
vt 0.67000 0.93750
vt 0.67000 1.00000
vt 0.67500 0.00000
vt 0.67500 0.06250
vt 0.67500 0.12500
vt 0.67500 0.18750
vt 0.67500 0.25000
vt 0.67500 0.31250
vt 0.67500 0.37500
vt 0.67500 0.43750
vt 0.67500 0.50000
vt 0.67500 0.56250
vt 0.67500 0.62500
vt 0.67500 0.68750
vt 0.67500 0.75000
vt 0.67500 0.81250
vt 0.67500 0.87500
vt 0.67500 0.93750
vt 0.67500 1.00000
vt 0.68000 0.00000
vt 0.68000 0.06250
vt 0.68000 0.12500
vt 0.68000 0.18750
vt 0.68000 0.25000
vt 0.68000 0.31250
vt 0.68000 0.37500
vt 0.68000 0.43750
vt 0.68000 0.50000
vt 0.68000 0.56250
vt 0.68000 0.62500
vt 0.68000 0.68750
vt 0.68000 0.75000
vt 0.68000 0.81250
vt 0.68000 0.87500
vt 0.68000 0.93750
vt 0.68000 1.00000
vt 0.68500 0.00000
vt 0.68500 0.06250
vt 0.68500 0.12500
vt 0.68500 0.18750
vt 0.68500 0.25000
vt 0.68500 0.31250
vt 0.68500 0.37500
vt 0.68500 0.43750
vt 0.68500 0.50000
vt 0.68500 0.56250
vt 0.68500 0.62500
vt 0.68500 0.68750
vt 0.68500 0.75000
vt 0.68500 0.81250
vt 0.68500 0.87500
vt 0.68500 0.93750
vt 0.68500 1.00000
vt 0.69000 0.00000
vt 0.69000 0.06250
vt 0.69000 0.12500
vt 0.69000 0.18750
vt 0.69000 0.25000
vt 0.69000 0.31250
vt 0.69000 0.37500
vt 0.69000 0.43750
vt 0.69000 0.50000
vt 0.69000 0.56250
vt 0.69000 0.62500
vt 0.69000 0.68750
vt 0.69000 0.75000
vt 0.69000 0.81250
vt 0.69000 0.87500
vt 0.69000 0.93750
vt 0.69000 1.00000
vt 0.69500 0.00000
vt 0.69500 0.06250
vt 0.69500 0.12500
vt 0.69500 0.18750
vt 0.69500 0.25000
vt 0.69500 0.31250
vt 0.69500 0.37500
vt 0.69500 0.43750
vt 0.69500 0.50000
vt 0.69500 0.56250
vt 0.69500 0.62500
vt 0.69500 0.68750
vt 0.69500 0.75000
vt 0.69500 0.81250
vt 0.69500 0.87500
vt 0.69500 0.93750
vt 0.69500 1.00000
vt 0.70000 0.00000
vt 0.70000 0.06250
vt 0.70000 0.12500
vt 0.70000 0.18750
vt 0.70000 0.25000
vt 0.70000 0.31250
vt 0.70000 0.37500
vt 0.70000 0.43750
vt 0.70000 0.50000
vt 0.70000 0.56250
vt 0.70000 0.62500
vt 0.70000 0.68750
vt 0.70000 0.75000
vt 0.70000 0.81250
vt 0.70000 0.87500
vt 0.70000 0.93750
vt 0.70000 1.00000
vt 0.70500 0.00000
vt 0.70500 0.06250
vt 0.70500 0.12500
vt 0.70500 0.18750
vt 0.70500 0.25000
vt 0.70500 0.31250
vt 0.70500 0.37500
vt 0.70500 0.43750
vt 0.70500 0.50000
vt 0.70500 0.56250
vt 0.70500 0.62500
vt 0.70500 0.68750
vt 0.70500 0.75000
vt 0.70500 0.81250
vt 0.70500 0.87500
vt 0.70500 0.93750
vt 0.70500 1.00000
vt 0.71000 0.00000
vt 0.71000 0.06250
vt 0.71000 0.12500
vt 0.71000 0.18750
vt 0.71000 0.25000
vt 0.71000 0.31250
vt 0.71000 0.37500
vt 0.71000 0.43750
vt 0.71000 0.50000
vt 0.71000 0.56250
vt 0.71000 0.62500
vt 0.71000 0.68750
vt 0.71000 0.75000
vt 0.71000 0.81250
vt 0.71000 0.87500
vt 0.71000 0.93750
vt 0.71000 1.00000
vt 0.71500 0.00000
vt 0.71500 0.06250
vt 0.71500 0.12500
vt 0.71500 0.18750
vt 0.71500 0.25000
vt 0.71500 0.31250
vt 0.71500 0.37500
vt 0.71500 0.43750
vt 0.71500 0.50000
vt 0.71500 0.56250
vt 0.71500 0.62500
vt 0.71500 0.68750
vt 0.71500 0.75000
vt 0.71500 0.81250
vt 0.71500 0.87500
vt 0.71500 0.93750
vt 0.71500 1.00000
vt 0.72000 0.00000
vt 0.72000 0.06250
vt 0.72000 0.12500
vt 0.72000 0.18750
vt 0.72000 0.25000
vt 0.72000 0.31250
vt 0.72000 0.37500
vt 0.72000 0.43750
vt 0.72000 0.50000
vt 0.72000 0.56250
vt 0.72000 0.62500
vt 0.72000 0.68750
vt 0.72000 0.75000
vt 0.72000 0.81250
vt 0.72000 0.87500
vt 0.72000 0.93750
vt 0.72000 1.00000
vt 0.72500 0.00000
vt 0.72500 0.06250
vt 0.72500 0.12500
vt 0.72500 0.18750
vt 0.72500 0.25000
vt 0.72500 0.31250
vt 0.72500 0.37500
vt 0.72500 0.43750
vt 0.72500 0.50000
vt 0.72500 0.56250
vt 0.72500 0.62500
vt 0.72500 0.68750
vt 0.72500 0.75000
vt 0.72500 0.81250
vt 0.72500 0.87500
vt 0.72500 0.93750
vt 0.72500 1.00000
vt 0.73000 0.00000
vt 0.73000 0.06250
vt 0.73000 0.12500
vt 0.73000 0.18750
vt 0.73000 0.25000
vt 0.73000 0.31250
vt 0.73000 0.37500
vt 0.73000 0.43750
vt 0.73000 0.50000
vt 0.73000 0.56250
vt 0.73000 0.62500
vt 0.73000 0.68750
vt 0.73000 0.75000
vt 0.73000 0.81250
vt 0.73000 0.87500
vt 0.73000 0.93750
vt 0.73000 1.00000
vt 0.73500 0.00000
vt 0.73500 0.06250
vt 0.73500 0.12500
vt 0.73500 0.18750
vt 0.73500 0.25000
vt 0.73500 0.31250
vt 0.73500 0.37500
vt 0.73500 0.43750
vt 0.73500 0.50000
vt 0.73500 0.56250
vt 0.73500 0.62500
vt 0.73500 0.68750
vt 0.73500 0.75000
vt 0.73500 0.81250
vt 0.73500 0.87500
vt 0.73500 0.93750
vt 0.73500 1.00000
vt 0.74000 0.00000
vt 0.74000 0.06250
vt 0.74000 0.12500
vt 0.74000 0.18750
vt 0.74000 0.25000
vt 0.74000 0.31250
vt 0.74000 0.37500
vt 0.74000 0.43750
vt 0.74000 0.50000
vt 0.74000 0.56250
vt 0.74000 0.62500
vt 0.74000 0.68750
vt 0.74000 0.75000
vt 0.74000 0.81250
vt 0.74000 0.87500
vt 0.74000 0.93750
vt 0.74000 1.00000
vt 0.74500 0.00000
vt 0.74500 0.06250
vt 0.74500 0.12500
vt 0.74500 0.18750
vt 0.74500 0.25000
vt 0.74500 0.31250
vt 0.74500 0.37500
vt 0.74500 0.43750
vt 0.74500 0.50000
vt 0.74500 0.56250
vt 0.74500 0.62500
vt 0.74500 0.68750
vt 0.74500 0.75000
vt 0.74500 0.81250
vt 0.74500 0.87500
vt 0.74500 0.93750
vt 0.74500 1.00000
vt 0.75000 0.00000
vt 0.75000 0.06250
vt 0.75000 0.12500
vt 0.75000 0.18750
vt 0.75000 0.25000
vt 0.75000 0.31250
vt 0.75000 0.37500
vt 0.75000 0.43750
vt 0.75000 0.50000
vt 0.75000 0.56250
vt 0.75000 0.62500
vt 0.75000 0.68750
vt 0.75000 0.75000
vt 0.75000 0.81250
vt 0.75000 0.87500
vt 0.75000 0.93750
vt 0.75000 1.00000
vt 0.75500 0.00000
vt 0.75500 0.06250
vt 0.75500 0.12500
vt 0.75500 0.18750
vt 0.75500 0.25000
vt 0.75500 0.31250
vt 0.75500 0.37500
vt 0.75500 0.43750
vt 0.75500 0.50000
vt 0.75500 0.56250
vt 0.75500 0.62500
vt 0.75500 0.68750
vt 0.75500 0.75000
vt 0.75500 0.81250
vt 0.75500 0.87500
vt 0.75500 0.93750
vt 0.75500 1.00000
vt 0.76000 0.00000
vt 0.76000 0.06250
vt 0.76000 0.12500
vt 0.76000 0.18750
vt 0.76000 0.25000
vt 0.76000 0.31250
vt 0.76000 0.37500
vt 0.76000 0.43750
vt 0.76000 0.50000
vt 0.76000 0.56250
vt 0.76000 0.62500
vt 0.76000 0.68750
vt 0.76000 0.75000
vt 0.76000 0.81250
vt 0.76000 0.87500
vt 0.76000 0.93750
vt 0.76000 1.00000
vt 0.76500 0.00000
vt 0.76500 0.06250
vt 0.76500 0.12500
vt 0.76500 0.18750
vt 0.76500 0.25000
vt 0.76500 0.31250
vt 0.76500 0.37500
vt 0.76500 0.43750
vt 0.76500 0.50000
vt 0.76500 0.56250
vt 0.76500 0.62500
vt 0.76500 0.68750
vt 0.76500 0.75000
vt 0.76500 0.81250
vt 0.76500 0.87500
vt 0.76500 0.93750
vt 0.76500 1.00000
vt 0.77000 0.00000
vt 0.77000 0.06250
vt 0.77000 0.12500
vt 0.77000 0.18750
vt 0.77000 0.25000
vt 0.77000 0.31250
vt 0.77000 0.37500
vt 0.77000 0.43750
vt 0.77000 0.50000
vt 0.77000 0.56250
vt 0.77000 0.62500
vt 0.77000 0.68750
vt 0.77000 0.75000
vt 0.77000 0.81250
vt 0.77000 0.87500
vt 0.77000 0.93750
vt 0.77000 1.00000
vt 0.77500 0.00000
vt 0.77500 0.06250
vt 0.77500 0.12500
vt 0.77500 0.18750
vt 0.77500 0.25000
vt 0.77500 0.31250
vt 0.77500 0.37500
vt 0.77500 0.43750
vt 0.77500 0.50000
vt 0.77500 0.56250
vt 0.77500 0.62500
vt 0.77500 0.68750
vt 0.77500 0.75000
vt 0.77500 0.81250
vt 0.77500 0.87500
vt 0.77500 0.93750
vt 0.77500 1.00000
vt 0.78000 0.00000
vt 0.78000 0.06250
vt 0.78000 0.12500
vt 0.78000 0.18750
vt 0.78000 0.25000
vt 0.78000 0.31250
vt 0.78000 0.37500
vt 0.78000 0.43750
vt 0.78000 0.50000
vt 0.78000 0.56250
vt 0.78000 0.62500
vt 0.78000 0.68750
vt 0.78000 0.75000
vt 0.78000 0.81250
vt 0.78000 0.87500
vt 0.78000 0.93750
vt 0.78000 1.00000
vt 0.78500 0.00000
vt 0.78500 0.06250
vt 0.78500 0.12500
vt 0.78500 0.18750
vt 0.78500 0.25000
vt 0.78500 0.31250
vt 0.78500 0.37500
vt 0.78500 0.43750
vt 0.78500 0.50000
vt 0.78500 0.56250
vt 0.78500 0.62500
vt 0.78500 0.68750
vt 0.78500 0.75000
vt 0.78500 0.81250
vt 0.78500 0.87500
vt 0.78500 0.93750
vt 0.78500 1.00000
vt 0.79000 0.00000
vt 0.79000 0.06250
vt 0.79000 0.12500
vt 0.79000 0.18750
vt 0.79000 0.25000
vt 0.79000 0.31250
vt 0.79000 0.37500
vt 0.79000 0.43750
vt 0.79000 0.50000
vt 0.79000 0.56250
vt 0.79000 0.62500
vt 0.79000 0.68750
vt 0.79000 0.75000
vt 0.79000 0.81250
vt 0.79000 0.87500
vt 0.79000 0.93750
vt 0.79000 1.00000
vt 0.79500 0.00000
vt 0.79500 0.06250
vt 0.79500 0.12500
vt 0.79500 0.18750
vt 0.79500 0.25000
vt 0.79500 0.31250
vt 0.79500 0.37500
vt 0.79500 0.43750
vt 0.79500 0.50000
vt 0.79500 0.56250
vt 0.79500 0.62500
vt 0.79500 0.68750
vt 0.79500 0.75000
vt 0.79500 0.81250
vt 0.79500 0.87500
vt 0.79500 0.93750
vt 0.79500 1.00000
vt 0.80000 0.00000
vt 0.80000 0.06250
vt 0.80000 0.12500
vt 0.80000 0.18750
vt 0.80000 0.25000
vt 0.80000 0.31250
vt 0.80000 0.37500
vt 0.80000 0.43750
vt 0.80000 0.50000
vt 0.80000 0.56250
vt 0.80000 0.62500
vt 0.80000 0.68750
vt 0.80000 0.75000
vt 0.80000 0.81250
vt 0.80000 0.87500
vt 0.80000 0.93750
vt 0.80000 1.00000
vt 0.80500 0.00000
vt 0.80500 0.06250
vt 0.80500 0.12500
vt 0.80500 0.18750
vt 0.80500 0.25000
vt 0.80500 0.31250
vt 0.80500 0.37500
vt 0.80500 0.43750
vt 0.80500 0.50000
vt 0.80500 0.56250
vt 0.80500 0.62500
vt 0.80500 0.68750
vt 0.80500 0.75000
vt 0.80500 0.81250
vt 0.80500 0.87500
vt 0.80500 0.93750
vt 0.80500 1.00000
vt 0.81000 0.00000
vt 0.81000 0.06250
vt 0.81000 0.12500
vt 0.81000 0.18750
vt 0.81000 0.25000
vt 0.81000 0.31250
vt 0.81000 0.37500
vt 0.81000 0.43750
vt 0.81000 0.50000
vt 0.81000 0.56250
vt 0.81000 0.62500
vt 0.81000 0.68750
vt 0.81000 0.75000
vt 0.81000 0.81250
vt 0.81000 0.87500
vt 0.81000 0.93750
vt 0.81000 1.00000
vt 0.81500 0.00000
vt 0.81500 0.06250
vt 0.81500 0.12500
vt 0.81500 0.18750
vt 0.81500 0.25000
vt 0.81500 0.31250
vt 0.81500 0.37500
vt 0.81500 0.43750
vt 0.81500 0.50000
vt 0.81500 0.56250
vt 0.81500 0.62500
vt 0.81500 0.68750
vt 0.81500 0.75000
vt 0.81500 0.81250
vt 0.81500 0.87500
vt 0.81500 0.93750
vt 0.81500 1.00000
vt 0.82000 0.00000
vt 0.82000 0.06250
vt 0.82000 0.12500
vt 0.82000 0.18750
vt 0.82000 0.25000
vt 0.82000 0.31250
vt 0.82000 0.37500
vt 0.82000 0.43750
vt 0.82000 0.50000
vt 0.82000 0.56250
vt 0.82000 0.62500
vt 0.82000 0.68750
vt 0.82000 0.75000
vt 0.82000 0.81250
vt 0.82000 0.87500
vt 0.82000 0.93750
vt 0.82000 1.00000
vt 0.82500 0.00000
vt 0.82500 0.06250
vt 0.82500 0.12500
vt 0.82500 0.18750
vt 0.82500 0.25000
vt 0.82500 0.31250
vt 0.82500 0.37500
vt 0.82500 0.43750
vt 0.82500 0.50000
vt 0.82500 0.56250
vt 0.82500 0.62500
vt 0.82500 0.68750
vt 0.82500 0.75000
vt 0.82500 0.81250
vt 0.82500 0.87500
vt 0.82500 0.93750
vt 0.82500 1.00000
vt 0.83000 0.00000
vt 0.83000 0.06250
vt 0.83000 0.12500
vt 0.83000 0.18750
vt 0.83000 0.25000
vt 0.83000 0.31250
vt 0.83000 0.37500
vt 0.83000 0.43750
vt 0.83000 0.50000
vt 0.83000 0.56250
vt 0.83000 0.62500
vt 0.83000 0.68750
vt 0.83000 0.75000
vt 0.83000 0.81250
vt 0.83000 0.87500
vt 0.83000 0.93750
vt 0.83000 1.00000
vt 0.83500 0.00000
vt 0.83500 0.06250
vt 0.83500 0.12500
vt 0.83500 0.18750
vt 0.83500 0.25000
vt 0.83500 0.31250
vt 0.83500 0.37500
vt 0.83500 0.43750
vt 0.83500 0.50000
vt 0.83500 0.56250
vt 0.83500 0.62500
vt 0.83500 0.68750
vt 0.83500 0.75000
vt 0.83500 0.81250
vt 0.83500 0.87500
vt 0.83500 0.93750
vt 0.83500 1.00000
vt 0.84000 0.00000
vt 0.84000 0.06250
vt 0.84000 0.12500
vt 0.84000 0.18750
vt 0.84000 0.25000
vt 0.84000 0.31250
vt 0.84000 0.37500
vt 0.84000 0.43750
vt 0.84000 0.50000
vt 0.84000 0.56250
vt 0.84000 0.62500
vt 0.84000 0.68750
vt 0.84000 0.75000
vt 0.84000 0.81250
vt 0.84000 0.87500
vt 0.84000 0.93750
vt 0.84000 1.00000
vt 0.84500 0.00000
vt 0.84500 0.06250
vt 0.84500 0.12500
vt 0.84500 0.18750
vt 0.84500 0.25000
vt 0.84500 0.31250
vt 0.84500 0.37500
vt 0.84500 0.43750
vt 0.84500 0.50000
vt 0.84500 0.56250
vt 0.84500 0.62500
vt 0.84500 0.68750
vt 0.84500 0.75000
vt 0.84500 0.81250
vt 0.84500 0.87500
vt 0.84500 0.93750
vt 0.84500 1.00000
vt 0.85000 0.00000
vt 0.85000 0.06250
vt 0.85000 0.12500
vt 0.85000 0.18750
vt 0.85000 0.25000
vt 0.85000 0.31250
vt 0.85000 0.37500
vt 0.85000 0.43750
vt 0.85000 0.50000
vt 0.85000 0.56250
vt 0.85000 0.62500
vt 0.85000 0.68750
vt 0.85000 0.75000
vt 0.85000 0.81250
vt 0.85000 0.87500
vt 0.85000 0.93750
vt 0.85000 1.00000
vt 0.85500 0.00000
vt 0.85500 0.06250
vt 0.85500 0.12500
vt 0.85500 0.18750
vt 0.85500 0.25000
vt 0.85500 0.31250
vt 0.85500 0.37500
vt 0.85500 0.43750
vt 0.85500 0.50000
vt 0.85500 0.56250
vt 0.85500 0.62500
vt 0.85500 0.68750
vt 0.85500 0.75000
vt 0.85500 0.81250
vt 0.85500 0.87500
vt 0.85500 0.93750
vt 0.85500 1.00000
vt 0.86000 0.00000
vt 0.86000 0.06250
vt 0.86000 0.12500
vt 0.86000 0.18750
vt 0.86000 0.25000
vt 0.86000 0.31250
vt 0.86000 0.37500
vt 0.86000 0.43750
vt 0.86000 0.50000
vt 0.86000 0.56250
vt 0.86000 0.62500
vt 0.86000 0.68750
vt 0.86000 0.75000
vt 0.86000 0.81250
vt 0.86000 0.87500
vt 0.86000 0.93750
vt 0.86000 1.00000
vt 0.86500 0.00000
vt 0.86500 0.06250
vt 0.86500 0.12500
vt 0.86500 0.18750
vt 0.86500 0.25000
vt 0.86500 0.31250
vt 0.86500 0.37500
vt 0.86500 0.43750
vt 0.86500 0.50000
vt 0.86500 0.56250
vt 0.86500 0.62500
vt 0.86500 0.68750
vt 0.86500 0.75000
vt 0.86500 0.81250
vt 0.86500 0.87500
vt 0.86500 0.93750
vt 0.86500 1.00000
vt 0.87000 0.00000
vt 0.87000 0.06250
vt 0.87000 0.12500
vt 0.87000 0.18750
vt 0.87000 0.25000
vt 0.87000 0.31250
vt 0.87000 0.37500
vt 0.87000 0.43750
vt 0.87000 0.50000
vt 0.87000 0.56250
vt 0.87000 0.62500
vt 0.87000 0.68750
vt 0.87000 0.75000
vt 0.87000 0.81250
vt 0.87000 0.87500
vt 0.87000 0.93750
vt 0.87000 1.00000
vt 0.87500 0.00000
vt 0.87500 0.06250
vt 0.87500 0.12500
vt 0.87500 0.18750
vt 0.87500 0.25000
vt 0.87500 0.31250
vt 0.87500 0.37500
vt 0.87500 0.43750
vt 0.87500 0.50000
vt 0.87500 0.56250
vt 0.87500 0.62500
vt 0.87500 0.68750
vt 0.87500 0.75000
vt 0.87500 0.81250
vt 0.87500 0.87500
vt 0.87500 0.93750
vt 0.87500 1.00000
vt 0.88000 0.00000
vt 0.88000 0.06250
vt 0.88000 0.12500
vt 0.88000 0.18750
vt 0.88000 0.25000
vt 0.88000 0.31250
vt 0.88000 0.37500
vt 0.88000 0.43750
vt 0.88000 0.50000
vt 0.88000 0.56250
vt 0.88000 0.62500
vt 0.88000 0.68750
vt 0.88000 0.75000
vt 0.88000 0.81250
vt 0.88000 0.87500
vt 0.88000 0.93750
vt 0.88000 1.00000
vt 0.88500 0.00000
vt 0.88500 0.06250
vt 0.88500 0.12500
vt 0.88500 0.18750
vt 0.88500 0.25000
vt 0.88500 0.31250
vt 0.88500 0.37500
vt 0.88500 0.43750
vt 0.88500 0.50000
vt 0.88500 0.56250
vt 0.88500 0.62500
vt 0.88500 0.68750
vt 0.88500 0.75000
vt 0.88500 0.81250
vt 0.88500 0.87500
vt 0.88500 0.93750
vt 0.88500 1.00000
vt 0.89000 0.00000
vt 0.89000 0.06250
vt 0.89000 0.12500
vt 0.89000 0.18750
vt 0.89000 0.25000
vt 0.89000 0.31250
vt 0.89000 0.37500
vt 0.89000 0.43750
vt 0.89000 0.50000
vt 0.89000 0.56250
vt 0.89000 0.62500
vt 0.89000 0.68750
vt 0.89000 0.75000
vt 0.89000 0.81250
vt 0.89000 0.87500
vt 0.89000 0.93750
vt 0.89000 1.00000
vt 0.89500 0.00000
vt 0.89500 0.06250
vt 0.89500 0.12500
vt 0.89500 0.18750
vt 0.89500 0.25000
vt 0.89500 0.31250
vt 0.89500 0.37500
vt 0.89500 0.43750
vt 0.89500 0.50000
vt 0.89500 0.56250
vt 0.89500 0.62500
vt 0.89500 0.68750
vt 0.89500 0.75000
vt 0.89500 0.81250
vt 0.89500 0.87500
vt 0.89500 0.93750
vt 0.89500 1.00000
vt 0.90000 0.00000
vt 0.90000 0.06250
vt 0.90000 0.12500
vt 0.90000 0.18750
vt 0.90000 0.25000
vt 0.90000 0.31250
vt 0.90000 0.37500
vt 0.90000 0.43750
vt 0.90000 0.50000
vt 0.90000 0.56250
vt 0.90000 0.62500
vt 0.90000 0.68750
vt 0.90000 0.75000
vt 0.90000 0.81250
vt 0.90000 0.87500
vt 0.90000 0.93750
vt 0.90000 1.00000
vt 0.90500 0.00000
vt 0.90500 0.06250
vt 0.90500 0.12500
vt 0.90500 0.18750
vt 0.90500 0.25000
vt 0.90500 0.31250
vt 0.90500 0.37500
vt 0.90500 0.43750
vt 0.90500 0.50000
vt 0.90500 0.56250
vt 0.90500 0.62500
vt 0.90500 0.68750
vt 0.90500 0.75000
vt 0.90500 0.81250
vt 0.90500 0.87500
vt 0.90500 0.93750
vt 0.90500 1.00000
vt 0.91000 0.00000
vt 0.91000 0.06250
vt 0.91000 0.12500
vt 0.91000 0.18750
vt 0.91000 0.25000
vt 0.91000 0.31250
vt 0.91000 0.37500
vt 0.91000 0.43750
vt 0.91000 0.50000
vt 0.91000 0.56250
vt 0.91000 0.62500
vt 0.91000 0.68750
vt 0.91000 0.75000
vt 0.91000 0.81250
vt 0.91000 0.87500
vt 0.91000 0.93750
vt 0.91000 1.00000
vt 0.91500 0.00000
vt 0.91500 0.06250
vt 0.91500 0.12500
vt 0.91500 0.18750
vt 0.91500 0.25000
vt 0.91500 0.31250
vt 0.91500 0.37500
vt 0.91500 0.43750
vt 0.91500 0.50000
vt 0.91500 0.56250
vt 0.91500 0.62500
vt 0.91500 0.68750
vt 0.91500 0.75000
vt 0.91500 0.81250
vt 0.91500 0.87500
vt 0.91500 0.93750
vt 0.91500 1.00000
vt 0.92000 0.00000
vt 0.92000 0.06250
vt 0.92000 0.12500
vt 0.92000 0.18750
vt 0.92000 0.25000
vt 0.92000 0.31250
vt 0.92000 0.37500
vt 0.92000 0.43750
vt 0.92000 0.50000
vt 0.92000 0.56250
vt 0.92000 0.62500
vt 0.92000 0.68750
vt 0.92000 0.75000
vt 0.92000 0.81250
vt 0.92000 0.87500
vt 0.92000 0.93750
vt 0.92000 1.00000
vt 0.92500 0.00000
vt 0.92500 0.06250
vt 0.92500 0.12500
vt 0.92500 0.18750
vt 0.92500 0.25000
vt 0.92500 0.31250
vt 0.92500 0.37500
vt 0.92500 0.43750
vt 0.92500 0.50000
vt 0.92500 0.56250
vt 0.92500 0.62500
vt 0.92500 0.68750
vt 0.92500 0.75000
vt 0.92500 0.81250
vt 0.92500 0.87500
vt 0.92500 0.93750
vt 0.92500 1.00000
vt 0.93000 0.00000
vt 0.93000 0.06250
vt 0.93000 0.12500
vt 0.93000 0.18750
vt 0.93000 0.25000
vt 0.93000 0.31250
vt 0.93000 0.37500
vt 0.93000 0.43750
vt 0.93000 0.50000
vt 0.93000 0.56250
vt 0.93000 0.62500
vt 0.93000 0.68750
vt 0.93000 0.75000
vt 0.93000 0.81250
vt 0.93000 0.87500
vt 0.93000 0.93750
vt 0.93000 1.00000
vt 0.93500 0.00000
vt 0.93500 0.06250
vt 0.93500 0.12500
vt 0.93500 0.18750
vt 0.93500 0.25000
vt 0.93500 0.31250
vt 0.93500 0.37500
vt 0.93500 0.43750
vt 0.93500 0.50000
vt 0.93500 0.56250
vt 0.93500 0.62500
vt 0.93500 0.68750
vt 0.93500 0.75000
vt 0.93500 0.81250
vt 0.93500 0.87500
vt 0.93500 0.93750
vt 0.93500 1.00000
vt 0.94000 0.00000
vt 0.94000 0.06250
vt 0.94000 0.12500
vt 0.94000 0.18750
vt 0.94000 0.25000
vt 0.94000 0.31250
vt 0.94000 0.37500
vt 0.94000 0.43750
vt 0.94000 0.50000
vt 0.94000 0.56250
vt 0.94000 0.62500
vt 0.94000 0.68750
vt 0.94000 0.75000
vt 0.94000 0.81250
vt 0.94000 0.87500
vt 0.94000 0.93750
vt 0.94000 1.00000
vt 0.94500 0.00000
vt 0.94500 0.06250
vt 0.94500 0.12500
vt 0.94500 0.18750
vt 0.94500 0.25000
vt 0.94500 0.31250
vt 0.94500 0.37500
vt 0.94500 0.43750
vt 0.94500 0.50000
vt 0.94500 0.56250
vt 0.94500 0.62500
vt 0.94500 0.68750
vt 0.94500 0.75000
vt 0.94500 0.81250
vt 0.94500 0.87500
vt 0.94500 0.93750
vt 0.94500 1.00000
vt 0.95000 0.00000
vt 0.95000 0.06250
vt 0.95000 0.12500
vt 0.95000 0.18750
vt 0.95000 0.25000
vt 0.95000 0.31250
vt 0.95000 0.37500
vt 0.95000 0.43750
vt 0.95000 0.50000
vt 0.95000 0.56250
vt 0.95000 0.62500
vt 0.95000 0.68750
vt 0.95000 0.75000
vt 0.95000 0.81250
vt 0.95000 0.87500
vt 0.95000 0.93750
vt 0.95000 1.00000
vt 0.95500 0.00000
vt 0.95500 0.06250
vt 0.95500 0.12500
vt 0.95500 0.18750
vt 0.95500 0.25000
vt 0.95500 0.31250
vt 0.95500 0.37500
vt 0.95500 0.43750
vt 0.95500 0.50000
vt 0.95500 0.56250
vt 0.95500 0.62500
vt 0.95500 0.68750
vt 0.95500 0.75000
vt 0.95500 0.81250
vt 0.95500 0.87500
vt 0.95500 0.93750
vt 0.95500 1.00000
vt 0.96000 0.00000
vt 0.96000 0.06250
vt 0.96000 0.12500
vt 0.96000 0.18750
vt 0.96000 0.25000
vt 0.96000 0.31250
vt 0.96000 0.37500
vt 0.96000 0.43750
vt 0.96000 0.50000
vt 0.96000 0.56250
vt 0.96000 0.62500
vt 0.96000 0.68750
vt 0.96000 0.75000
vt 0.96000 0.81250
vt 0.96000 0.87500
vt 0.96000 0.93750
vt 0.96000 1.00000
vt 0.96500 0.00000
vt 0.96500 0.06250
vt 0.96500 0.12500
vt 0.96500 0.18750
vt 0.96500 0.25000
vt 0.96500 0.31250
vt 0.96500 0.37500
vt 0.96500 0.43750
vt 0.96500 0.50000
vt 0.96500 0.56250
vt 0.96500 0.62500
vt 0.96500 0.68750
vt 0.96500 0.75000
vt 0.96500 0.81250
vt 0.96500 0.87500
vt 0.96500 0.93750
vt 0.96500 1.00000
vt 0.97000 0.00000
vt 0.97000 0.06250
vt 0.97000 0.12500
vt 0.97000 0.18750
vt 0.97000 0.25000
vt 0.97000 0.31250
vt 0.97000 0.37500
vt 0.97000 0.43750
vt 0.97000 0.50000
vt 0.97000 0.56250
vt 0.97000 0.62500
vt 0.97000 0.68750
vt 0.97000 0.75000
vt 0.97000 0.81250
vt 0.97000 0.87500
vt 0.97000 0.93750
vt 0.97000 1.00000
vt 0.97500 0.00000
vt 0.97500 0.06250
vt 0.97500 0.12500
vt 0.97500 0.18750
vt 0.97500 0.25000
vt 0.97500 0.31250
vt 0.97500 0.37500
vt 0.97500 0.43750
vt 0.97500 0.50000
vt 0.97500 0.56250
vt 0.97500 0.62500
vt 0.97500 0.68750
vt 0.97500 0.75000
vt 0.97500 0.81250
vt 0.97500 0.87500
vt 0.97500 0.93750
vt 0.97500 1.00000
vt 0.98000 0.00000
vt 0.98000 0.06250
vt 0.98000 0.12500
vt 0.98000 0.18750
vt 0.98000 0.25000
vt 0.98000 0.31250
vt 0.98000 0.37500
vt 0.98000 0.43750
vt 0.98000 0.50000
vt 0.98000 0.56250
vt 0.98000 0.62500
vt 0.98000 0.68750
vt 0.98000 0.75000
vt 0.98000 0.81250
vt 0.98000 0.87500
vt 0.98000 0.93750
vt 0.98000 1.00000
vt 0.98500 0.00000
vt 0.98500 0.06250
vt 0.98500 0.12500
vt 0.98500 0.18750
vt 0.98500 0.25000
vt 0.98500 0.31250
vt 0.98500 0.37500
vt 0.98500 0.43750
vt 0.98500 0.50000
vt 0.98500 0.56250
vt 0.98500 0.62500
vt 0.98500 0.68750
vt 0.98500 0.75000
vt 0.98500 0.81250
vt 0.98500 0.87500
vt 0.98500 0.93750
vt 0.98500 1.00000
vt 0.99000 0.00000
vt 0.99000 0.06250
vt 0.99000 0.12500
vt 0.99000 0.18750
vt 0.99000 0.25000
vt 0.99000 0.31250
vt 0.99000 0.37500
vt 0.99000 0.43750
vt 0.99000 0.50000
vt 0.99000 0.56250
vt 0.99000 0.62500
vt 0.99000 0.68750
vt 0.99000 0.75000
vt 0.99000 0.81250
vt 0.99000 0.87500
vt 0.99000 0.93750
vt 0.99000 1.00000
vt 0.99500 0.00000
vt 0.99500 0.06250
vt 0.99500 0.12500
vt 0.99500 0.18750
vt 0.99500 0.25000
vt 0.99500 0.31250
vt 0.99500 0.37500
vt 0.99500 0.43750
vt 0.99500 0.50000
vt 0.99500 0.56250
vt 0.99500 0.62500
vt 0.99500 0.68750
vt 0.99500 0.75000
vt 0.99500 0.81250
vt 0.99500 0.87500
vt 0.99500 0.93750
vt 0.99500 1.00000
vt 1.00000 0.00000
vt 1.00000 0.06250
vt 1.00000 0.12500
vt 1.00000 0.18750
vt 1.00000 0.25000
vt 1.00000 0.31250
vt 1.00000 0.37500
vt 1.00000 0.43750
vt 1.00000 0.50000
vt 1.00000 0.56250
vt 1.00000 0.62500
vt 1.00000 0.68750
vt 1.00000 0.75000
vt 1.00000 0.81250
vt 1.00000 0.87500
vt 1.00000 0.93750
vt 1.00000 1.00000
vn 1.00000 0.00175 -0.00000
vn 0.92418 -0.16952 -0.34228
vn 0.70766 -0.31499 -0.63246
vn 0.38341 -0.41250 -0.82634
vn 0.00078 -0.44721 -0.89443
vn -0.38196 -0.41384 -0.82634
vn -0.70655 -0.31746 -0.63246
vn -0.92358 -0.17276 -0.34228
vn -1.00000 -0.00175 -0.00000
vn -0.92418 0.16952 0.34228
vn -0.70766 0.31499 0.63246
vn -0.38341 0.41250 0.82634
vn -0.00078 0.44721 0.89443
vn 0.38196 0.41384 0.82634
vn 0.70655 0.31746 0.63246
vn 0.92358 0.17276 0.34228
vn 1.00000 0.00175 0.00000
vn 0.99377 0.11144 -0.00000
vn 0.93713 -0.06655 -0.34257
vn 0.73782 -0.23440 -0.63299
vn 0.42619 -0.36657 -0.82704
vn 0.04967 -0.44293 -0.89518
vn -0.33441 -0.45186 -0.82704
vn -0.66758 -0.39200 -0.63299
vn -0.89912 -0.27246 -0.34257
vn -0.99377 -0.11144 -0.00000
vn -0.93713 0.06655 0.34257
vn -0.73782 0.23440 0.63299
vn -0.42619 0.36657 0.82704
vn -0.04967 0.44293 0.89518
vn 0.33441 0.45186 0.82704
vn 0.66758 0.39200 0.63299
vn 0.89912 0.27246 0.34257
vn 0.99377 0.11144 0.00000
vn 0.97560 0.21957 -0.00000
vn 0.93841 0.03811 -0.34341
vn 0.75836 -0.14916 -0.63454
vn 0.46286 -0.31372 -0.82906
vn 0.09689 -0.43051 -0.89737
vn -0.28383 -0.48177 -0.82906
vn -0.62134 -0.45968 -0.63454
vn -0.86425 -0.36761 -0.34341
vn -0.97560 -0.21957 -0.00000
vn -0.93841 -0.03811 0.34341
vn -0.75836 0.14916 0.63454
vn -0.46286 0.31372 0.82906
vn -0.09689 0.43051 0.89737
vn 0.28383 0.48177 0.82906
vn 0.62134 0.45968 0.63454
vn 0.86425 0.36761 0.34341
vn 0.97560 0.21957 0.00000
vn 0.94583 0.32467 -0.00000
vn 0.92774 0.14291 -0.34478
vn 0.76842 -0.06062 -0.63707
vn 0.49211 -0.25491 -0.83238
vn 0.14088 -0.41040 -0.90096
vn -0.23180 -0.50341 -0.83238
vn -0.56918 -0.51977 -0.63707
vn -0.81992 -0.45701 -0.34478
vn -0.94583 -0.32467 -0.00000
vn -0.92774 -0.14291 0.34478
vn -0.76842 0.06062 0.63707
vn -0.49211 0.25491 0.83238
vn -0.14088 0.41040 0.90096
vn 0.23180 0.50341 0.83238
vn 0.56918 0.51977 0.63707
vn 0.81992 0.45701 0.34478
vn 0.94583 0.32467 0.00000
vn 0.90503 0.42534 -0.00000
vn 0.90508 0.24628 -0.34667
vn 0.76734 0.02972 -0.64055
vn 0.51278 -0.19136 -0.83692
vn 0.18015 -0.38331 -0.90588
vn -0.17991 -0.51691 -0.83692
vn -0.51257 -0.57181 -0.64055
vn -0.76720 -0.53965 -0.34667
vn -0.90503 -0.42534 -0.00000
vn -0.90508 -0.24628 0.34667
vn -0.76734 -0.02972 0.64055
vn -0.51278 0.19136 0.83692
vn -0.18015 0.38331 0.90588
vn 0.17991 0.51691 0.83692
vn 0.51257 0.57181 0.64055
vn 0.76720 0.53965 0.34667
vn 0.90503 0.42534 0.00000
vn 0.85398 0.52030 -0.00000
vn 0.87064 0.34667 -0.34902
vn 0.75474 0.12026 -0.64491
vn 0.52395 -0.12446 -0.84261
vn 0.21338 -0.35023 -0.91203
vn -0.12966 -0.52268 -0.84261
vn -0.45297 -0.61556 -0.64491
vn -0.70732 -0.61472 -0.34902
vn -0.85398 -0.52030 -0.00000
vn -0.87064 -0.34667 0.34902
vn -0.75474 -0.12026 0.64491
vn -0.52395 0.12446 0.84261
vn -0.21338 0.35023 0.91203
vn 0.12966 0.52268 0.84261
vn 0.45297 0.61556 0.64491
vn 0.70732 0.61472 0.34902
vn 0.85398 0.52030 0.00000
vn 0.79361 0.60843 -0.00000
vn 0.82484 0.44259 -0.35180
vn 0.73049 0.20937 -0.65004
vn 0.52493 -0.05573 -0.84932
vn 0.23946 -0.31234 -0.91930
vn -0.08247 -0.52140 -0.84932
vn -0.39184 -0.65108 -0.65004
vn -0.64156 -0.68164 -0.35180
vn -0.79361 -0.60843 -0.00000
vn -0.82484 -0.44259 0.35180
vn -0.73049 -0.20937 0.65004
vn -0.52493 0.05573 0.84932
vn -0.23946 0.31234 0.91930
vn 0.08247 0.52140 0.84932
vn 0.39184 0.65108 0.65004
vn 0.64156 0.68164 0.35180
vn 0.79361 0.60843 0.00000
vn 0.72498 0.68877 -0.00000
vn 0.76832 0.53263 -0.35494
vn 0.69470 0.29541 -0.65585
vn 0.51531 0.01321 -0.85690
vn 0.25747 -0.27100 -0.92751
vn -0.03957 -0.51396 -0.85690
vn -0.33058 -0.67866 -0.65585
vn -0.57126 -0.74005 -0.35494
vn -0.72498 -0.68877 -0.00000
vn -0.76832 -0.53263 0.35494
vn -0.69470 -0.29541 0.65585
vn -0.51531 -0.01321 0.85690
vn -0.25747 0.27100 0.92751
vn 0.03957 0.51396 0.85690
vn 0.33058 0.67866 0.65585
vn 0.57126 0.74005 0.35494
vn 0.72498 0.68877 0.00000
vn 0.64926 0.76057 -0.00000
vn 0.70192 0.61553 -0.35837
vn 0.64773 0.37678 -0.66219
vn 0.49492 0.08067 -0.86519
vn 0.26676 -0.22772 -0.93647
vn -0.00200 -0.50144 -0.86519
vn -0.27047 -0.69883 -0.66219
vn -0.49775 -0.78982 -0.35837
vn -0.64926 -0.76057 -0.00000
vn -0.70192 -0.61553 0.35837
vn -0.64773 -0.37678 0.66219
vn -0.49492 -0.08067 0.86519
vn -0.26676 0.22772 0.93647
vn 0.00200 0.50144 0.86519
vn 0.27047 0.69883 0.66219
vn 0.49775 0.78982 0.35837
vn 0.64926 0.76057 0.00000
vn 0.56768 0.82325 -0.00000
vn 0.62663 0.69014 -0.36201
vn 0.59017 0.45196 -0.66890
vn 0.46387 0.14498 -0.87396
vn 0.26695 -0.18408 -0.94597
vn 0.02938 -0.48511 -0.87396
vn -0.21265 -0.71229 -0.66890
vn -0.42232 -0.83102 -0.36201
vn -0.56768 -0.82325 -0.00000
vn -0.62663 -0.69014 0.36201
vn -0.59017 -0.45196 0.66890
vn -0.46387 -0.14498 0.87396
vn -0.26695 0.18408 0.94597
vn -0.02938 0.48511 0.87396
vn 0.21265 0.71229 0.66890
vn 0.42232 0.83102 0.36201
vn 0.56768 0.82325 0.00000
vn 0.48152 0.87644 -0.00000
vn 0.54356 0.75550 -0.36574
vn 0.52285 0.51954 -0.67580
vn 0.42254 0.20449 -0.88297
vn 0.25790 -0.14169 -0.95572
vn 0.05400 -0.46630 -0.88297
vn -0.15812 -0.71993 -0.67580
vn -0.34617 -0.86395 -0.36574
vn -0.48152 -0.87644 -0.00000
vn -0.54356 -0.75550 0.36574
vn -0.52285 -0.51954 0.67580
vn -0.42254 -0.20449 0.88297
vn -0.25790 0.14169 0.95572
vn -0.05400 0.46630 0.88297
vn 0.15812 0.71993 0.67580
vn 0.34617 0.86395 0.36574
vn 0.48152 0.87644 0.00000
vn 0.39202 0.91996 -0.00000
vn 0.45394 0.81083 -0.36946
vn 0.44675 0.57826 -0.68267
vn 0.37155 0.25765 -0.89195
vn 0.23978 -0.10218 -0.96544
vn 0.07151 -0.44645 -0.89195
vn -0.10765 -0.72276 -0.68267
vn -0.27042 -0.88903 -0.36946
vn -0.39202 -0.91996 -0.00000
vn -0.45394 -0.81083 0.36946
vn -0.44675 -0.57826 0.68267
vn -0.37155 -0.25765 0.89195
vn -0.23978 0.10218 0.96544
vn -0.07151 0.44645 0.89195
vn 0.10765 0.72276 0.68267
vn 0.27042 0.88903 0.36946
vn 0.39202 0.91996 0.00000
vn 0.30045 0.95380 -0.00000
vn 0.35909 0.85552 -0.37302
vn 0.36306 0.62700 -0.68925
vn 0.31175 0.30302 -0.90055
vn 0.21299 -0.06709 -0.97475
vn 0.08180 -0.42699 -0.90055
vn -0.06184 -0.72188 -0.68925
vn -0.19607 -0.90687 -0.37302
vn -0.30045 -0.95380 -0.00000
vn -0.35909 -0.85552 0.37302
vn -0.36306 -0.62700 0.68925
vn -0.31175 -0.30302 0.90055
vn -0.21299 0.06709 0.97475
vn -0.08180 0.42699 0.90055
vn 0.06184 0.72188 0.68925
vn 0.19607 0.90687 0.37302
vn 0.30045 0.95380 0.00000
vn 0.20799 0.97813 -0.00000
vn 0.26036 0.88917 -0.37628
vn 0.27308 0.66485 -0.69527
vn 0.24424 0.33930 -0.90842
vn 0.17821 -0.03789 -0.98326
vn 0.08505 -0.40932 -0.90842
vn -0.02106 -0.71844 -0.69527
vn -0.12396 -0.91818 -0.37628
vn -0.20799 -0.97813 -0.00000
vn -0.26036 -0.88917 0.37628
vn -0.27308 -0.66485 0.69527
vn -0.24424 -0.33930 0.90842
vn -0.17821 0.03789 0.98326
vn -0.08505 0.40932 0.90842
vn 0.02106 0.71844 0.69527
vn 0.12396 0.91818 0.37628
vn 0.20799 0.97813 0.00000
vn 0.11579 0.99327 -0.00000
vn 0.15915 0.91158 -0.37906
vn 0.17828 0.69111 -0.70041
vn 0.17027 0.36543 -0.91514
vn 0.13634 -0.01589 -0.99054
vn 0.08165 -0.39479 -0.91514
vn 0.01453 -0.71359 -0.70041
vn -0.05481 -0.92375 -0.37906
vn -0.11579 -0.99327 -0.00000
vn -0.15915 -0.91158 0.37906
vn -0.17828 -0.69111 0.70041
vn -0.17027 -0.36543 0.91514
vn -0.13634 0.01589 0.99054
vn -0.08165 0.39479 0.91514
vn -0.01453 0.71359 0.70041
vn 0.05481 0.92375 0.37906
vn 0.11579 0.99327 0.00000
vn 0.02492 0.99969 -0.00000
vn 0.05689 0.92275 -0.38118
vn 0.08020 0.70533 -0.70433
vn 0.09130 0.38053 -0.92025
vn 0.08850 -0.00221 -0.99607
vn 0.07222 -0.38460 -0.92025
vn 0.04496 -0.70845 -0.70433
vn 0.01085 -0.92444 -0.38118
vn -0.02492 -0.99969 -0.00000
vn -0.05689 -0.92275 0.38118
vn -0.08020 -0.70533 0.70433
vn -0.09130 -0.38053 0.92025
vn -0.08850 0.00221 0.99607
vn -0.07222 0.38460 0.92025
vn -0.04496 0.70845 0.70433
vn -0.01085 0.92444 0.38118
vn 0.02492 0.99969 0.00000
vn -0.06365 0.99797 0.00000
vn -0.04503 0.92288 -0.38243
vn -0.01956 0.70730 -0.70665
vn 0.00889 0.38403 -0.92328
vn 0.03599 0.00230 -0.99935
vn 0.05761 -0.37979 -0.92328
vn 0.07046 -0.70405 -0.70665
vn 0.07258 -0.92113 -0.38243
vn 0.06365 -0.99797 -0.00000
vn 0.04503 -0.92288 0.38243
vn 0.01956 -0.70730 0.70665
vn -0.00889 -0.38403 0.92328
vn -0.03599 -0.00230 0.99935
vn -0.05761 0.37979 0.92328
vn -0.07046 0.70405 0.70665
vn -0.07258 0.92113 0.38243
vn -0.06365 0.99797 0.00000
vn -0.14901 0.98884 0.00000
vn -0.14522 0.91243 -0.38261
vn -0.11932 0.69711 -0.70697
vn -0.07525 0.37566 -0.92370
vn -0.01973 -0.00297 -0.99980
vn 0.03879 -0.38116 -0.92370
vn 0.09141 -0.70132 -0.70697
vn 0.13012 -0.91470 -0.38261
vn 0.14901 -0.98884 -0.00000
vn 0.14522 -0.91243 0.38261
vn 0.11932 -0.69711 0.70697
vn 0.07525 -0.37566 0.92370
vn 0.01973 0.00297 0.99980
vn -0.03879 0.38116 0.92370
vn -0.09141 0.70132 0.70697
vn -0.13012 0.91470 0.38261
vn -0.14901 0.98884 0.00000
vn -0.23035 0.97311 0.00000
vn -0.24234 0.89205 -0.38148
vn -0.21743 0.67518 -0.70488
vn -0.15942 0.35552 -0.92097
vn -0.07714 -0.01826 -0.99685
vn 0.01688 -0.38926 -0.92097
vn 0.10834 -0.70100 -0.70488
vn 0.18330 -0.90602 -0.38148
vn 0.23035 -0.97311 -0.00000
vn 0.24234 -0.89205 0.38148
vn 0.21743 -0.67518 0.70488
vn 0.15942 -0.35552 0.92097
vn 0.07714 0.01826 0.99685
vn -0.01688 0.38926 0.92097
vn -0.10834 0.70100 0.70488
vn -0.18330 0.90602 0.38148
vn -0.23035 0.97311 0.00000
vn -0.30695 0.95173 0.00000
vn -0.33512 0.86266 -0.37883
vn -0.31227 0.64226 -0.69999
vn -0.24188 0.32408 -0.91458
vn -0.13467 -0.04343 -0.98994
vn -0.00695 -0.40434 -0.91458
vn 0.12182 -0.70368 -0.69999
vn 0.23205 -0.89590 -0.37883
vn 0.30695 -0.95173 -0.00000
vn 0.33512 -0.86266 0.37883
vn 0.31227 -0.64226 0.69999
vn 0.24188 -0.32408 0.91458
vn 0.13467 0.04343 0.98994
vn 0.00695 0.40434 0.91458
vn -0.12182 0.70368 0.69999
vn -0.23205 0.89590 0.37883
vn -0.30695 0.95173 0.00000
vn -0.37816 0.92574 0.00000
vn -0.42239 0.82545 -0.37447
vn -0.40232 0.59948 -0.69192
vn -0.32099 0.28226 -0.90404
vn -0.19080 -0.07794 -0.97853
vn -0.03156 -0.42627 -0.90404
vn 0.13248 -0.70971 -0.69192
vn 0.27636 -0.88510 -0.37447
vn 0.37816 -0.92574 -0.00000
vn 0.42239 -0.82545 0.37447
vn 0.40232 -0.59948 0.69192
vn 0.32099 -0.28226 0.90404
vn 0.19080 0.07794 0.97853
vn 0.03156 0.42627 0.90404
vn -0.13248 0.70971 0.69192
vn -0.27636 0.88510 0.37447
vn -0.37816 0.92574 0.00000
vn -0.44340 0.89632 0.00000
vn -0.50310 0.78187 -0.36821
vn -0.48620 0.54838 -0.68036
vn -0.39528 0.23140 -0.88893
vn -0.24419 -0.12080 -0.96217
vn -0.05592 -0.45461 -0.88893
vn 0.14087 -0.71921 -0.68036
vn 0.31621 -0.87432 -0.36821
vn 0.44340 -0.89632 -0.00000
vn 0.50310 -0.78187 0.36821
vn 0.48620 -0.54838 0.68036
vn 0.39528 -0.23140 0.88893
vn 0.24419 0.12080 0.96217
vn 0.05592 0.45461 0.88893
vn -0.14087 0.71921 0.68036
vn -0.31621 0.87432 0.36821
vn -0.44340 0.89632 0.00000
vn -0.50217 0.86477 0.00000
vn -0.57635 0.73367 -0.35993
vn -0.56278 0.49088 -0.66507
vn -0.46354 0.17335 -0.86895
vn -0.29373 -0.17057 -0.94055
vn -0.07920 -0.48852 -0.86895
vn 0.14739 -0.73209 -0.66507
vn 0.35154 -0.86422 -0.35993
vn 0.50217 -0.86477 -0.00000
vn 0.57635 -0.73367 0.35993
vn 0.56278 -0.49088 0.66507
vn 0.46354 -0.17335 0.86895
vn 0.29373 0.17057 0.94055
vn 0.07920 0.48852 0.86895
vn -0.14739 0.73209 0.66507
vn -0.35154 0.86422 0.35993
vn -0.50217 0.86477 0.00000
vn -0.55397 0.83253 0.00000
vn -0.64142 0.68292 -0.34958
vn -0.63121 0.42933 -0.64595
vn -0.52491 0.11038 -0.84397
vn -0.33869 -0.22537 -0.91351
vn -0.10092 -0.52681 -0.84397
vn 0.15223 -0.74805 -0.64595
vn 0.38219 -0.85541 -0.34958
vn 0.55397 -0.83253 -0.00000
vn 0.64142 -0.68292 0.34958
vn 0.63121 -0.42933 0.64595
vn 0.52491 -0.11038 0.84397
vn 0.33869 0.22537 0.91351
vn 0.10092 0.52681 0.84397
vn -0.15223 0.74805 0.64595
vn -0.38219 0.85541 0.34958
vn -0.55397 0.83253 0.00000
vn -0.59835 0.80124 0.00000
vn -0.69779 0.63197 -0.33720
vn -0.69100 0.36650 -0.62306
vn -0.57901 0.04523 -0.81407
vn -0.37887 -0.28293 -0.88114
vn -0.12105 -0.56802 -0.81407
vn 0.15519 -0.76662 -0.62306
vn 0.40781 -0.84852 -0.33720
vn 0.59835 -0.80124 -0.00000
vn 0.69779 -0.63197 0.33720
vn 0.69100 -0.36650 0.62306
vn 0.57901 -0.04523 0.81407
vn 0.37887 0.28293 0.88114
vn 0.12105 0.56802 0.81407
vn -0.15519 0.76662 0.62306
vn -0.40781 0.84852 0.33720
vn -0.59835 0.80124 0.00000
vn -0.63477 0.77270 0.00000
vn -0.74512 0.58354 -0.32292
vn -0.74204 0.30553 -0.59668
vn -0.62598 -0.01899 -0.77961
vn -0.41463 -0.34061 -0.84384
vn -0.14015 -0.61039 -0.77961
vn 0.15566 -0.78723 -0.59668
vn 0.42778 -0.84423 -0.32292
vn 0.63477 -0.77270 -0.00000
vn 0.74512 -0.58354 0.32292
vn 0.74204 -0.30553 0.59668
vn 0.62598 0.01899 0.77961
vn 0.41463 0.34061 0.84384
vn 0.14015 0.61039 0.77961
vn -0.15566 0.78723 0.59668
vn -0.42778 0.84423 0.32292
vn -0.63477 0.77270 0.00000
vn -0.66261 0.74896 0.00000
vn -0.78324 0.54061 -0.30705
vn -0.78462 0.24995 -0.56736
vn -0.66655 -0.07876 -0.74129
vn -0.44701 -0.39547 -0.80236
vn -0.15941 -0.65198 -0.74129
vn 0.15246 -0.80924 -0.56736
vn 0.44111 -0.84329 -0.30705
vn 0.66261 -0.74896 -0.00000
vn 0.78324 -0.54061 0.30705
vn 0.78462 -0.24995 0.56736
vn 0.66655 0.07876 0.74129
vn 0.44701 0.39547 0.80236
vn 0.15941 0.65198 0.74129
vn -0.15246 0.80924 0.56736
vn -0.44111 0.84329 0.30705
vn -0.66261 0.74896 0.00000
vn -0.68106 0.73223 0.00000
vn -0.81202 0.50646 -0.29003
vn -0.81936 0.20359 -0.53591
vn -0.70196 -0.13027 -0.70020
vn -0.47769 -0.44431 -0.75789
vn -0.18070 -0.69070 -0.70020
vn 0.14380 -0.83194 -0.53591
vn 0.44641 -0.84652 -0.29003
vn 0.68106 -0.73223 -0.00000
vn 0.81202 -0.50646 0.29003
vn 0.81936 -0.20359 0.53591
vn 0.70196 0.13027 0.70020
vn 0.47769 0.44431 0.75789
vn 0.18070 0.69070 0.70020
vn -0.14380 0.83194 0.53591
vn -0.44641 0.84652 0.29003
vn -0.68106 0.73223 0.00000
vn -0.68895 0.72481 0.00000
vn -0.83125 0.48453 -0.27251
vn -0.84699 0.17049 -0.50353
vn -0.73379 -0.16951 -0.65789
vn -0.50887 -0.48370 -0.71210
vn -0.20648 -0.72425 -0.65789
vn 0.12734 -0.85454 -0.50353
vn 0.44177 -0.85474 -0.27251
vn 0.68895 -0.72481 -0.00000
vn 0.83125 -0.48453 0.27251
vn 0.84699 -0.17049 0.50353
vn 0.73379 0.16951 0.65789
vn 0.50887 0.48370 0.71210
vn 0.20648 0.72425 0.65789
vn -0.12734 0.85454 0.50353
vn -0.44177 0.85474 0.27251
vn -0.68895 0.72481 0.00000
vn -0.68476 0.72876 0.00000
vn -0.84038 0.47809 -0.25532
vn -0.86805 0.15464 -0.47178
vn -0.76357 -0.19236 -0.61641
vn -0.54284 -0.51007 -0.66720
vn -0.23947 -0.75013 -0.61641
vn 0.10035 -0.87599 -0.47178
vn 0.42490 -0.86849 -0.25532
vn 0.68476 -0.72876 -0.00000
vn 0.84038 -0.47809 0.25532
vn 0.86805 -0.15464 0.47178
vn 0.76357 0.19236 0.61641
vn 0.54284 0.51007 0.66720
vn 0.23947 0.75013 0.61641
vn -0.10035 0.87599 0.47178
vn -0.42490 0.86849 0.25532
vn -0.68476 0.72876 0.00000
vn -0.66665 0.74537 0.00000
vn -0.83836 0.48967 -0.23953
vn -0.88244 0.15942 -0.44259
vn -0.79217 -0.19510 -0.57828
vn -0.58130 -0.51991 -0.62592
vn -0.28194 -0.76558 -0.57828
vn 0.06035 -0.89469 -0.44259
vn 0.39345 -0.88759 -0.23953
vn 0.66665 -0.74537 -0.00000
vn 0.83836 -0.48967 0.23953
vn 0.88244 -0.15942 0.44259
vn 0.79217 0.19510 0.57828
vn 0.58130 0.51991 0.62592
vn 0.28194 0.76558 0.57828
vn -0.06035 0.89469 0.44259
vn -0.39345 0.88759 0.23953
vn -0.66665 0.74537 0.00000
vn -0.63298 0.77416 0.00000
vn -0.82369 0.51991 -0.22634
vn -0.88899 0.18651 -0.41822
vn -0.81896 -0.17529 -0.54643
vn -0.62424 -0.51040 -0.59145
vn -0.33449 -0.76781 -0.54643
vn 0.00618 -0.90832 -0.41822
vn 0.34592 -0.91056 -0.22634
vn 0.63298 -0.77416 -0.00000
vn 0.82369 -0.51991 0.22634
vn 0.88899 -0.18651 0.41822
vn 0.81896 0.17529 0.54643
vn 0.62424 0.51040 0.59145
vn 0.33449 0.76781 0.54643
vn -0.00618 0.90832 0.41822
vn -0.34592 0.91056 0.22634
vn -0.63298 0.77416 0.00000
vn -0.58357 0.81206 0.00000
vn -0.79512 0.56630 -0.21700
vn -0.88562 0.23432 -0.40096
vn -0.84129 -0.13333 -0.52388
vn -0.66888 -0.48068 -0.56704
vn -0.39464 -0.75486 -0.52388
vn -0.06032 -0.91411 -0.40096
vn 0.28318 -0.93419 -0.21700
vn 0.58357 -0.81206 -0.00000
vn 0.79512 -0.56630 0.21700
vn 0.88562 -0.23432 0.40096
vn 0.84129 0.13333 0.52388
vn 0.66888 0.48068 0.56704
vn 0.39464 0.75486 0.52388
vn 0.06032 0.91411 0.40096
vn -0.28318 0.93419 0.21700
vn -0.58357 0.81206 0.00000
vn -0.52138 0.85332 0.00000
vn -0.75324 0.62245 -0.21255
vn -0.87043 0.29681 -0.39275
vn -0.85510 -0.07401 -0.51315
vn -0.70959 -0.43356 -0.55543
vn -0.45605 -0.72711 -0.51315
vn -0.13308 -0.90997 -0.39275
vn 0.21015 -0.95428 -0.21255
vn 0.52138 -0.85332 -0.00000
vn 0.75324 -0.62245 0.21255
vn 0.87043 -0.29681 0.39275
vn 0.85510 0.07401 0.51315
vn 0.70959 0.43356 0.55543
vn 0.45605 0.72711 0.51315
vn 0.13308 0.90997 0.39275
vn -0.21015 0.95428 0.21255
vn -0.52138 0.85332 0.00000
vn -0.45338 0.89132 0.00000
vn -0.70190 0.67950 -0.21356
vn -0.84357 0.36424 -0.39461
vn -0.85682 -0.00648 -0.51558
vn -0.73962 -0.37621 -0.55806
vn -0.50982 -0.68867 -0.51558
vn -0.20240 -0.89628 -0.39461
vn 0.13583 -0.96744 -0.21356
vn 0.45338 -0.89132 -0.00000
vn 0.70190 -0.67950 0.21356
vn 0.84357 -0.36424 0.39461
vn 0.85682 0.00648 0.51558
vn 0.73962 0.37621 0.55806
vn 0.50982 0.68867 0.51558
vn 0.20240 0.89628 0.39461
vn -0.13583 0.96744 0.21356
vn -0.45338 0.89132 0.00000
vn -0.38897 0.92125 0.00000
vn -0.64790 0.72930 -0.21989
vn -0.80819 0.42632 -0.40630
vn -0.84544 0.05843 -0.53086
vn -0.75398 -0.31835 -0.57460
vn -0.54774 -0.64666 -0.53086
vn -0.25810 -0.87653 -0.40630
vn 0.07082 -0.97295 -0.21989
vn 0.38897 -0.92125 -0.00000
vn 0.64790 -0.72930 0.21989
vn 0.80819 -0.42632 0.40630
vn 0.84544 -0.05843 0.53086
vn 0.75398 0.31835 0.57460
vn 0.54774 0.64666 0.53086
vn 0.25810 0.87653 0.40630
vn -0.07082 0.97295 0.21989
vn -0.38897 0.92125 0.00000
vn -0.33666 0.94163 0.00000
vn -0.59848 0.76718 -0.23077
vn -0.76919 0.47593 -0.42641
vn -0.82280 0.11223 -0.55714
vn -0.75115 -0.26856 -0.60304
vn -0.56513 -0.60846 -0.55714
vn -0.29309 -0.85573 -0.42641
vn 0.02358 -0.97272 -0.23077
vn 0.33666 -0.94163 -0.00000
vn 0.59848 -0.76718 0.23077
vn 0.76919 -0.47593 0.42641
vn 0.82280 -0.11223 0.55714
vn 0.75115 0.26856 0.60304
vn 0.56513 0.60846 0.55714
vn 0.29309 0.85573 0.42641
vn -0.02358 0.97272 0.23077
vn -0.33666 0.94163 0.00000
vn -0.30147 0.95348 0.00000
vn -0.55877 0.79229 -0.24506
vn -0.73100 0.51048 -0.45282
vn -0.79195 0.15096 -0.59163
vn -0.73233 -0.23155 -0.64038
vn -0.56121 -0.57880 -0.59163
vn -0.30466 -0.83794 -0.45282
vn -0.00173 -0.96951 -0.24506
vn 0.30147 -0.95348 -0.00000
vn 0.55877 -0.79229 0.24506
vn 0.73100 -0.51048 0.45282
vn 0.79195 -0.15096 0.59163
vn 0.73233 0.23155 0.64038
vn 0.56121 0.57880 0.59163
vn 0.30466 0.83794 0.45282
vn 0.00173 0.96951 0.24506
vn -0.30147 0.95348 0.00000
vn -0.28474 0.95861 0.00000
vn -0.53090 0.80608 -0.26150
vn -0.69624 0.53084 -0.48319
vn -0.75558 0.17478 -0.63131
vn -0.69989 -0.20789 -0.68333
vn -0.53765 -0.55891 -0.63131
vn -0.29356 -0.82484 -0.48319
vn -0.00477 -0.96519 -0.26150
vn 0.28474 -0.95861 -0.00000
vn 0.53090 -0.80608 0.26150
vn 0.69624 -0.53084 0.48319
vn 0.75558 -0.17478 0.63131
vn 0.69989 0.20789 0.68333
vn 0.53765 0.55891 0.63131
vn 0.29356 0.82484 0.48319
vn 0.00477 0.96519 0.26150
vn -0.28474 0.95861 0.00000
vn -0.28530 0.95844 0.00000
vn -0.51471 0.81073 -0.27892
vn -0.66576 0.53959 -0.51537
vn -0.71545 0.18631 -0.67337
vn -0.65622 -0.19534 -0.72885
vn -0.49709 -0.54725 -0.67337
vn -0.26228 -0.81584 -0.51537
vn 0.01246 -0.96023 -0.27892
vn 0.28530 -0.95844 -0.00000
vn 0.51471 -0.81073 0.27892
vn 0.66576 -0.53959 0.51537
vn 0.71545 -0.18631 0.67337
vn 0.65622 0.19534 0.72885
vn 0.49709 0.54725 0.67337
vn 0.26228 0.81584 0.51537
vn -0.01246 0.96023 0.27892
vn -0.28530 0.95844 0.00000
vn -0.30085 0.95367 0.00000
vn -0.50886 0.80823 -0.29634
vn -0.63941 0.53975 -0.54757
vn -0.67260 0.18909 -0.71544
vn -0.60340 -0.19035 -0.77438
vn -0.44234 -0.54082 -0.71544
vn -0.21394 -0.80895 -0.54757
vn 0.04704 -0.95392 -0.29634
vn 0.30085 -0.95367 -0.00000
vn 0.50886 -0.80823 0.29634
vn 0.63941 -0.53975 0.54757
vn 0.67260 -0.18909 0.71544
vn 0.60340 0.19035 0.77438
vn 0.44234 0.54082 0.71544
vn 0.21394 0.80895 0.54757
vn -0.04704 0.95392 0.29634
vn -0.30085 0.95367 0.00000
vn -0.32878 0.94441 0.00000
vn -0.51168 0.80013 -0.31301
vn -0.61668 0.53404 -0.57836
vn -0.62780 0.18665 -0.75567
vn -0.54334 -0.18916 -0.81793
vn -0.37616 -0.53617 -0.75567
vn -0.15171 -0.80155 -0.57836
vn 0.09583 -0.94490 -0.31301
vn 0.32878 -0.94441 -0.00000
vn 0.51168 -0.80013 0.31301
vn 0.61668 -0.53404 0.57836
vn 0.62780 -0.18665 0.75567
vn 0.54334 0.18916 0.81793
vn 0.37616 0.53617 0.75567
vn 0.15171 0.80155 0.57836
vn -0.09583 0.94490 0.31301
vn -0.32878 0.94441 0.00000
vn -0.36661 0.93038 0.00000
vn -0.52159 0.78749 -0.32834
vn -0.59716 0.52472 -0.60669
vn -0.58182 0.18206 -0.79268
vn -0.47790 -0.18831 -0.85799
vn -0.30123 -0.53002 -0.79268
vn -0.07870 -0.79103 -0.60669
vn 0.15582 -0.93162 -0.32834
vn 0.36661 -0.93038 -0.00000
vn 0.52159 -0.78749 0.32834
vn 0.59716 -0.52472 0.60669
vn 0.58182 -0.18206 0.79268
vn 0.47790 0.18831 0.85799
vn 0.30123 0.53002 0.79268
vn 0.07870 0.79103 0.60669
vn -0.15582 0.93162 0.32834
vn -0.36661 0.93038 0.00000
vn -0.41208 0.91115 0.00000
vn -0.53725 0.77099 -0.34195
vn -0.58063 0.51346 -0.63184
vn -0.53562 0.17776 -0.82554
vn -0.40906 -0.18500 -0.89356
vn -0.22022 -0.51960 -0.82554
vn 0.00214 -0.77510 -0.63184
vn 0.22417 -0.91259 -0.34195
vn 0.41208 -0.91115 -0.00000
vn 0.53725 -0.77099 0.34195
vn 0.58063 -0.51346 0.63184
vn 0.53562 -0.17776 0.82554
vn 0.40906 0.18500 0.89356
vn 0.22022 0.51960 0.82554
vn -0.00214 0.77510 0.63184
vn -0.22417 0.91259 0.34195
vn -0.41208 0.91115 0.00000
vn -0.46323 0.88624 0.00000
vn -0.55765 0.75100 -0.35360
vn -0.56717 0.50142 -0.65337
vn -0.49035 0.17551 -0.85367
vn -0.33887 -0.17712 -0.92401
vn -0.13581 -0.50279 -0.85367
vn 0.08793 -0.75191 -0.65337
vn 0.29828 -0.88656 -0.35360
vn 0.46323 -0.88624 -0.00000
vn 0.55765 -0.75100 0.35360
vn 0.56717 -0.50142 0.65337
vn 0.49035 -0.17551 0.85367
vn 0.33887 0.17712 0.92401
vn 0.13581 0.50279 0.85367
vn -0.08793 0.75191 0.65337
vn -0.29828 0.88656 0.35360
vn -0.46323 0.88624 0.00000
vn -0.51828 0.85521 0.00000
vn -0.58194 0.72762 -0.36319
vn -0.55701 0.48926 -0.67109
vn -0.44727 0.17641 -0.87683
vn -0.26945 -0.16329 -0.94907
vn -0.05060 -0.47814 -0.87683
vn 0.17595 -0.72019 -0.67109
vn 0.37572 -0.85260 -0.36319
vn 0.51828 -0.85521 -0.00000
vn 0.58194 -0.72762 0.36319
vn 0.55701 -0.48926 0.67109
vn 0.44727 -0.17641 0.87683
vn 0.26945 0.16329 0.94907
vn 0.05060 0.47814 0.87683
vn -0.17595 0.72019 0.67109
vn -0.37572 0.85260 0.36319
vn -0.51828 0.85521 0.00000
vn -0.57567 0.81769 0.00000
vn -0.60947 0.70080 -0.37072
vn -0.55048 0.47722 -0.68501
vn -0.40769 0.18098 -0.89500
vn -0.20284 -0.14280 -0.96874
vn 0.03290 -0.44485 -0.89500
vn 0.26363 -0.67917 -0.68501
vn 0.45422 -0.81009 -0.37072
vn 0.57567 -0.81769 -0.00000
vn 0.60947 -0.70080 0.37072
vn 0.55048 -0.47722 0.68501
vn 0.40769 -0.18098 0.89500
vn 0.20284 0.14280 0.96874
vn -0.03290 0.44485 0.89500
vn -0.26363 0.67917 0.68501
vn -0.45422 0.81009 0.37072
vn -0.57567 0.81769 0.00000
vn -0.63392 0.77340 0.00000
vn -0.63962 0.67031 -0.37627
vn -0.54793 0.46517 -0.69526
vn -0.37283 0.18921 -0.90840
vn -0.14097 -0.11555 -0.98325
vn 0.11235 -0.40272 -0.90840
vn 0.34857 -0.62858 -0.69526
vn 0.53172 -0.75874 -0.37627
vn 0.63392 -0.77340 -0.00000
vn 0.63962 -0.67031 0.37627
vn 0.54793 -0.46517 0.69526
vn 0.37283 -0.18921 0.90840
vn 0.14097 0.11555 0.98325
vn -0.11235 0.40272 0.90840
vn -0.34857 0.62858 0.69526
vn -0.53172 0.75874 0.37627
vn -0.63392 0.77340 0.00000
vn -0.69171 0.72218 0.00000
vn -0.67179 0.63585 -0.37999
vn -0.54961 0.45271 -0.70213
vn -0.34375 0.20066 -0.91737
vn -0.08555 -0.08194 -0.99296
vn 0.18566 -0.35207 -0.91737
vn 0.42861 -0.56860 -0.70213
vn 0.60631 -0.69856 -0.37999
vn 0.69171 -0.72218 -0.00000
vn 0.67179 -0.63585 0.37999
vn 0.54961 -0.45271 0.70213
vn 0.34375 -0.20066 0.91737
vn 0.08555 0.08194 0.99296
vn -0.18566 0.35207 0.91737
vn -0.42861 0.56860 0.70213
vn -0.60631 0.69856 0.37999
vn -0.69171 0.72218 0.00000
vn -0.74774 0.66399 0.00000
vn -0.70537 0.59707 -0.38206
vn -0.55561 0.43924 -0.70595
vn -0.32127 0.21455 -0.92236
vn -0.03801 -0.04281 -0.99836
vn 0.25103 -0.29365 -0.92236
vn 0.50185 -0.49978 -0.70595
vn 0.67628 -0.62983 -0.38206
vn 0.74774 -0.66399 -0.00000
vn 0.70537 -0.59707 0.38206
vn 0.55561 -0.43924 0.70595
vn 0.32127 -0.21455 0.92236
vn 0.03801 0.04281 0.99836
vn -0.25103 0.29365 0.92236
vn -0.50185 0.49978 0.70595
vn -0.67628 0.62983 0.38206
vn -0.74774 0.66399 0.00000
vn -0.80082 0.59891 0.00000
vn -0.73965 0.55360 -0.38268
vn -0.56588 0.42400 -0.70711
vn -0.30596 0.22986 -0.92388
vn 0.00054 0.00072 -1.00000
vn 0.30696 -0.22853 -0.92388
vn 0.56664 -0.42298 -0.70711
vn 0.74006 -0.55305 -0.38268
vn 0.80082 -0.59891 -0.00000
vn 0.73965 -0.55360 0.38268
vn 0.56588 -0.42400 0.70711
vn 0.30596 -0.22986 0.92388
vn -0.00054 -0.00072 1.00000
vn -0.30696 0.22853 0.92388
vn -0.56664 0.42298 0.70711
vn -0.74006 0.55305 0.38268
vn -0.80082 0.59891 0.00000
vn -0.84977 0.52715 0.00000
vn -0.77386 0.50511 -0.38209
vn -0.58014 0.40618 -0.70601
vn -0.29809 0.24542 -0.92245
vn 0.02933 0.04729 -0.99845
vn 0.35229 -0.15804 -0.92245
vn 0.62162 -0.33931 -0.70601
vn 0.79631 -0.46892 -0.38209
vn 0.84977 -0.52715 -0.00000
vn 0.77386 -0.50511 0.38209
vn 0.58014 -0.40618 0.70601
vn 0.29809 -0.24542 0.92245
vn -0.02933 -0.04729 0.99845
vn -0.35229 0.15804 0.92245
vn -0.62162 0.33931 0.70601
vn -0.79631 0.46892 0.38209
vn -0.84977 0.52715 0.00000
vn -0.89352 0.44903 0.00000
vn -0.80716 0.45136 -0.38050
vn -0.59791 0.38496 -0.70307
vn -0.29765 0.25997 -0.91860
vn 0.04794 0.09539 -0.99429
vn 0.38622 -0.08371 -0.91860
vn 0.66571 -0.25006 -0.70307
vn 0.84385 -0.37835 -0.38050
vn 0.89352 -0.44903 -0.00000
vn 0.80716 -0.45136 0.38050
vn 0.59791 -0.38496 0.70307
vn 0.29765 -0.25997 0.91860
vn -0.04794 -0.09539 0.99429
vn -0.38622 0.08371 0.91860
vn -0.66571 0.25006 0.70307
vn -0.84385 0.37835 0.38050
vn -0.89352 0.44903 0.00000
vn -0.93099 0.36504 0.00000
vn -0.83860 0.39216 -0.37811
vn -0.61853 0.35957 -0.69866
vn -0.30430 0.27225 -0.91284
vn 0.05626 0.14347 -0.98805
vn 0.40825 -0.00714 -0.91284
vn 0.69809 -0.15667 -0.69866
vn 0.88165 -0.28235 -0.37811
vn 0.93099 -0.36504 -0.00000
vn 0.83860 -0.39216 0.37811
vn 0.61853 -0.35957 0.69866
vn 0.30430 -0.27225 0.91284
vn -0.05626 -0.14347 0.98805
vn -0.40825 0.00714 0.91284
vn -0.69809 0.15667 0.69866
vn -0.88165 0.28235 0.37811
vn -0.93099 0.36504 0.00000
vn -0.96122 0.27578 0.00000
vn -0.86719 0.32749 -0.37513
vn -0.64115 0.32934 -0.69316
vn -0.31749 0.28106 -0.90565
vn 0.05451 0.18998 -0.98027
vn 0.41820 0.06999 -0.90565
vn 0.71823 -0.06067 -0.69316
vn 0.90891 -0.18208 -0.37513
vn 0.96122 -0.27578 -0.00000
vn 0.86719 -0.32749 0.37513
vn 0.64115 -0.32934 0.69316
vn 0.31749 -0.28106 0.90565
vn -0.05451 -0.18998 0.98027
vn -0.41820 -0.06999 0.90565
vn -0.71823 0.06067 0.69316
vn -0.90891 0.18208 0.37513
vn -0.96122 0.27578 0.00000
vn -0.98330 0.18198 0.00000
vn -0.89192 0.25745 -0.37175
vn -0.66475 0.29373 -0.68690
vn -0.33638 0.28528 -0.89747
vn 0.04320 0.23341 -0.97142
vn 0.41620 0.14600 -0.89747
vn 0.72584 0.03637 -0.68690
vn 0.92498 -0.07880 -0.37175
vn 0.98330 -0.18198 -0.00000
vn 0.89192 -0.25745 0.37175
vn 0.66475 -0.29373 0.68690
vn 0.33638 -0.28528 0.89747
vn -0.04320 -0.23341 0.97142
vn -0.41620 -0.14600 0.89747
vn -0.72584 -0.03637 0.68690
vn -0.92498 0.07880 0.37175
vn -0.98330 0.18198 0.00000
vn -0.99642 0.08453 0.00000
vn -0.91173 0.18232 -0.36811
vn -0.68824 0.25236 -0.68018
vn -0.35997 0.28398 -0.88869
vn 0.02310 0.27237 -0.96192
vn 0.40266 0.21929 -0.88869
vn 0.72091 0.13282 -0.68018
vn 0.92942 0.02614 -0.36811
vn 0.99642 -0.08453 -0.00000
vn 0.91173 -0.18232 0.36811
vn 0.68824 -0.25236 0.68018
vn 0.35997 -0.28398 0.88869
vn -0.02310 -0.27237 0.96192
vn -0.40266 -0.21929 0.88869
vn -0.72091 -0.13282 0.68018
vn -0.92942 -0.02614 0.36811
vn -0.99642 0.08453 0.00000
vn -0.99988 -0.01558 0.00000
vn -0.92559 0.10255 -0.36437
vn -0.71039 0.20507 -0.67327
vn -0.38704 0.27637 -0.87967
vn -0.00476 0.30559 -0.95215
vn 0.37824 0.28830 -0.87967
vn 0.70365 0.22711 -0.67327
vn 0.92194 0.13134 -0.36437
vn 0.99988 0.01558 -0.00000
vn 0.92559 -0.10255 0.36437
vn 0.71039 -0.20507 0.67327
vn 0.38704 -0.27637 0.87967
vn 0.00476 -0.30559 0.95215
vn -0.37824 -0.28830 0.87967
vn -0.70365 -0.22711 0.67327
vn -0.92194 -0.13134 0.36437
vn -0.99988 -0.01558 0.00000
vn -0.99311 -0.11722 0.00000
vn -0.93251 0.01876 -0.36066
vn -0.72994 0.15189 -0.66642
vn -0.41625 0.26190 -0.87071
vn -0.03919 0.33203 -0.94245
vn 0.34384 0.35161 -0.87071
vn 0.67452 0.31767 -0.66642
vn 0.90251 0.23536 -0.36066
vn 0.99311 0.11722 -0.00000
vn 0.93251 -0.01876 0.36066
vn 0.72994 -0.15189 0.66642
vn 0.41625 -0.26190 0.87071
vn 0.03919 -0.33203 0.94245
vn -0.34384 -0.35161 0.87071
vn -0.67452 -0.31767 0.66642
vn -0.90251 -0.23536 0.36066
vn -0.99311 -0.11722 0.00000
vn -0.97569 -0.21918 0.00000
vn -0.93157 -0.06824 -0.35709
vn -0.74564 0.09308 -0.65982
vn -0.44619 0.24023 -0.86209
vn -0.07881 0.35081 -0.93312
vn 0.30057 0.40798 -0.86209
vn 0.63419 0.40304 -0.65982
vn 0.87126 0.33674 -0.35709
vn 0.97569 0.21918 -0.00000
vn 0.93157 0.06824 0.35709
vn 0.74564 -0.09308 0.65982
vn 0.44619 -0.24023 0.86209
vn 0.07881 -0.35081 0.93312
vn -0.30057 -0.40798 0.86209
vn -0.63419 -0.40304 0.65982
vn -0.87126 -0.33674 0.35709
vn -0.97569 -0.21918 0.00000
vn -0.94738 -0.32013 0.00000
vn -0.92198 -0.15748 -0.35376
vn -0.75623 0.02914 -0.65366
vn -0.47535 0.21132 -0.85404
vn -0.12210 0.36133 -0.92441
vn 0.24974 0.45633 -0.85404
vn 0.58356 0.48186 -0.65366
vn 0.82854 0.43403 -0.35376
vn 0.94738 0.32013 -0.00000
vn 0.92198 0.15748 0.35376
vn 0.75623 -0.02914 0.65366
vn 0.47535 -0.21132 0.85404
vn 0.12210 -0.36133 0.92441
vn -0.24974 -0.45633 0.85404
vn -0.58356 -0.48186 0.65366
vn -0.82854 -0.43403 0.35376
vn -0.94738 -0.32013 0.00000
vn -0.90812 -0.41871 0.00000
vn -0.90308 -0.24783 -0.35074
vn -0.76056 -0.03923 -0.64808
vn -0.50225 0.17535 -0.84676
vn -0.16747 0.36323 -0.91652
vn 0.19280 0.49581 -0.84676
vn 0.52372 0.55291 -0.64808
vn 0.77491 0.52583 -0.35074
vn 0.90812 0.41871 -0.00000
vn 0.90308 0.24783 0.35074
vn 0.76056 0.03923 0.64808
vn 0.50225 -0.17535 0.84676
vn 0.16747 -0.36323 0.91652
vn -0.19280 -0.49581 0.84676
vn -0.52372 -0.55291 0.64808
vn -0.77491 -0.52583 0.35074
vn -0.90812 -0.41871 0.00000
vn -0.85808 -0.51351 0.00000
vn -0.87439 -0.33803 -0.34811
vn -0.75758 -0.11108 -0.64322
vn -0.52544 0.13278 -0.84041
vn -0.21330 0.35642 -0.90965
vn 0.13131 0.52581 -0.84041
vn 0.45593 0.61514 -0.64322
vn 0.71114 0.61082 -0.34811
vn 0.85808 0.51351 -0.00000
vn 0.87439 0.33803 0.34811
vn 0.75758 0.11108 0.64322
vn 0.52544 -0.13278 0.84041
vn 0.21330 -0.35642 0.90965
vn -0.13131 -0.52581 0.84041
vn -0.45593 -0.61514 0.64322
vn -0.71114 -0.61082 0.34811
vn -0.85808 -0.51351 0.00000
vn -0.79762 -0.60316 0.00000
vn -0.83562 -0.42671 -0.34592
vn -0.74640 -0.18529 -0.63918
vn -0.54356 0.08433 -0.83513
vn -0.25796 0.34112 -0.90393
vn 0.06692 0.54597 -0.83513
vn 0.38160 0.66771 -0.63918
vn 0.63819 0.68779 -0.34592
vn 0.79762 0.60316 -0.00000
vn 0.83562 0.42671 0.34592
vn 0.74640 0.18529 0.63918
vn 0.54356 -0.08433 0.83513
vn 0.25796 -0.34112 0.90393
vn -0.06692 -0.54597 0.83513
vn -0.38160 -0.66771 0.63918
vn -0.63819 -0.68779 0.34592
vn -0.79762 -0.60316 0.00000
vn -0.72733 -0.68629 0.00000
vn -0.78672 -0.51243 -0.34422
vn -0.72634 -0.26056 -0.63603
vn -0.55538 0.03098 -0.83102
vn -0.29987 0.31780 -0.89949
vn 0.00129 0.55624 -0.83102
vn 0.30226 0.71000 -0.63603
vn 0.55721 0.75567 -0.34422
vn 0.72733 0.68629 -0.00000
vn 0.78672 0.51243 0.34422
vn 0.72634 0.26056 0.63603
vn 0.55538 -0.03098 0.83102
vn 0.29987 -0.31780 0.89949
vn -0.00129 -0.55624 0.83102
vn -0.30226 -0.71000 0.63603
vn -0.55721 -0.75567 0.34422
vn -0.72733 -0.68629 0.00000
vn -0.64800 -0.76164 0.00000
vn -0.72786 -0.59375 -0.34304
vn -0.69692 -0.33547 -0.63385
vn -0.55987 -0.02611 -0.82817
vn -0.33759 0.28722 -0.89640
vn -0.06391 0.55682 -0.82817
vn 0.21949 0.74166 -0.63385
vn 0.46948 0.81358 -0.34304
vn 0.64800 0.76164 -0.00000
vn 0.72786 0.59375 0.34304
vn 0.69692 0.33547 0.63385
vn 0.55987 0.02611 0.82817
vn 0.33759 -0.28722 0.89640
vn 0.06391 -0.55682 0.82817
vn -0.21949 -0.74166 0.63385
vn -0.46948 -0.81358 0.34304
vn -0.64800 -0.76164 0.00000
vn -0.56063 -0.82807 0.00000
vn -0.65947 -0.66922 -0.34240
vn -0.65792 -0.40849 -0.63267
vn -0.55621 -0.08557 -0.82663
vn -0.36981 0.25037 -0.89474
vn -0.12712 0.54820 -0.82663
vn 0.13493 0.76257 -0.63267
vn 0.37643 0.86085 -0.34240
vn 0.56063 0.82807 -0.00000
vn 0.65947 0.66922 0.34240
vn 0.65792 0.40849 0.63267
vn 0.55621 0.08557 0.82663
vn 0.36981 -0.25037 0.89474
vn 0.12712 -0.54820 0.82663
vn -0.13493 -0.76257 0.63267
vn -0.37643 -0.86085 0.34240
vn -0.56063 -0.82807 0.00000
vn -0.46638 -0.88458 0.00000
vn -0.58221 -0.73746 -0.34232
vn -0.60940 -0.47807 -0.63252
vn -0.54382 -0.14590 -0.82643
vn -0.39544 0.20849 -0.89452
vn -0.18686 0.53114 -0.82643
vn 0.05016 0.77292 -0.63252
vn 0.27955 0.89703 -0.34232
vn 0.46638 0.88458 -0.00000
vn 0.58221 0.73746 0.34232
vn 0.60940 0.47807 0.63252
vn 0.54382 0.14590 0.82643
vn 0.39544 -0.20849 0.89452
vn 0.18686 -0.53114 0.82643
vn -0.05016 -0.77292 0.63252
vn -0.27955 -0.89703 0.34232
vn -0.46638 -0.88458 0.00000
vn -0.36658 -0.93039 0.00000
vn -0.49696 -0.79720 -0.34279
vn -0.55168 -0.54265 -0.63339
vn -0.52241 -0.20548 -0.82756
vn -0.41361 0.16297 -0.89575
vn -0.24185 0.50660 -0.82756
vn -0.03326 0.77312 -0.63339
vn 0.18039 0.92193 -0.34279
vn 0.36658 0.93039 -0.00000
vn 0.49696 0.79720 0.34279
vn 0.55168 0.54265 0.63339
vn 0.52241 0.20548 0.82756
vn 0.41361 -0.16297 0.89575
vn 0.24185 -0.50660 0.82756
vn 0.03326 -0.77312 0.63339
vn -0.18039 -0.92193 0.34279
vn -0.36658 -0.93039 0.00000
vn -0.26262 -0.96490 0.00000
vn -0.40479 -0.84732 -0.34381
vn -0.48533 -0.60074 -0.63527
vn -0.49198 -0.26270 -0.83002
vn -0.42374 0.11533 -0.89841
vn -0.29098 0.47580 -0.83002
vn -0.11393 0.76384 -0.63527
vn 0.08047 0.93559 -0.34381
vn 0.26262 0.96490 -0.00000
vn 0.40479 0.84732 0.34381
vn 0.48533 0.60074 0.63527
vn 0.49198 0.26270 0.83002
vn 0.42374 -0.11533 0.89841
vn 0.29098 -0.47580 0.83002
vn 0.11393 -0.76384 0.63527
vn -0.08047 -0.93559 0.34381
vn -0.26262 -0.96490 0.00000
vn -0.15599 -0.98776 0.00000
vn -0.30695 -0.88685 -0.34535
vn -0.41118 -0.65093 -0.63813
vn -0.45282 -0.31592 -0.83376
vn -0.42551 0.06720 -0.90246
vn -0.33343 0.44008 -0.83376
vn -0.19058 0.74597 -0.63813
vn -0.01872 0.93829 -0.34535
vn 0.15599 0.98776 -0.00000
vn 0.30695 0.88685 0.34535
vn 0.41118 0.65093 0.63813
vn 0.45282 0.31592 0.83376
vn 0.42551 -0.06720 0.90246
vn 0.33343 -0.44008 0.83376
vn 0.19058 -0.74597 0.63813
vn 0.01872 -0.93829 0.34535
vn -0.15599 -0.98776 0.00000
vn -0.04819 -0.99884 0.00000
vn -0.20483 -0.91507 -0.34740
vn -0.33029 -0.69200 -0.64191
vn -0.40547 -0.36357 -0.83870
vn -0.41892 0.02021 -0.90780
vn -0.36859 0.40091 -0.83870
vn -0.26215 0.72058 -0.64191
vn -0.11579 0.93054 -0.34740
vn 0.04819 0.99884 -0.00000
vn 0.20483 0.91507 0.34740
vn 0.33029 0.69200 0.64191
vn 0.40547 0.36357 0.83870
vn 0.41892 -0.02021 0.90780
vn 0.36859 -0.40091 0.83870
vn 0.26215 -0.72058 0.64191
vn 0.11579 -0.93054 0.34740
vn -0.04819 -0.99884 0.00000
vn 0.05931 -0.99824 0.00000
vn -0.09990 -0.93144 -0.34990
vn -0.24390 -0.72285 -0.64654
vn -0.35077 -0.40420 -0.84474
vn -0.40424 -0.02402 -0.91434
vn -0.39617 0.35982 -0.84474
vn -0.32778 0.68888 -0.64654
vn -0.20949 0.91306 -0.34990
vn -0.05931 0.99824 -0.00000
vn 0.09990 0.93144 0.34990
vn 0.24390 0.72285 0.64654
vn 0.35077 0.40420 0.84474
vn 0.40424 0.02402 0.91434
vn 0.39617 -0.35982 0.84474
vn 0.32778 -0.68888 0.64654
vn 0.20949 -0.91306 0.34990
vn 0.05931 -0.99824 0.00000
vn 0.16510 -0.98628 0.00000
vn 0.00633 -0.93567 -0.35281
vn -0.15339 -0.74262 -0.65191
vn -0.28977 -0.43651 -0.85176
vn -0.38203 -0.06395 -0.92194
vn -0.41613 0.31835 -0.85176
vn -0.38688 0.65218 -0.65191
vn -0.29873 0.88673 -0.35281
vn -0.16510 0.98628 -0.00000
vn -0.00633 0.93567 0.35281
vn 0.15339 0.74262 0.65191
vn 0.28977 0.43651 0.85176
vn 0.38203 0.06395 0.92194
vn 0.41613 -0.31835 0.85176
vn 0.38688 -0.65218 0.65191
vn 0.29873 -0.88673 0.35281
vn 0.16510 -0.98628 0.00000
vn 0.26784 -0.96346 0.00000
vn 0.11232 -0.92769 -0.35606
vn -0.06029 -0.75068 -0.65791
vn -0.22373 -0.45939 -0.85960
vn -0.35310 -0.09816 -0.93042
vn -0.42872 0.27801 -0.85960
vn -0.43907 0.61186 -0.65791
vn -0.38258 0.85256 -0.35606
vn -0.26784 0.96346 -0.00000
vn -0.11232 0.92769 0.35606
vn 0.06029 0.75068 0.65791
vn 0.22373 0.45939 0.85960
vn 0.35310 0.09816 0.93042
vn 0.42872 -0.27801 0.85960
vn 0.43907 -0.61186 0.65791
vn 0.38258 -0.85256 0.35606
vn 0.26784 -0.96346 0.00000
vn 0.36633 -0.93048 0.00000
vn 0.21656 -0.90764 -0.35957
vn 0.03382 -0.74662 -0.66439
vn -0.15407 -0.47193 -0.86807
vn -0.31850 -0.12540 -0.93959
vn -0.43445 0.24023 -0.86807
vn -0.48425 0.56928 -0.66439
vn -0.46033 0.81167 -0.35957
vn -0.36633 0.93048 -0.00000
vn -0.21656 0.90764 0.35957
vn -0.03382 0.74662 0.66439
vn 0.15407 0.47193 0.86807
vn 0.31850 0.12540 0.93959
vn 0.43445 -0.24023 0.86807
vn 0.48425 -0.56928 0.66439
vn 0.46033 -0.81167 0.35957
vn 0.36633 -0.93048 0.00000
vn 0.45953 -0.88816 0.00000
vn 0.31760 -0.87589 -0.36325
vn 0.12732 -0.73027 -0.67119
vn -0.08234 -0.47347 -0.87695
vn -0.27947 -0.14459 -0.94920
vn -0.43405 0.20630 -0.87695
vn -0.52255 0.52578 -0.67119
vn -0.53150 0.76522 -0.36325
vn -0.45953 0.88816 -0.00000
vn -0.31760 0.87589 0.36325
vn -0.12732 0.73027 0.67119
vn 0.08234 0.47347 0.87695
vn 0.27947 0.14459 0.94920
vn 0.43405 -0.20630 0.87695
vn 0.52255 -0.52578 0.67119
vn 0.53150 -0.76522 0.36325
vn 0.45953 -0.88816 0.00000
vn 0.54652 -0.83745 0.00000
vn 0.41407 -0.83299 -0.36699
vn 0.21859 -0.70171 -0.67810
vn -0.01017 -0.46360 -0.88599
vn -0.23738 -0.15492 -0.95898
vn -0.42846 0.17735 -0.88599
vn -0.55430 0.48262 -0.67810
vn -0.59576 0.71442 -0.36699
vn -0.54652 0.83745 -0.00000
vn -0.41407 0.83299 0.36699
vn -0.21859 0.70171 0.67810
vn 0.01017 0.46360 0.88599
vn 0.23738 0.15492 0.95898
vn 0.42846 -0.17735 0.88599
vn 0.55430 -0.48262 0.67810
vn 0.59576 -0.71442 0.36699
vn 0.54652 -0.83745 0.00000
vn 0.62657 -0.77937 0.00000
vn 0.50472 -0.77965 -0.37067
vn 0.30604 -0.66124 -0.68491
vn 0.06077 -0.44217 -0.89487
vn -0.19376 -0.15577 -0.96860
vn -0.41879 0.15434 -0.89487
vn -0.58006 0.44095 -0.68491
vn -0.65302 0.66043 -0.37067
vn -0.62657 0.77937 -0.00000
vn -0.50472 0.77965 0.37067
vn -0.30604 0.66124 0.68491
vn -0.06077 0.44217 0.89487
vn 0.19376 0.15577 0.96860
vn 0.41879 -0.15434 0.89487
vn 0.58006 -0.44095 0.68491
vn 0.65302 -0.66043 0.37067
vn 0.62657 -0.77937 0.00000
vn 0.69911 -0.71502 0.00000
vn 0.58842 -0.71678 -0.37415
vn 0.38816 -0.60942 -0.69134
vn 0.12880 -0.40928 -0.90327
vn -0.15017 -0.14683 -0.97770
vn -0.40628 0.13797 -0.90327
vn -0.60053 0.40177 -0.69134
vn -0.70336 0.60440 -0.37415
vn -0.69911 0.71502 -0.00000
vn -0.58842 0.71678 0.37415
vn -0.38816 0.60942 0.69134
vn -0.12880 0.40928 0.90327
vn 0.15017 0.14683 0.97770
vn 0.40628 -0.13797 0.90327
vn 0.60053 -0.40177 0.69134
vn 0.70336 -0.60440 0.37415
vn 0.69911 -0.71502 0.00000
vn 0.76374 -0.64553 0.00000
vn 0.66419 -0.64539 -0.37727
vn 0.46352 -0.54699 -0.69710
vn 0.19229 -0.36532 -0.91081
vn -0.10822 -0.12803 -0.98585
vn -0.39225 0.12875 -0.91081
vn -0.61656 0.36593 -0.69710
vn -0.74701 0.54740 -0.37727
vn -0.76374 0.64553 -0.00000
vn -0.66419 0.64539 0.37727
vn -0.46352 0.54699 0.69710
vn -0.19229 0.36532 0.91081
vn 0.10822 0.12803 0.98585
vn 0.39225 -0.12875 0.91081
vn 0.61656 -0.36593 0.69710
vn 0.74701 -0.54740 0.37727
vn 0.76374 -0.64553 0.00000
vn 0.82022 -0.57205 0.00000
vn 0.73120 -0.56662 -0.37985
vn 0.53086 -0.47493 -0.70187
vn 0.24970 -0.31094 -0.91704
vn -0.06947 -0.09960 -0.99260
vn -0.37806 0.12689 -0.91704
vn -0.62910 0.33407 -0.70187
vn -0.78437 0.49039 -0.37985
vn -0.82022 0.57205 -0.00000
vn -0.73120 0.56662 0.37985
vn -0.53086 0.47493 0.70187
vn -0.24970 0.31094 0.91704
vn 0.06947 0.09960 0.99260
vn 0.37806 -0.12689 0.91704
vn 0.62910 -0.33407 0.70187
vn 0.78437 -0.49039 0.37985
vn 0.82022 -0.57205 0.00000
vn 0.86847 -0.49574 0.00000
vn 0.78881 -0.48175 -0.38171
vn 0.58906 -0.39442 -0.70530
vn 0.29963 -0.24704 -0.92152
vn -0.03542 -0.06205 -0.99744
vn -0.36507 0.13239 -0.92152
vn -0.63914 0.30667 -0.70530
vn -0.81591 0.43426 -0.38171
vn -0.86847 0.49574 -0.00000
vn -0.78881 0.48175 0.38171
vn -0.58906 0.39442 0.70530
vn -0.29963 0.24704 0.92152
vn 0.03542 0.06205 0.99744
vn 0.36507 -0.13239 0.92152
vn 0.63914 -0.30667 0.70530
vn 0.81591 -0.43426 0.38171
vn 0.86847 -0.49574 0.00000
vn 0.90856 -0.41775 0.00000
vn 0.83656 -0.39213 -0.38262
vn 0.63720 -0.30681 -0.70700
vn 0.34083 -0.17479 -0.92373
vn -0.00743 -0.01615 -0.99984
vn -0.35455 0.14494 -0.92373
vn -0.64770 0.28397 -0.70700
vn -0.84224 0.37977 -0.38262
vn -0.90856 0.41775 -0.00000
vn -0.83656 0.39213 0.38262
vn -0.63720 0.30681 0.70700
vn -0.34083 0.17479 0.92373
vn 0.00743 0.01615 0.99984
vn 0.35455 -0.14494 0.92373
vn 0.64770 -0.28397 0.70700
vn 0.84224 -0.37977 0.38262
vn 0.90856 -0.41775 0.00000
vn 0.94072 -0.33919 0.00000
vn 0.87422 -0.29920 -0.38239
vn 0.67463 -0.21365 -0.70656
vn 0.37234 -0.09558 -0.92316
vn 0.01336 0.03704 -0.99922
vn -0.34766 0.16403 -0.92316
vn -0.65574 0.26604 -0.70656
vn -0.86400 0.32755 -0.38239
vn -0.94072 0.33919 -0.00000
vn -0.87422 0.29920 0.38239
vn -0.67463 0.21365 0.70656
vn -0.37234 0.09558 0.92316
vn -0.01336 -0.03704 0.99922
vn 0.34766 -0.16403 0.92316
vn 0.65574 -0.26604 0.70656
vn 0.86400 -0.32755 0.38239
vn 0.94072 -0.33919 0.00000
vn 0.96529 -0.26119 0.00000
vn 0.90178 -0.20448 -0.38078
vn 0.70098 -0.11663 -0.70358
vn 0.39346 -0.01103 -0.91928
vn 0.02604 0.09625 -0.99502
vn -0.34534 0.18888 -0.91928
vn -0.66415 0.25275 -0.70358
vn -0.88184 0.27814 -0.38078
vn -0.96529 0.26119 -0.00000
vn -0.90178 0.20448 0.38078
vn -0.70098 0.11663 0.70358
vn -0.39346 0.01103 0.91928
vn -0.02604 -0.09625 0.99502
vn 0.34534 -0.18888 0.91928
vn 0.66415 -0.25275 0.70358
vn 0.88184 -0.27814 0.38078
vn 0.96529 -0.26119 0.00000
vn 0.98277 -0.18483 0.00000
vn 0.91948 -0.10954 -0.37758
vn 0.71620 -0.01756 -0.69767
vn 0.40389 0.07708 -0.91155
vn 0.03009 0.15999 -0.98666
vn -0.34829 0.21855 -0.91155
vn -0.67365 0.24383 -0.69767
vn -0.89645 0.23199 -0.37758
vn -0.98277 0.18483 -0.00000
vn -0.91948 0.10954 0.37758
vn -0.71620 0.01756 0.69767
vn -0.40389 -0.07708 0.91155
vn -0.03009 -0.15999 0.98666
vn 0.34829 -0.21855 0.91155
vn 0.67365 -0.24383 0.69767
vn 0.89645 -0.23199 0.37758
vn 0.98277 -0.18483 0.00000
vn 0.99380 -0.11120 0.00000
vn 0.92785 -0.01600 -0.37260
vn 0.72065 0.08163 -0.68847
vn 0.40374 0.16684 -0.89953
vn 0.02536 0.22665 -0.97365
vn -0.35688 0.25195 -0.89953
vn -0.68479 0.23889 -0.68847
vn -0.90844 0.18947 -0.37260
vn -0.99380 0.11120 -0.00000
vn -0.92785 0.01600 0.37260
vn -0.72065 -0.08163 0.68847
vn -0.40374 -0.16684 0.89953
vn -0.02536 -0.22665 0.97365
vn 0.35688 -0.25195 0.89953
vn 0.68479 -0.23889 0.68847
vn 0.90844 -0.18947 0.37260
vn 0.99380 -0.11120 0.00000
vn 0.99914 -0.04138 0.00000
vn 0.92776 0.07448 -0.36568
vn 0.71513 0.17901 -0.67569
vn 0.39363 0.25628 -0.88283
vn 0.01220 0.29453 -0.95556
vn -0.37109 0.28795 -0.88283
vn -0.69788 0.23753 -0.67569
vn -0.91842 0.15094 -0.36568
vn -0.99914 0.04138 -0.00000
vn -0.92776 -0.07448 0.36568
vn -0.71513 -0.17901 0.67569
vn -0.39363 -0.25628 0.88283
vn -0.01220 -0.29453 0.95556
vn 0.37109 -0.28795 0.88283
vn 0.69788 -0.23753 0.67569
vn 0.91842 -0.15094 0.36568
vn 0.99914 -0.04138 0.00000
vn 0.99972 0.02352 -0.00000
vn 0.92036 0.16027 -0.35671
vn 0.70089 0.27261 -0.65912
vn 0.37471 0.34345 -0.86118
vn -0.00852 0.36200 -0.93214
vn -0.39045 0.32545 -0.86118
vn -0.71293 0.23934 -0.65912
vn -0.92688 0.11680 -0.35671
vn -0.99972 -0.02352 -0.00000
vn -0.92036 -0.16027 0.35671
vn -0.70089 -0.27261 0.65912
vn -0.37471 -0.34345 0.86118
vn 0.00852 -0.36200 0.93214
vn 0.39045 -0.32545 0.86118
vn 0.71293 -0.23934 0.65912
vn 0.92688 -0.11680 0.35671
vn 0.99972 0.02352 0.00000
vn 0.99660 0.08234 -0.00000
vn 0.90722 0.23970 -0.34568
vn 0.67973 0.36056 -0.63873
vn 0.34875 0.42653 -0.83454
vn -0.03533 0.42756 -0.90330
vn -0.41402 0.36350 -0.83454
vn -0.72969 0.24410 -0.63873
vn -0.93426 0.08754 -0.34568
vn -0.99660 -0.08234 -0.00000
vn -0.90722 -0.23970 0.34568
vn -0.67973 -0.36056 0.63873
vn -0.34875 -0.42653 0.83454
vn 0.03533 -0.42756 0.90330
vn 0.41402 -0.36350 0.83454
vn 0.72969 -0.24410 0.63873
vn 0.93426 -0.08754 0.34568
vn 0.99660 0.08234 0.00000
vn 0.99101 0.13382 -0.00000
vn 0.89025 0.31114 -0.33264
vn 0.65396 0.44109 -0.61463
vn 0.31811 0.50389 -0.80306
vn -0.06617 0.48997 -0.86922
vn -0.44037 0.40146 -0.80306
vn -0.74753 0.25183 -0.61463
vn -0.94089 0.06387 -0.33264
vn -0.99101 -0.13382 -0.00000
vn -0.89025 -0.31114 0.33264
vn -0.65396 -0.44109 0.61463
vn -0.31811 -0.50389 0.80306
vn 0.06617 -0.48997 0.86922
vn 0.44037 -0.40146 0.80306
vn 0.74753 -0.25183 0.61463
vn 0.94089 -0.06387 0.33264
vn 0.99101 0.13382 0.00000
vn 0.98429 0.17654 -0.00000
vn 0.87173 0.37296 -0.31779
vn 0.62645 0.51260 -0.58720
vn 0.28580 0.57419 -0.76722
vn -0.09836 0.54837 -0.83043
vn -0.46754 0.43907 -0.76722
vn -0.76555 0.26292 -0.58720
vn -0.94701 0.04675 -0.31779
vn -0.98429 -0.17654 -0.00000
vn -0.87173 -0.37296 0.31779
vn -0.62645 -0.51260 0.58720
vn -0.28580 -0.57419 0.76722
vn 0.09836 -0.54837 0.83043
vn 0.46754 -0.43907 0.76722
vn 0.76555 -0.26292 0.58720
vn 0.94701 -0.04675 0.31779
vn 0.98429 0.17654 0.00000
vn 0.97794 0.20887 -0.00000
vn 0.85427 0.42348 -0.30148
vn 0.60054 0.57362 -0.55706
vn 0.25539 0.63643 -0.72783
vn -0.12865 0.60235 -0.78780
vn -0.49310 0.47657 -0.72783
vn -0.78248 0.27823 -0.55706
vn -0.95273 0.03754 -0.30148
vn -0.97794 -0.20887 -0.00000
vn -0.85427 -0.42348 0.30148
vn -0.60054 -0.57362 0.55706
vn -0.25539 -0.63643 0.72783
vn 0.12865 -0.60235 0.78780
vn 0.49310 -0.47657 0.72783
vn 0.78248 -0.27823 0.55706
vn 0.95273 -0.03754 0.30148
vn 0.97794 0.20887 0.00000
vn 0.97346 0.22886 -0.00000
vn 0.84071 0.46090 -0.28421
vn 0.57997 0.62278 -0.52515
vn 0.23094 0.68984 -0.68614
vn -0.15326 0.65188 -0.74268
vn -0.51412 0.51467 -0.68614
vn -0.79671 0.29912 -0.52515
vn -0.95801 0.03802 -0.28421
vn -0.97346 -0.22886 -0.00000
vn -0.84071 -0.46090 0.28421
vn -0.57997 -0.62278 0.52515
vn -0.23094 -0.68984 0.68614
vn 0.15326 -0.65188 0.74268
vn 0.51412 -0.51467 0.68614
vn 0.79671 -0.29912 0.52515
vn 0.95801 -0.03802 0.28421
vn 0.97346 0.22886 0.00000
vn 0.97217 0.23429 -0.00000
vn 0.83386 0.48326 -0.26670
vn 0.56861 0.65866 -0.49279
vn 0.21680 0.73379 -0.64386
vn -0.16803 0.69720 -0.69691
vn -0.52727 0.55447 -0.64386
vn -0.80624 0.32732 -0.49279
vn -0.96246 0.05035 -0.26670
vn -0.97217 -0.23429 -0.00000
vn -0.83386 -0.48326 0.26670
vn -0.56861 -0.65866 0.49279
vn -0.21680 -0.73379 0.64386
vn 0.16803 -0.69720 0.69691
vn 0.52727 -0.55447 0.64386
vn 0.80624 -0.32732 0.49279
vn 0.96246 -0.05035 0.26670
vn 0.97217 0.23429 0.00000
vn 0.97487 0.22278 -0.00000
vn 0.83608 0.48840 -0.24985
vn 0.57001 0.67967 -0.46166
vn 0.21716 0.76747 -0.60319
vn -0.16875 0.73842 -0.65288
vn -0.52897 0.59696 -0.60319
vn -0.80866 0.36461 -0.46166
vn -0.96524 0.07676 -0.24985
vn -0.97487 -0.22278 -0.00000
vn -0.83608 -0.48840 0.24985
vn -0.57001 -0.67967 0.46166
vn -0.21716 -0.76747 0.60319
vn 0.16875 -0.73842 0.65288
vn 0.52897 -0.59696 0.60319
vn 0.80866 -0.36461 0.46166
vn 0.96524 -0.07676 0.24985
vn 0.97487 0.22278 0.00000
vn 0.98133 0.19231 -0.00000
vn 0.84852 0.47423 -0.23478
vn 0.58652 0.68395 -0.43382
vn 0.23524 0.78955 -0.56681
vn -0.15186 0.77494 -0.61351
vn -0.51585 0.64236 -0.56681
vn -0.80129 0.41198 -0.43382
vn -0.96475 0.11889 -0.23478
vn -0.98133 -0.19231 -0.00000
vn -0.84852 -0.47423 0.23478
vn -0.58652 -0.68395 0.43382
vn -0.23524 -0.78955 0.56681
vn 0.15186 -0.77494 0.61351
vn 0.51585 -0.64236 0.56681
vn 0.80129 -0.41198 0.43382
vn 0.96475 -0.11889 0.23478
vn 0.98133 0.19231 0.00000
vn 0.98981 0.14236 -0.00000
vn 0.87017 0.43954 -0.22274
vn 0.61805 0.66980 -0.41157
vn 0.27183 0.79809 -0.53774
vn -0.11576 0.80487 -0.58204
vn -0.48574 0.68913 -0.53774
vn -0.78176 0.46847 -0.41157
vn -0.95877 0.17648 -0.22274
vn -0.98981 -0.14236 -0.00000
vn -0.87017 -0.43954 0.22274
vn -0.61805 -0.66980 0.41157
vn -0.27183 -0.79809 0.53774
vn 0.11576 -0.80487 0.58204
vn 0.48574 -0.68913 0.53774
vn 0.78176 -0.46847 0.41157
vn 0.95877 -0.17648 0.22274
vn 0.98981 0.14236 0.00000
vn 0.99714 0.07555 -0.00000
vn 0.89732 0.38552 -0.21493
vn 0.66088 0.63680 -0.39714
vn 0.32384 0.79113 -0.51889
vn -0.06251 0.82501 -0.56165
vn -0.43934 0.73330 -0.51889
vn -0.74929 0.52995 -0.39714
vn -0.94516 0.24592 -0.21493
vn -0.99714 -0.07555 -0.00000
vn -0.89732 -0.38552 0.21493
vn -0.66088 -0.63680 0.39714
vn -0.32384 -0.79113 0.51889
vn 0.06251 -0.82501 0.56165
vn 0.43934 -0.73330 0.51889
vn 0.74929 -0.52995 0.39714
vn 0.94516 -0.24592 0.21493
vn 0.99714 0.07555 0.00000
vn 1.00000 -0.00125 0.00000
vn 0.92428 0.31726 -0.21228
vn 0.70784 0.58746 -0.39223
vn 0.38364 0.76823 -0.51248
vn 0.00104 0.83205 -0.55470
vn -0.38172 0.76919 -0.51248
vn -0.70637 0.58923 -0.39223
vn -0.92348 0.31957 -0.21228
vn -1.00000 0.00125 -0.00000
vn -0.92428 -0.31726 0.21228
vn -0.70784 -0.58746 0.39223
vn -0.38364 -0.76823 0.51248
vn -0.00104 -0.83205 0.55470
vn 0.38172 -0.76919 0.51248
vn 0.70637 -0.58923 0.39223
vn 0.92348 -0.31957 0.21228
vn 1.00000 -0.00125 0.00000
vn 0.99696 -0.07788 0.00000
vn 0.94572 0.24359 -0.21511
vn 0.75051 0.52798 -0.39746
vn 0.44103 0.73199 -0.51931
vn 0.06441 0.82456 -0.56210
vn -0.32201 0.79160 -0.51931
vn -0.65941 0.63812 -0.39746
vn -0.89642 0.38750 -0.21511
vn -0.99696 0.07788 -0.00000
vn -0.94572 -0.24359 0.21511
vn -0.75051 -0.52798 0.39746
vn -0.44103 -0.73199 0.51931
vn -0.06441 -0.82456 0.56210
vn 0.32201 -0.79160 0.51931
vn 0.65941 -0.63812 0.39746
vn 0.89642 -0.38750 0.21511
vn 0.99696 -0.07788 0.00000
vn 0.98954 -0.14424 0.00000
vn 0.95907 0.17444 -0.22306
vn 0.78259 0.46656 -0.41217
vn 0.48696 0.68765 -0.53852
vn 0.11720 0.80405 -0.58289
vn -0.27040 0.79805 -0.53852
vn -0.61684 0.67054 -0.41217
vn -0.86937 0.44096 -0.22306
vn -0.98954 0.14424 -0.00000
vn -0.95907 -0.17444 0.22306
vn -0.78259 -0.46656 0.41217
vn -0.48696 -0.68765 0.53852
vn -0.11720 -0.80405 0.58289
vn 0.27040 -0.79805 0.53852
vn 0.61684 -0.67054 0.41217
vn 0.86937 -0.44096 0.22306
vn 0.98954 -0.14424 0.00000
vn 0.98108 -0.19358 0.00000
vn 0.96484 0.11730 -0.23522
vn 0.80170 0.41032 -0.43463
vn 0.51652 0.64088 -0.56787
vn 0.15270 0.77387 -0.61466
vn -0.23437 0.78904 -0.56787
vn -0.58576 0.68409 -0.43463
vn -0.84797 0.47500 -0.23522
vn -0.98108 0.19358 -0.00000
vn -0.96484 -0.11730 0.23522
vn -0.80170 -0.41032 0.43463
vn -0.51652 -0.64088 0.56787
vn -0.15270 -0.77387 0.61466
vn 0.23437 -0.78904 0.56787
vn 0.58576 -0.68409 0.43463
vn 0.84797 -0.47500 0.23522
vn 0.98108 -0.19358 0.00000
vn 0.97472 -0.22343 0.00000
vn 0.96519 0.07568 -0.25036
vn 0.80872 0.36327 -0.46261
vn 0.52913 0.59556 -0.60443
vn 0.16898 0.73718 -0.65423
vn -0.21689 0.76656 -0.60443
vn -0.56974 0.67925 -0.46261
vn -0.83586 0.48853 -0.25036
vn -0.97472 0.22343 -0.00000
vn -0.96519 -0.07568 0.25036
vn -0.80872 -0.36327 0.46261
vn -0.52913 -0.59556 0.60443
vn -0.16898 -0.73718 0.65423
vn 0.21689 -0.76656 0.60443
vn 0.56974 -0.67925 0.46261
vn 0.83586 -0.48853 0.25036
vn 0.97472 -0.22343 0.00000
vn 0.97215 -0.23437 0.00000
vn 0.96234 0.04975 -0.26725
vn 0.80603 0.32629 -0.49381
vn 0.52701 0.55316 -0.64519
vn 0.16775 0.69582 -0.69835
vn -0.21704 0.73254 -0.64519
vn -0.56880 0.65774 -0.49381
vn -0.83395 0.48281 -0.26725
vn -0.97215 0.23437 -0.00000
vn -0.96234 -0.04975 0.26725
vn -0.80603 -0.32629 0.49381
vn -0.52701 -0.55316 0.64519
vn -0.16775 -0.69582 0.69835
vn 0.21704 -0.73254 0.64519
vn 0.56880 -0.65774 0.49381
vn 0.83395 -0.48281 0.26725
vn 0.97215 -0.23437 0.00000
vn 0.97356 -0.22844 0.00000
vn 0.95785 0.03784 -0.28477
vn 0.79632 0.29835 -0.52618
vn 0.51355 0.51344 -0.68749
vn 0.15260 0.65037 -0.74413
vn -0.23158 0.68828 -0.68749
vn -0.58050 0.62141 -0.52618
vn -0.84105 0.45993 -0.28477
vn -0.97356 0.22844 -0.00000
vn -0.95785 -0.03784 0.28477
vn -0.79632 -0.29835 0.52618
vn -0.51355 -0.51344 0.68749
vn -0.15260 -0.65037 0.74413
vn 0.23158 -0.68828 0.68749
vn 0.58050 -0.62141 0.52618
vn 0.84105 -0.45993 0.28477
vn 0.97356 -0.22844 0.00000
vn 0.97813 -0.20802 0.00000
vn 0.95256 0.03769 -0.30201
vn 0.78197 0.27767 -0.55805
vn 0.49234 0.47537 -0.72913
vn 0.12775 0.60070 -0.78920
vn -0.25629 0.63458 -0.72913
vn -0.60131 0.57185 -0.55805
vn -0.85478 0.42206 -0.30201
vn -0.97813 0.20802 -0.00000
vn -0.95256 -0.03769 0.30201
vn -0.78197 -0.27767 0.55805
vn -0.49234 -0.47537 0.72913
vn -0.12775 -0.60070 0.78920
vn 0.25629 -0.63458 0.72913
vn 0.60131 -0.57185 0.55805
vn 0.85478 -0.42206 0.30201
vn 0.97813 -0.20802 0.00000
vn 0.98451 -0.17534 0.00000
vn 0.94682 0.04718 -0.31829
vn 0.76499 0.26251 -0.58812
vn 0.46669 0.43788 -0.76842
vn 0.09734 0.54658 -0.83173
vn -0.28682 0.57207 -0.76842
vn -0.62732 0.51047 -0.58812
vn -0.87232 0.37116 -0.31829
vn -0.98451 0.17534 -0.00000
vn -0.94682 -0.04718 0.31829
vn -0.76499 -0.26251 0.58812
vn -0.46669 -0.43788 0.76842
vn -0.09734 -0.54658 0.83173
vn 0.28682 -0.57207 0.76842
vn 0.62732 -0.51047 0.58812
vn 0.87232 -0.37116 0.31829
vn 0.98451 -0.17534 0.00000
vn 0.99121 -0.13231 0.00000
vn 0.94069 0.06452 -0.33308
vn 0.74696 0.25154 -0.61546
vn 0.43951 0.40026 -0.80413
vn 0.06515 0.48804 -0.87039
vn -0.31913 0.50153 -0.80413
vn -0.65482 0.43866 -0.61546
vn -0.89083 0.30901 -0.33308
vn -0.99121 0.13231 -0.00000
vn -0.94069 -0.06452 0.33308
vn -0.74696 -0.25154 0.61546
vn -0.43951 -0.40026 0.80413
vn -0.06515 -0.48804 0.87039
vn 0.31913 -0.50153 0.80413
vn 0.65482 -0.43866 0.61546
vn 0.89083 -0.30901 0.33308
vn 0.99121 -0.13231 0.00000
vn 0.99675 -0.08058 0.00000
vn 0.93404 0.08839 -0.34606
vn 0.72913 0.24391 -0.63943
vn 0.41322 0.36229 -0.83546
vn 0.03440 0.42552 -0.90430
vn -0.34966 0.42396 -0.83546
vn -0.68048 0.35786 -0.63943
vn -0.90771 0.23728 -0.34606
vn -0.99675 0.08058 -0.00000
vn -0.93404 -0.08839 0.34606
vn -0.72913 -0.24391 0.63943
vn -0.41322 -0.36229 0.83546
vn -0.03440 -0.42552 0.90430
vn 0.34966 -0.42396 0.83546
vn 0.68048 -0.35786 0.63943
vn 0.90771 -0.23728 0.34606
vn 0.99675 -0.08058 0.00000
vn 0.99977 -0.02155 0.00000
vn 0.92663 0.11781 -0.35703
vn 0.71243 0.23924 -0.65971
vn 0.38976 0.32424 -0.86195
vn 0.00776 0.35988 -0.93297
vn -0.37543 0.34073 -0.86195
vn -0.70146 0.26971 -0.65971
vn -0.92070 0.15762 -0.35703
vn -0.99977 0.02155 -0.00000
vn -0.92663 -0.11781 0.35703
vn -0.71243 -0.23924 0.65971
vn -0.38976 -0.32424 0.86195
vn -0.00776 -0.35988 0.93297
vn 0.37543 -0.34073 0.86195
vn 0.70146 -0.26971 0.65971
vn 0.92070 -0.15762 0.35703
vn 0.99977 -0.02155 0.00000
vn 0.99905 0.04353 -0.00000
vn 0.91813 0.15210 -0.36593
vn 0.69743 0.23752 -0.67615
vn 0.37055 0.28677 -0.88343
vn -0.01274 0.29237 -0.95622
vn -0.39409 0.25346 -0.88343
vn -0.71544 0.17596 -0.67615
vn -0.92788 0.07167 -0.36593
vn -0.99905 -0.04353 -0.00000
vn -0.91813 -0.15210 0.36593
vn -0.69743 -0.23752 0.67615
vn -0.37055 -0.28677 0.88343
vn 0.01274 -0.29237 0.95622
vn 0.39409 -0.25346 0.88343
vn 0.71544 -0.17596 0.67615
vn 0.92788 -0.07167 0.36593
vn 0.99905 0.04353 0.00000
vn 0.99354 0.11349 -0.00000
vn 0.90810 0.19076 -0.37279
vn 0.68440 0.23899 -0.68882
vn 0.35652 0.25084 -0.89999
vn -0.02564 0.22450 -0.97414
vn -0.40390 0.16398 -0.89999
vn -0.72067 0.07849 -0.68882
vn -0.92772 -0.01894 -0.37279
vn -0.99354 -0.11349 -0.00000
vn -0.90810 -0.19076 0.37279
vn -0.68440 -0.23899 0.68882
vn -0.35652 -0.25084 0.89999
vn 0.02564 -0.22450 0.97414
vn 0.40390 -0.16398 0.89999
vn 0.72067 -0.07849 0.68882
vn 0.92772 0.01894 0.37279
vn 0.99354 0.11349 0.00000
vn 0.98232 0.18723 -0.00000
vn 0.89602 0.23340 -0.37771
vn 0.67332 0.24405 -0.69791
vn 0.34811 0.21754 -0.91186
vn -0.03010 0.15791 -0.98699
vn -0.40372 0.07424 -0.91186
vn -0.71588 -0.02073 -0.69791
vn -0.91906 -0.11255 -0.37771
vn -0.98232 -0.18723 -0.00000
vn -0.89602 -0.23340 0.37771
vn -0.67332 -0.24405 0.69791
vn -0.34811 -0.21754 0.91186
vn 0.03010 -0.15791 0.98699
vn 0.40372 -0.07424 0.91186
vn 0.71588 0.02073 0.69791
vn 0.91906 0.11255 0.37771
vn 0.98232 0.18723 0.00000
vn 0.96462 0.26365 -0.00000
vn 0.88133 0.27967 -0.38085
vn 0.66386 0.25310 -0.70372
vn 0.34533 0.18801 -0.91946
vn -0.02577 0.09429 -0.99521
vn -0.39295 -0.01378 -0.91946
vn -0.70031 -0.11976 -0.70372
vn -0.90105 -0.20750 -0.38085
vn -0.96462 -0.26365 -0.00000
vn -0.88133 -0.27967 0.38085
vn -0.66386 -0.25310 0.70372
vn -0.34533 -0.18801 0.91946
vn 0.02577 -0.09429 0.99521
vn 0.39295 0.01378 0.91946
vn 0.70031 0.11976 0.70372
vn 0.90105 0.20750 0.38085
vn 0.96462 0.26365 0.00000
vn 0.93981 0.34169 -0.00000
vn 0.86337 0.32917 -0.38241
vn 0.65549 0.26654 -0.70661
vn 0.34781 0.16333 -0.92323
vn -0.01282 0.03525 -0.99930
vn -0.37149 -0.09819 -0.92323
vn -0.67361 -0.21669 -0.70661
vn -0.87318 -0.30219 -0.38241
vn -0.93981 -0.34169 -0.00000
vn -0.86337 -0.32917 0.38241
vn -0.65549 -0.26654 0.70661
vn -0.34781 -0.16333 0.92323
vn 0.01282 -0.03525 0.99930
vn 0.37149 0.09819 0.92323
vn 0.67361 0.21669 0.70661
vn 0.87318 0.30219 0.38241
vn 0.93981 0.34169 0.00000
vn 0.90741 0.42025 -0.00000
vn 0.84148 0.38147 -0.38261
vn 0.64744 0.28462 -0.70697
vn 0.35484 0.14444 -0.92370
vn 0.00821 -0.01773 -0.99981
vn -0.33966 -0.17720 -0.92370
vn -0.63583 -0.30970 -0.70697
vn -0.83520 -0.39504 -0.38261
vn -0.90741 -0.42025 -0.00000
vn -0.84148 -0.38147 0.38261
vn -0.64744 -0.28462 0.70697
vn -0.35484 -0.14444 0.92370
vn -0.00821 0.01773 0.99981
vn 0.33966 0.17720 0.92370
vn 0.63583 0.30970 0.70697
vn 0.83520 0.39504 0.38261
vn 0.90741 0.42025 0.00000
vn 0.86706 0.49821 -0.00000
vn 0.81499 0.43603 -0.38166
vn 0.63885 0.30747 -0.70522
vn 0.36545 0.13210 -0.92141
vn 0.03642 -0.06338 -0.99733
vn -0.29817 -0.24921 -0.92141
vn -0.58735 -0.39710 -0.70522
vn -0.78712 -0.48453 -0.38166
vn -0.86706 -0.49821 -0.00000
vn -0.81499 -0.43603 0.38166
vn -0.63885 -0.30747 0.70522
vn -0.36545 -0.13210 0.92141
vn -0.03642 0.06338 0.99733
vn 0.29817 0.24921 0.92141
vn 0.58735 0.39710 0.70522
vn 0.78712 0.48453 0.38166
vn 0.86706 0.49821 0.00000
vn 0.81855 0.57444 -0.00000
vn 0.78327 0.49220 -0.37978
vn 0.62875 0.33502 -0.70174
vn 0.37850 0.12684 -0.91687
vn 0.07064 -0.10065 -0.99241
vn -0.24799 -0.31282 -0.91687
vn -0.52885 -0.47736 -0.70174
vn -0.72921 -0.56923 -0.37978
vn -0.81855 -0.57444 -0.00000
vn -0.78327 -0.49220 0.37978
vn -0.62875 -0.33502 0.70174
vn -0.37850 -0.12684 0.91687
vn -0.07064 0.10065 0.99241
vn 0.24799 0.31282 0.91687
vn 0.52885 0.47736 0.70174
vn 0.72921 0.56923 0.37978
vn 0.81855 0.57444 0.00000
vn 0.76180 0.64781 -0.00000
vn 0.74572 0.54921 -0.37718
vn 0.61611 0.36701 -0.69693
vn 0.39270 0.12893 -0.91058
vn 0.10951 -0.12878 -0.98561
vn -0.19036 -0.36688 -0.91058
vn -0.46124 -0.54913 -0.69693
vn -0.66191 -0.64778 -0.37718
vn -0.76180 -0.64781 -0.00000
vn -0.74572 -0.54921 0.37718
vn -0.61611 -0.36701 0.69693
vn -0.39270 -0.12893 0.91058
vn -0.10951 0.12878 0.98561
vn 0.19036 0.36688 0.91058
vn 0.46124 0.54913 0.69693
vn 0.66191 0.64778 0.37718
vn 0.76180 0.64781 0.00000
vn 0.69692 0.71715 -0.00000
vn 0.70186 0.60620 -0.37404
vn 0.59995 0.40297 -0.69114
vn 0.40671 0.13839 -0.90302
vn 0.15154 -0.14727 -0.97742
vn -0.12669 -0.41050 -0.90302
vn -0.38564 -0.61124 -0.69114
vn -0.58588 -0.71892 -0.37404
vn -0.69692 -0.71715 -0.00000
vn -0.70186 -0.60620 0.37404
vn -0.59995 -0.40297 0.69114
vn -0.40671 -0.13839 0.90302
vn -0.15154 0.14727 0.97742
vn 0.12669 0.41050 0.90302
vn 0.38564 0.61124 0.69114
vn 0.58588 0.71892 0.37404
vn 0.69692 0.71715 0.00000
vn 0.62413 0.78132 -0.00000
vn 0.65131 0.66219 -0.37055
vn 0.57932 0.44224 -0.68469
vn 0.41915 0.15497 -0.89460
vn 0.19516 -0.15590 -0.96830
vn -0.05854 -0.44303 -0.89460
vn -0.30333 -0.66271 -0.68469
vn -0.50194 -0.78150 -0.37055
vn -0.62413 -0.78132 -0.00000
vn -0.65131 -0.66219 0.37055
vn -0.57932 -0.44224 0.68469
vn -0.41915 -0.15497 0.89460
vn -0.19516 0.15590 0.96830
vn 0.05854 0.44303 0.89460
vn 0.30333 0.66271 0.68469
vn 0.50194 0.78150 0.37055
vn 0.62413 0.78132 0.00000
vn 0.54385 0.83918 -0.00000
vn 0.59382 0.71609 -0.36687
vn 0.55339 0.48398 -0.67788
vn 0.42871 0.17819 -0.88570
vn 0.23876 -0.15473 -0.95867
vn 0.01246 -0.46409 -0.88570
vn -0.21574 -0.70280 -0.67788
vn -0.41109 -0.83452 -0.36687
vn -0.54385 -0.83918 -0.00000
vn -0.59382 -0.71609 0.36687
vn -0.55339 -0.48398 0.67788
vn -0.42871 -0.17819 0.88570
vn -0.23876 0.15473 0.95867
vn -0.01246 0.46409 0.88570
vn 0.21574 0.70280 0.67788
vn 0.41109 0.83452 0.36687
vn 0.54385 0.83918 0.00000
vn 0.45665 0.88965 -0.00000
vn 0.52934 0.76677 -0.36313
vn 0.52143 0.52717 -0.67097
vn 0.43415 0.20731 -0.87666
vn 0.28077 -0.14412 -0.94889
vn 0.08464 -0.47360 -0.87666
vn -0.12437 -0.73098 -0.67097
vn -0.31445 -0.87708 -0.36313
vn -0.45665 -0.88965 -0.00000
vn -0.52934 -0.76677 0.36313
vn -0.52143 -0.52717 0.67097
vn -0.43415 -0.20731 0.87666
vn -0.28077 0.14412 0.94889
vn -0.08464 0.47360 0.87666
vn 0.12437 0.73098 0.67097
vn 0.31445 0.87708 0.36313
vn 0.45665 0.88965 0.00000
vn 0.36327 0.93168 -0.00000
vn 0.45796 0.81306 -0.35945
vn 0.48292 0.57066 -0.66418
vn 0.43437 0.24138 -0.86779
vn 0.31968 -0.12465 -0.93929
vn 0.15633 -0.47170 -0.86779
vn -0.03082 -0.74694 -0.66418
vn -0.21328 -0.90846 -0.35945
vn -0.36327 -0.93168 -0.00000
vn -0.45796 -0.81306 0.35945
vn -0.48292 -0.57066 0.66418
vn -0.43437 -0.24138 0.86779
vn -0.31968 0.12465 0.93929
vn -0.15633 0.47170 0.86779
vn 0.03082 0.74694 0.66418
vn 0.21328 0.90846 0.35945
vn 0.36327 0.93168 0.00000
vn 0.26463 0.96435 -0.00000
vn 0.38000 0.85376 -0.35595
vn 0.43752 0.61319 -0.65771
vn 0.42843 0.27927 -0.85934
vn 0.35412 -0.09717 -0.93014
vn 0.22589 -0.45882 -0.85934
vn 0.06328 -0.75061 -0.65771
vn -0.10897 -0.92813 -0.35595
vn -0.26463 -0.96435 -0.00000
vn -0.38000 -0.85376 0.35595
vn -0.43752 -0.61319 0.65771
vn -0.42843 -0.27927 0.85934
vn -0.35412 0.09717 0.93014
vn -0.22589 0.45882 0.85934
vn -0.06328 0.75061 0.65771
vn 0.10897 0.92813 0.35595
vn 0.26463 0.96435 0.00000
vn 0.16177 0.98683 -0.00000
vn 0.29596 0.88769 -0.35271
vn 0.38510 0.65342 -0.65173
vn 0.41561 0.31966 -0.85152
vn 0.38284 -0.06276 -0.92168
vn 0.29179 -0.43562 -0.85152
vn 0.15632 -0.74217 -0.65173
vn -0.00295 -0.93573 -0.35271
vn -0.16177 -0.98683 -0.00000
vn -0.29596 -0.88769 0.35271
vn -0.38510 -0.65342 0.65173
vn -0.41561 -0.31966 0.85152
vn -0.38284 0.06276 0.92168
vn -0.29179 0.43562 0.85152
vn -0.15632 0.74217 0.65173
vn 0.00295 0.93573 0.35271
vn 0.16177 0.98683 0.00000
vn 0.05591 0.99844 -0.00000
vn 0.20658 0.91376 -0.34982
vn 0.32579 0.68997 -0.64638
vn 0.39541 0.36114 -0.84453
vn 0.40482 -0.02267 -0.91411
vn 0.35261 -0.40303 -0.84453
vn 0.24672 -0.72203 -0.64638
vn 0.10326 -0.93111 -0.34982
vn -0.05591 -0.99844 -0.00000
vn -0.20658 -0.91376 0.34982
vn -0.32579 -0.68997 0.64638
vn -0.39541 -0.36114 0.84453
vn -0.40482 0.02267 0.91411
vn -0.35261 0.40303 0.84453
vn -0.24672 0.72203 0.64638
vn -0.10326 0.93111 0.34982
vn 0.05591 0.99844 0.00000
vn -0.05162 0.99867 0.00000
vn 0.11275 0.93094 -0.34733
vn 0.25996 0.72149 -0.64178
vn 0.36759 0.40219 -0.83852
vn 0.41925 0.02167 -0.90761
vn 0.40709 -0.36215 -0.83852
vn 0.33296 -0.69084 -0.64178
vn 0.20813 -0.91435 -0.34733
vn 0.05162 -0.99867 -0.00000
vn -0.11275 -0.93094 0.34733
vn -0.25996 -0.72149 0.64178
vn -0.36759 -0.40219 0.83852
vn -0.41925 -0.02167 0.90761
vn -0.40709 0.36215 0.83852
vn -0.33296 0.69084 0.64178
vn -0.20813 0.91435 0.34733
vn -0.05162 0.99867 0.00000
vn -0.15941 0.98721 0.00000
vn 0.01559 0.93836 -0.34530
vn 0.18821 0.74666 -0.63803
vn 0.33218 0.44128 -0.83362
vn 0.42558 0.06872 -0.90231
vn 0.45419 -0.31430 -0.83362
vn 0.41365 -0.64947 -0.63803
vn 0.31014 -0.88577 -0.34530
vn 0.15941 -0.98721 -0.00000
vn -0.01559 -0.93836 0.34530
vn -0.18821 -0.74666 0.63803
vn -0.33218 -0.44128 0.83362
vn -0.42558 -0.06872 0.90231
vn -0.45419 0.31430 0.83362
vn -0.41365 0.64947 0.63803
vn -0.31014 0.88577 0.34530
vn -0.15941 0.98721 0.00000
vn -0.26598 0.96398 0.00000
vn -0.08365 0.93532 -0.34377
vn 0.11142 0.76427 -0.63520
vn 0.28952 0.47687 -0.82993
vn 0.42354 0.11686 -0.89831
vn 0.49309 -0.26093 -0.82993
vn 0.48757 -0.59900 -0.63520
vn 0.40781 -0.84588 -0.34377
vn 0.26598 -0.96398 -0.00000
vn 0.08365 -0.93532 0.34377
vn -0.11142 -0.76427 0.63520
vn -0.28952 -0.47687 0.82993
vn -0.42354 -0.11686 0.89831
vn -0.49309 0.26093 0.82993
vn -0.48757 0.59900 0.63520
vn -0.40781 0.84588 0.34377
vn -0.26598 0.96398 0.00000
vn -0.36983 0.92910 0.00000
vn -0.18357 0.92131 -0.34276
vn 0.03064 0.77326 -0.63335
vn 0.24018 0.50749 -0.82751
vn 0.41316 0.16446 -0.89569
vn 0.52323 -0.20361 -0.82751
vn 0.55365 -0.54069 -0.63335
vn 0.49978 -0.79544 -0.34276
vn 0.36983 -0.92910 -0.00000
vn 0.18357 -0.92131 0.34276
vn -0.03064 -0.77326 0.63335
vn -0.24018 -0.50749 0.82751
vn -0.41316 -0.16446 0.89569
vn -0.52323 0.20361 0.82751
vn -0.55365 0.54069 0.63335
vn -0.49978 0.79544 0.34276
vn -0.36983 0.92910 0.00000
vn -0.46948 0.88294 0.00000
vn -0.28268 0.89606 -0.34231
vn -0.05285 0.77275 -0.63251
vn 0.18503 0.53180 -0.82641
vn 0.39474 0.20989 -0.89450
vn 0.54435 -0.14398 -0.82641
vn 0.61109 -0.47592 -0.63251
vn 0.58480 -0.73541 -0.34231
vn 0.46948 -0.88294 -0.00000
vn 0.28268 -0.89606 0.34231
vn 0.05285 -0.77275 0.63251
vn -0.18503 -0.53180 0.82641
vn -0.39474 -0.20989 0.89450
vn -0.54435 0.14398 0.82641
vn -0.61109 0.47592 0.63251
vn -0.58480 0.73541 0.34231
vn -0.46948 0.88294 0.00000
vn -0.56352 0.82610 0.00000
vn -0.37946 0.85951 -0.34241
vn -0.13763 0.76207 -0.63270
vn 0.12515 0.54861 -0.82666
vn 0.36888 0.25163 -0.89477
vn 0.55645 -0.08366 -0.82666
vn 0.65931 -0.40621 -0.63270
vn 0.66179 -0.66692 -0.34241
vn 0.56352 -0.82610 -0.00000
vn 0.37946 -0.85951 0.34241
vn 0.13763 -0.76207 0.63270
vn -0.12515 -0.54861 0.82666
vn -0.36888 -0.25163 0.89477
vn -0.55645 0.08366 0.82666
vn -0.65931 0.40621 0.63270
vn -0.66179 0.66692 0.34241
vn -0.56352 0.82610 0.00000
vn -0.65065 0.75938 0.00000
vn -0.47236 0.81190 -0.34307
vn -0.22216 0.74081 -0.63391
vn 0.06186 0.55695 -0.82824
vn 0.33647 0.28829 -0.89648
vn 0.55985 -0.02425 -0.82824
vn 0.69800 -0.33311 -0.63391
vn 0.72988 -0.59125 -0.34307
vn 0.65065 -0.75938 -0.00000
vn 0.47236 -0.81190 0.34307
vn 0.22216 -0.74081 0.63391
vn -0.06186 -0.55695 0.82824
vn -0.33647 -0.28829 0.89648
vn -0.55985 0.02425 0.82824
vn -0.69800 0.33311 0.63391
vn -0.72988 0.59125 0.34307
vn -0.65065 0.75938 0.00000
vn -0.72971 0.68376 0.00000
vn -0.55989 0.75366 -0.34427
vn -0.30484 0.70882 -0.63612
vn -0.00338 0.55607 -0.83113
vn 0.29859 0.31866 -0.89961
vn 0.55511 0.03274 -0.83113
vn 0.72712 -0.25816 -0.63612
vn 0.78843 -0.50977 -0.34427
vn 0.72971 -0.68376 -0.00000
vn 0.55989 -0.75366 0.34427
vn 0.30484 -0.70882 0.63612
vn 0.00338 -0.55607 0.83113
vn -0.29859 -0.31866 0.89961
vn -0.55511 -0.03274 0.83113
vn -0.72712 0.25816 0.63612
vn -0.78843 0.50977 0.34427
vn -0.72971 0.68376 0.00000
vn -0.79970 0.60040 0.00000
vn -0.64064 0.68547 -0.34598
vn -0.38405 0.66619 -0.63929
vn -0.06899 0.54548 -0.83528
vn 0.25657 0.34173 -0.90410
vn 0.54307 0.08596 -0.83528
vn 0.74689 -0.18290 -0.63929
vn 0.83701 -0.42392 -0.34598
vn 0.79970 -0.60040 -0.00000
vn 0.64064 -0.68547 0.34598
vn 0.38405 -0.66619 0.63929
vn 0.06899 -0.54548 0.83528
vn -0.25657 -0.34173 0.90410
vn -0.54307 -0.08596 0.83528
vn -0.74689 0.18290 0.63929
vn -0.83701 0.42392 0.34598
vn -0.79970 0.60040 0.00000
vn -0.85984 0.51057 0.00000
vn -0.71331 0.60824 -0.34819
vn -0.45819 0.61330 -0.64336
vn -0.13332 0.52500 -0.84059
vn 0.21185 0.35677 -0.90985
vn 0.52477 0.13423 -0.84059
vn 0.75780 -0.10875 -0.64336
vn 0.87546 -0.33517 -0.34819
vn 0.85984 -0.51057 -0.00000
vn 0.71331 -0.60824 0.34819
vn 0.45819 -0.61330 0.64336
vn 0.13332 -0.52500 0.84059
vn -0.21185 -0.35677 0.90985
vn -0.52477 -0.13423 0.84059
vn -0.75780 0.10875 0.64336
vn -0.87546 0.33517 0.34819
vn -0.85984 0.51057 0.00000
vn -0.90954 0.41562 0.00000
vn -0.77677 0.52301 -0.35083
vn -0.52575 0.55078 -0.64825
vn -0.19469 0.49470 -0.84698
vn 0.16601 0.36330 -0.91676
vn 0.50144 0.17660 -0.84698
vn 0.76053 -0.03699 -0.64825
vn 0.90384 -0.24495 -0.35083
vn 0.90954 -0.41562 -0.00000
vn 0.77677 -0.52301 0.35083
vn 0.52575 -0.55078 0.64825
vn 0.19469 -0.49470 0.84698
vn -0.16601 -0.36330 0.91676
vn -0.50144 -0.17660 0.84698
vn -0.76053 0.03699 0.64825
vn -0.90384 0.24495 0.35083
vn -0.90954 0.41562 0.00000
vn -0.94845 0.31694 0.00000
vn -0.83007 0.43101 -0.35386
vn -0.58532 0.47947 -0.65384
vn -0.25146 0.45493 -0.85429
vn 0.12068 0.36113 -0.92467
vn 0.47445 0.21235 -0.85429
vn 0.75598 0.03125 -0.65384
vn 0.92243 -0.15462 -0.35386
vn 0.94845 -0.31694 -0.00000
vn 0.83007 -0.43101 0.35386
vn 0.58532 -0.47947 0.65384
vn 0.25146 -0.45493 0.85429
vn -0.12068 -0.36113 0.92467
vn -0.47445 -0.21235 0.85429
vn -0.75598 -0.03125 0.65384
vn -0.92243 0.15462 0.35386
vn -0.94845 0.31694 0.00000
vn -0.97641 0.21594 0.00000
vn -0.87243 0.33357 -0.35720
vn -0.63564 0.40042 -0.66002
vn -0.30207 0.40631 -0.86236
vn 0.07748 0.35034 -0.93341
vn 0.44524 0.24104 -0.86236
vn 0.74521 0.09504 -0.66002
vn 0.93173 -0.06543 -0.35720
vn 0.97641 -0.21594 -0.00000
vn 0.87243 -0.33357 0.35720
vn 0.63564 -0.40042 0.66002
vn 0.30207 -0.40631 0.86236
vn -0.07748 -0.35034 0.93341
vn -0.44524 -0.24104 0.86236
vn -0.74521 -0.09504 0.66002
vn -0.93173 0.06543 0.35720
vn -0.97641 0.21594 0.00000
vn -0.99348 0.11398 0.00000
vn -0.90331 0.23208 -0.36078
vn -0.67562 0.31486 -0.66663
vn -0.34507 0.34970 -0.87100
vn 0.03801 0.33130 -0.94276
vn 0.41530 0.26247 -0.87100
vn 0.72937 0.15367 -0.66663
vn 0.93240 0.02148 -0.36078
vn 0.99348 -0.11398 -0.00000
vn 0.90331 -0.23208 0.36078
vn 0.67562 -0.31486 0.66663
vn 0.34507 -0.34970 0.87100
vn -0.03801 -0.33130 0.94276
vn -0.41530 -0.26247 0.87100
vn -0.72937 -0.15367 0.66663
vn -0.93240 -0.02148 0.36078
vn -0.99348 0.11398 0.00000
vn -0.99992 0.01237 0.00000
vn -0.92237 0.12800 -0.36449
vn -0.70439 0.22415 -0.67349
vn -0.37917 0.28618 -0.87996
vn 0.00377 0.30464 -0.95246
vn 0.38613 0.27672 -0.87996
vn 0.70972 0.20667 -0.67349
vn 0.92525 0.10516 -0.36449
vn 0.99992 -0.01237 -0.00000
vn 0.92237 -0.12800 0.36449
vn 0.70439 -0.22415 0.67349
vn 0.37917 -0.28618 0.87996
vn -0.00377 -0.30464 0.95246
vn -0.38613 -0.27672 0.87996
vn -0.70972 -0.20667 0.67349
vn -0.92525 -0.10516 0.36449
vn -0.99992 0.01237 0.00000
vn -0.99615 -0.08767 0.00000
vn -0.92946 0.02279 -0.36823
vn -0.72126 0.12978 -0.68040
vn -0.40326 0.21701 -0.88898
vn -0.02387 0.27121 -0.96222
vn 0.35916 0.28412 -0.88898
vn 0.68751 0.25377 -0.68040
vn 0.91119 0.18479 -0.36823
vn 0.99615 0.08767 -0.00000
vn 0.92946 -0.02279 0.36823
vn 0.72126 -0.12978 0.68040
vn 0.40326 -0.21701 0.88898
vn 0.02387 -0.27121 0.96222
vn -0.35916 -0.28412 0.88898
vn -0.68751 -0.25377 0.68040
vn -0.91119 -0.18479 0.36823
vn -0.99615 -0.08767 0.00000
vn -0.98273 -0.18503 0.00000
vn -0.92465 -0.08212 -0.37186
vn -0.72580 0.03328 -0.68710
vn -0.41645 0.14362 -0.89774
vn -0.04370 0.23209 -0.97171
vn 0.33570 0.28523 -0.89774
vn 0.66400 0.29495 -0.68710
vn 0.89121 0.25976 -0.37186
vn 0.98273 0.18503 -0.00000
vn 0.92465 0.08212 0.37186
vn 0.72580 -0.03328 0.68710
vn 0.41645 -0.14362 0.89774
vn 0.04370 -0.23209 0.97171
vn -0.33570 -0.28523 0.89774
vn -0.66400 -0.29495 0.68710
vn -0.89121 -0.25976 0.37186
vn -0.98273 -0.18503 0.00000
vn -0.96038 -0.27869 0.00000
vn -0.90821 -0.18533 -0.37524
vn -0.71778 -0.06375 -0.69335
vn -0.41807 0.06754 -0.90590
vn -0.05471 0.18854 -0.98054
vn 0.31697 0.28084 -0.90590
vn 0.64040 0.33038 -0.69335
vn 0.86634 0.32963 -0.37524
vn 0.96038 0.27869 -0.00000
vn 0.90821 0.18533 0.37524
vn 0.71778 0.06375 0.69335
vn 0.41807 -0.06754 0.90590
vn 0.05471 -0.18854 0.98054
vn -0.31697 -0.28084 0.90590
vn -0.64040 -0.33038 0.69335
vn -0.86634 -0.32963 0.37524
vn -0.96038 -0.27869 0.00000
vn -0.92991 -0.36780 0.00000
vn -0.88061 -0.28548 -0.37820
vn -0.69725 -0.15969 -0.69882
vn -0.40773 -0.00960 -0.91305
vn -0.05615 0.14196 -0.98828
vn 0.30399 0.27190 -0.91305
vn 0.61784 0.36045 -0.69882
vn 0.83763 0.39413 -0.37820
vn 0.92991 0.36780 -0.00000
vn 0.88061 0.28548 0.37820
vn 0.69725 0.15969 0.69882
vn 0.40773 0.00960 0.91305
vn 0.05615 -0.14196 0.98828
vn -0.30399 -0.27190 0.91305
vn -0.61784 -0.36045 0.69882
vn -0.83763 -0.39413 0.37820
vn -0.92991 -0.36780 0.00000
vn -0.89221 -0.45161 0.00000
vn -0.84248 -0.38132 -0.38056
vn -0.66448 -0.25298 -0.70318
vn -0.38532 -0.08612 -0.91875
vn -0.04750 0.09385 -0.99445
vn 0.29755 0.25953 -0.91875
vn 0.59730 0.38570 -0.70318
vn 0.80612 0.45315 -0.38056
vn 0.89221 0.45161 -0.00000
vn 0.84248 0.38132 0.38056
vn 0.66448 0.25298 0.70318
vn 0.38532 0.08612 0.91875
vn 0.04750 -0.09385 0.99445
vn -0.29755 -0.25953 0.91875
vn -0.59730 -0.38570 0.70318
vn -0.80612 -0.45315 0.38056
vn -0.89221 -0.45161 0.00000
vn -0.84829 -0.52953 0.00000
vn -0.79465 -0.47171 -0.38213
vn -0.62004 -0.34207 -0.70608
vn -0.35102 -0.16036 -0.92253
vn -0.02857 0.04577 -0.99854
vn 0.29823 0.24493 -0.92253
vn 0.57963 0.40680 -0.70608
vn 0.77278 0.50674 -0.38213
vn 0.84829 0.52953 -0.00000
vn 0.79465 0.47171 0.38213
vn 0.62004 0.34207 0.70608
vn 0.35102 0.16036 0.92253
vn 0.02857 -0.04577 0.99854
vn -0.29823 -0.24493 0.92253
vn -0.57963 -0.40680 0.70608
vn -0.77278 -0.50674 0.38213
vn -0.84829 -0.52953 0.00000
vn -0.79918 -0.60109 0.00000
vn -0.73814 -0.55561 -0.38268
vn -0.56473 -0.42554 -0.70711
vn -0.30533 -0.23069 -0.92388
vn 0.00054 -0.00072 -1.00000
vn 0.30633 0.22936 -0.92388
vn 0.56549 0.42452 -0.70711
vn 0.73856 0.55506 -0.38268
vn 0.79918 0.60109 -0.00000
vn 0.73814 0.55561 0.38268
vn 0.56473 0.42554 0.70711
vn 0.30533 0.23069 0.92388
vn -0.00054 0.00072 1.00000
vn -0.30633 -0.22936 0.92388
vn -0.56549 -0.42452 0.70711
vn -0.73856 -0.55506 0.38268
vn -0.79918 -0.60109 0.00000
vn -0.74600 -0.66595 0.00000
vn -0.67414 -0.63214 -0.38201
vn -0.49964 -0.50210 -0.70587
vn -0.24909 -0.29562 -0.92226
vn 0.03939 -0.04413 -0.99825
vn 0.32188 0.21408 -0.92226
vn 0.55535 0.43969 -0.70587
vn 0.70429 0.59837 -0.38201
vn 0.74600 0.66595 -0.00000
vn 0.67414 0.63214 0.38201
vn 0.49964 0.50210 0.70587
vn 0.24909 0.29562 0.92226
vn -0.03939 0.04413 0.99825
vn -0.32188 -0.21408 0.92226
vn -0.55535 -0.43969 0.70587
vn -0.70429 -0.59837 0.38201
vn -0.74600 -0.66595 0.00000
vn -0.68989 -0.72392 0.00000
vn -0.60400 -0.70061 -0.37990
vn -0.42616 -0.57065 -0.70196
vn -0.18344 -0.35381 -0.91715
vn 0.08720 -0.08310 -0.99272
vn 0.34457 0.20025 -0.91715
vn 0.54949 0.45312 -0.70196
vn 0.67074 0.63701 -0.37990
vn 0.68989 0.72392 -0.00000
vn 0.60400 0.70061 0.37990
vn 0.42616 0.57065 0.70196
vn 0.18344 0.35381 0.91715
vn -0.08720 0.08310 0.99272
vn -0.34457 -0.20025 0.91715
vn -0.54949 -0.45312 0.70196
vn -0.67074 -0.63701 0.37990
vn -0.68989 -0.72392 0.00000
vn -0.63207 -0.77491 0.00000
vn -0.52929 -0.76051 -0.37612
vn -0.34593 -0.63034 -0.69499
vn -0.10991 -0.40419 -0.90805
vn 0.14285 -0.11652 -0.98286
vn 0.37386 0.18890 -0.90805
vn 0.54795 0.46555 -0.69499
vn 0.63862 0.67134 -0.37612
vn 0.63207 0.77491 -0.00000
vn 0.52929 0.76051 0.37612
vn 0.34593 0.63034 0.69499
vn 0.10991 0.40419 0.90805
vn -0.14285 0.11652 0.98286
vn -0.37386 -0.18890 0.90805
vn -0.54795 -0.46555 0.69499
vn -0.63862 -0.67134 0.37612
vn -0.63207 -0.77491 0.00000
vn -0.57382 -0.81898 0.00000
vn -0.45173 -0.81158 -0.37051
vn -0.26087 -0.68062 -0.68462
vn -0.03029 -0.44604 -0.89450
vn 0.20489 -0.14356 -0.96820
vn 0.40889 0.18078 -0.89450
vn 0.55063 0.47760 -0.68462
vn 0.60855 0.70170 -0.37051
vn 0.57382 0.81898 -0.00000
vn 0.45173 0.81158 0.37051
vn 0.26087 0.68062 0.68462
vn 0.03029 0.44604 0.89450
vn -0.20489 0.14356 0.96820
vn -0.40889 -0.18078 0.89450
vn -0.55063 -0.47760 0.68462
vn -0.60855 -0.70170 0.37051
vn -0.57382 -0.81898 0.00000
vn -0.51649 -0.85630 0.00000
vn -0.37323 -0.85381 -0.36292
vn -0.17314 -0.72134 -0.67059
vn 0.05330 -0.47905 -0.87617
vn 0.27162 -0.16383 -0.94836
vn 0.44860 0.17633 -0.87617
vn 0.55728 0.48965 -0.67059
vn 0.58112 0.72842 -0.36292
vn 0.51649 0.85630 -0.00000
vn 0.37323 0.85381 0.36292
vn 0.17314 0.72134 0.67059
vn -0.05330 0.47905 0.87617
vn -0.27162 0.16383 0.94836
vn -0.44860 -0.17633 0.87617
vn -0.55728 -0.48965 0.67059
vn -0.58112 -0.72842 0.36292
vn -0.51649 -0.85630 0.00000
vn -0.46153 -0.88712 0.00000
vn -0.29586 -0.88751 -0.35326
vn -0.08515 -0.75278 -0.65275
vn 0.13852 -0.50344 -0.85285
vn 0.34111 -0.17746 -0.92312
vn 0.49176 0.17554 -0.85285
vn 0.56755 0.50181 -0.65275
vn 0.55693 0.75169 -0.35326
vn 0.46153 0.88712 -0.00000
vn 0.29586 0.88751 0.35326
vn 0.08515 0.75278 0.65275
vn -0.13852 0.50344 0.85285
vn -0.34111 0.17746 0.92312
vn -0.49176 -0.17554 0.85285
vn -0.56755 -0.50181 0.65275
vn -0.55693 -0.75169 0.35326
vn -0.46153 -0.88712 0.00000
vn -0.41054 -0.91184 0.00000
vn -0.22190 -0.91330 -0.34155
vn 0.00053 -0.77571 -0.63109
vn 0.22287 -0.52002 -0.82456
vn 0.41128 -0.18517 -0.89250
vn 0.53708 0.17787 -0.82456
vn 0.58111 0.51384 -0.63109
vn 0.53668 0.77157 -0.34155
vn 0.41054 0.91184 -0.00000
vn 0.22190 0.91330 0.34155
vn -0.00053 0.77571 0.63109
vn -0.22287 0.52002 0.82456
vn -0.41128 0.18517 0.89250
vn -0.53708 -0.17787 0.82456
vn -0.58111 -0.51384 0.63109
vn -0.53668 -0.77157 0.34155
vn -0.41054 -0.91184 0.00000
vn -0.36527 -0.93090 0.00000
vn -0.15376 -0.93212 -0.32788
vn 0.08116 -0.79144 -0.60584
vn 0.30372 -0.53027 -0.79156
vn 0.48005 -0.18836 -0.85678
vn 0.58329 0.18221 -0.79156
vn 0.59773 0.52505 -0.60584
vn 0.52117 0.78796 -0.32788
vn 0.36527 0.93090 -0.00000
vn 0.15376 0.93212 0.32788
vn -0.08116 0.79144 0.60584
vn -0.30372 0.53027 0.79156
vn -0.48005 0.18836 0.85678
vn -0.58329 -0.18221 0.79156
vn -0.59773 -0.52505 0.60584
vn -0.52117 -0.78796 0.32788
vn -0.36527 -0.93090 0.00000
vn -0.32773 -0.94477 0.00000
vn -0.09409 -0.94525 -0.31249
vn 0.15387 -0.80182 -0.57741
vn 0.37841 -0.53632 -0.75443
vn 0.54534 -0.18917 -0.81659
vn 0.62925 0.18678 -0.75443
vn 0.61736 0.53429 -0.57741
vn 0.51148 0.80046 -0.31249
vn 0.32773 0.94477 -0.00000
vn 0.09409 0.94525 0.31249
vn -0.15387 0.80182 0.57741
vn -0.37841 0.53632 0.75443
vn -0.54534 0.18917 0.81659
vn -0.62925 -0.18678 0.75443
vn -0.61736 -0.53429 0.57741
vn -0.51148 -0.80046 0.31249
vn -0.32773 -0.94477 0.00000
vn -0.30015 -0.95389 0.00000
vn -0.04570 -0.95416 -0.29580
vn 0.21571 -0.80916 -0.54656
vn 0.44427 -0.54098 -0.71412
vn 0.60521 -0.19044 -0.77296
vn 0.67400 0.18910 -0.71412
vn 0.64019 0.53984 -0.54656
vn 0.50891 0.80840 -0.29580
vn 0.30015 0.95389 -0.00000
vn 0.04570 0.95416 0.29580
vn -0.21571 0.80916 0.54656
vn -0.44427 0.54098 0.71412
vn -0.60521 0.19044 0.77296
vn -0.67400 -0.18910 0.71412
vn -0.64019 -0.53984 0.54656
vn -0.50891 -0.80840 0.29580
vn -0.30015 -0.95389 0.00000
vn -0.28504 -0.95852 0.00000
vn -0.01163 -0.96041 -0.27836
vn 0.26355 -0.81608 -0.51434
vn 0.49861 -0.54752 -0.67202
vn 0.65776 -0.19560 -0.72739
vn 0.71677 0.18609 -0.67202
vn 0.66666 0.53946 -0.51434
vn 0.51506 0.81070 -0.27836
vn 0.28504 0.95852 -0.00000
vn 0.01163 0.96041 0.27836
vn -0.26355 0.81608 0.51434
vn -0.49861 0.54752 0.67202
vn -0.65776 0.19560 0.72739
vn -0.71677 -0.18609 0.67202
vn -0.66666 -0.53946 0.51434
vn -0.51506 -0.81070 0.27836
vn -0.28504 -0.95852 0.00000
vn -0.28499 -0.95853 0.00000
vn 0.00500 -0.96534 -0.26095
vn 0.29424 -0.82518 -0.48218
vn 0.53868 -0.55940 -0.63000
vn 0.70111 -0.20846 -0.68191
vn 0.75680 0.17423 -0.63000
vn 0.69728 0.53038 -0.48218
vn 0.53160 0.80579 -0.26095
vn 0.28499 0.95853 -0.00000
vn -0.00500 0.96534 0.26095
vn -0.29424 0.82518 0.48218
vn -0.53868 0.55940 0.63000
vn -0.70111 0.20846 0.68191
vn -0.75680 -0.17423 0.63000
vn -0.69728 -0.53038 0.48218
vn -0.53160 -0.80579 0.26095
vn -0.28499 -0.95853 0.00000
vn -0.30231 -0.95321 0.00000
vn 0.00127 -0.96963 -0.24457
vn 0.30465 -0.83843 -0.45190
vn 0.56165 -0.57959 -0.59044
vn 0.73315 -0.23251 -0.63909
vn 0.79303 0.14996 -0.59044
vn 0.73218 0.50961 -0.45190
vn 0.55986 0.79167 -0.24457
vn 0.30231 0.95321 -0.00000
vn -0.00127 0.96963 0.24457
vn -0.30465 0.83843 0.45190
vn -0.56165 0.57959 0.59044
vn -0.73315 0.23251 0.63909
vn -0.79303 -0.14996 0.59044
vn -0.73218 -0.50961 0.45190
vn -0.55986 -0.79167 0.24457
vn -0.30231 -0.95321 0.00000
vn -0.33808 -0.94112 0.00000
vn -0.02476 -0.97279 -0.23037
vn 0.29233 -0.85636 -0.42566
vn 0.56491 -0.60956 -0.55616
vn 0.75149 -0.26996 -0.60198
vn 0.82367 0.11074 -0.55616
vn 0.77044 0.47458 -0.42566
vn 0.59992 0.76617 -0.23037
vn 0.33808 0.94112 -0.00000
vn 0.02476 0.97279 0.23037
vn -0.29233 0.85636 0.42566
vn -0.56491 0.60956 0.55616
vn -0.75149 0.26996 0.60198
vn -0.82367 -0.11074 0.55616
vn -0.77044 -0.47458 0.42566
vn -0.59992 -0.76617 0.23037
vn -0.33808 -0.94112 0.00000
vn -0.39087 -0.92045 0.00000
vn -0.07265 -0.97288 -0.21961
vn 0.25662 -0.87720 -0.40579
vn 0.54683 -0.64797 -0.53019
vn 0.75379 -0.32010 -0.57387
vn 0.84599 0.05650 -0.53019
vn 0.80940 0.42451 -0.40579
vn 0.64958 0.72788 -0.21961
vn 0.39087 0.92045 -0.00000
vn 0.07265 0.97288 0.21961
vn -0.25662 0.87720 0.40579
vn -0.54683 0.64797 0.53019
vn -0.75379 0.32010 0.57387
vn -0.84599 -0.05650 0.53019
vn -0.80940 -0.42451 0.40579
vn -0.64958 -0.72788 0.21961
vn -0.39087 -0.92045 0.00000
vn -0.45554 -0.89022 0.00000
vn -0.13810 -0.96714 -0.21344
vn 0.20036 -0.89683 -0.39439
vn 0.50831 -0.68999 -0.51530
vn 0.73888 -0.37810 -0.55776
vn 0.85697 -0.00865 -0.51530
vn 0.84458 0.36212 -0.39439
vn 0.70362 0.67776 -0.21344
vn 0.45554 0.89022 -0.00000
vn 0.13810 0.96714 0.21344
vn -0.20036 0.89683 0.39439
vn -0.50831 0.68999 0.51530
vn -0.73888 0.37810 0.55776
vn -0.85697 0.00865 0.51530
vn -0.84458 -0.36212 0.39439
vn -0.70362 -0.67776 0.21344
vn -0.45554 -0.89022 0.00000
vn -0.52350 -0.85203 0.00000
vn -0.21255 -0.95374 -0.21261
vn 0.13076 -0.91026 -0.39286
vn 0.45417 -0.72819 -0.51329
vn 0.70843 -0.43527 -0.55558
vn 0.85483 -0.07608 -0.51329
vn 0.87110 0.29469 -0.39286
vn 0.75475 0.62060 -0.21261
vn 0.52350 0.85203 -0.00000
vn 0.21255 0.95374 0.21261
vn -0.13076 0.91026 0.39286
vn -0.45417 0.72819 0.51329
vn -0.70843 0.43527 0.55558
vn -0.85483 0.07608 0.51329
vn -0.87110 -0.29469 0.39286
vn -0.75475 -0.62060 0.21261
vn -0.52350 -0.85203 0.00000
vn -0.58537 -0.81077 0.00000
vn -0.28538 -0.93347 -0.21722
vn 0.05807 -0.91407 -0.40138
vn 0.39267 -0.75551 -0.52443
vn 0.66749 -0.48192 -0.56763
vn 0.84069 -0.13497 -0.52443
vn 0.88590 0.23253 -0.40138
vn 0.79625 0.56463 -0.21722
vn 0.58537 0.81077 -0.00000
vn 0.28538 0.93347 0.21722
vn -0.05807 0.91407 0.40138
vn -0.39267 0.75551 0.52443
vn -0.66749 0.48192 0.56763
vn -0.84069 0.13497 0.52443
vn -0.88590 -0.23253 0.40138
vn -0.79625 -0.56463 0.21722
vn -0.58537 -0.81077 0.00000
vn -0.63430 -0.77308 0.00000
vn -0.34768 -0.90979 -0.22671
vn -0.00812 -0.90800 -0.41890
vn 0.33268 -0.76797 -0.54732
vn 0.62282 -0.51102 -0.59241
vn 0.81815 -0.17627 -0.54732
vn 0.88892 0.18531 -0.41890
vn 0.82437 0.51868 -0.22671
vn 0.63430 0.77308 -0.00000
vn 0.34768 0.90979 0.22671
vn 0.00812 0.90800 0.41890
vn -0.33268 0.76797 0.54732
vn -0.62282 0.51102 0.59241
vn -0.81815 0.17627 0.54732
vn -0.88892 -0.18531 0.41890
vn -0.82437 -0.51868 0.22671
vn -0.63430 -0.77308 0.00000
vn -0.66746 -0.74464 0.00000
vn -0.39470 -0.88691 -0.24000
vn -0.06184 -0.89416 -0.44346
vn 0.28043 -0.76527 -0.57941
vn 0.58000 -0.51989 -0.62715
vn 0.79128 -0.19535 -0.57941
vn 0.88209 0.15893 -0.44346
vn 0.83861 0.48901 -0.24000
vn 0.66746 0.74464 -0.00000
vn 0.39470 0.88691 0.24000
vn 0.06184 0.89416 0.44346
vn -0.28043 0.76527 0.57941
vn -0.58000 0.51989 0.62715
vn -0.79128 0.19535 0.57941
vn -0.88209 -0.15893 0.44346
vn -0.83861 -0.48901 0.24000
vn -0.66746 -0.74464 0.00000
vn -0.68510 -0.72845 0.00000
vn -0.42565 -0.86796 -0.25586
vn -0.10140 -0.87534 -0.47276
vn 0.23829 -0.74945 -0.61769
vn 0.54170 -0.50947 -0.66858
vn 0.76264 -0.19192 -0.61769
vn 0.86748 0.15484 -0.47276
vn 0.84025 0.47803 -0.25586
vn 0.68510 0.72845 -0.00000
vn 0.42565 0.86796 0.25586
vn 0.10140 0.87534 0.47276
vn -0.23829 0.74945 0.61769
vn -0.54170 0.50947 0.66858
vn -0.76264 0.19192 0.61769
vn -0.86748 -0.15484 0.47276
vn -0.84025 -0.47803 0.25586
vn -0.68510 -0.72845 0.00000
vn -0.68888 -0.72488 0.00000
vn -0.44210 -0.85439 -0.27307
vn -0.12801 -0.85383 -0.50456
vn 0.20557 -0.72329 -0.65924
vn 0.50785 -0.48263 -0.71356
vn 0.73281 -0.16849 -0.65924
vn 0.84621 0.17130 -0.50456
vn 0.83078 0.48501 -0.27307
vn 0.68888 0.72488 -0.00000
vn 0.44210 0.85439 0.27307
vn 0.12801 0.85383 0.50456
vn -0.20557 0.72329 0.65924
vn -0.50785 0.48263 0.71356
vn -0.73281 0.16849 0.65924
vn -0.84621 -0.17130 0.50456
vn -0.83078 -0.48501 0.27307
vn -0.68888 -0.72488 0.00000
vn -0.68063 -0.73263 0.00000
vn -0.44638 -0.84635 -0.29059
vn -0.14418 -0.83121 -0.53693
vn 0.17997 -0.68953 -0.70154
vn 0.47672 -0.44288 -0.75934
vn 0.70090 -0.12880 -0.70154
vn 0.81837 0.20488 -0.53693
vn 0.81125 0.50738 -0.29059
vn 0.68063 0.73263 -0.00000
vn 0.44638 0.84635 0.29059
vn 0.14418 0.83121 0.53693
vn -0.17997 0.68953 0.70154
vn -0.47672 0.44288 0.75934
vn -0.70090 0.12880 0.70154
vn -0.81837 -0.20488 0.53693
vn -0.81125 -0.50738 0.29059
vn -0.68063 -0.73263 0.00000
vn -0.66187 -0.74962 0.00000
vn -0.44080 -0.84326 -0.30758
vn -0.15263 -0.80852 -0.56833
vn 0.15878 -0.65069 -0.74255
vn 0.44601 -0.39380 -0.80374
vn 0.66535 -0.07696 -0.74255
vn 0.78339 0.25160 -0.56833
vn 0.78217 0.54186 -0.30758
vn 0.66187 0.74962 -0.00000
vn 0.44080 0.84326 0.30758
vn 0.15263 0.80852 0.56833
vn -0.15878 0.65069 0.74255
vn -0.44601 0.39380 0.80374
vn -0.66535 0.07696 0.74255
vn -0.78339 -0.25160 0.56833
vn -0.78217 -0.54186 0.30758
vn -0.66187 -0.74962 0.00000
vn -0.63374 -0.77355 0.00000
vn -0.42724 -0.84432 -0.32340
vn -0.15569 -0.78655 -0.59757
vn 0.13955 -0.60904 -0.78077
vn 0.41355 -0.33881 -0.84510
vn 0.62459 -0.01699 -0.78077
vn 0.74054 0.30741 -0.59757
vn 0.74376 0.58501 -0.32340
vn 0.63374 0.77355 -0.00000
vn 0.42724 0.84432 0.32340
vn 0.15569 0.78655 0.59757
vn -0.13955 0.60904 0.78077
vn -0.41355 0.33881 0.84510
vn -0.62459 0.01699 0.78077
vn -0.74054 -0.30741 0.59757
vn -0.74376 -0.58501 0.32340
vn -0.63374 -0.77355 0.00000
vn -0.59705 -0.80220 0.00000
vn -0.40708 -0.84870 -0.33762
vn -0.15513 -0.76600 -0.62384
vn 0.12043 -0.56668 -0.81509
vn 0.37766 -0.28108 -0.88225
vn 0.57740 0.04730 -0.81509
vn 0.68923 0.36849 -0.62384
vn 0.69613 0.63357 -0.33762
vn 0.59705 0.80220 -0.00000
vn 0.40708 0.84870 0.33762
vn 0.15513 0.76600 0.62384
vn -0.12043 0.56668 0.81509
vn -0.37766 0.28108 0.88225
vn -0.57740 -0.04730 0.81509
vn -0.68923 -0.36849 0.62384
vn -0.69613 -0.63357 0.33762
vn -0.59705 -0.80220 0.00000
vn -0.55244 -0.83355 0.00000
vn -0.38129 -0.85566 -0.34995
vn -0.15210 -0.74750 -0.64661
vn 0.10025 -0.52554 -0.84484
vn 0.33734 -0.22357 -0.91445
vn 0.52307 0.11244 -0.84484
vn 0.62917 0.43132 -0.64661
vn 0.63948 0.68455 -0.34995
vn 0.55244 0.83355 -0.00000
vn 0.38129 0.85566 0.34995
vn 0.15210 0.74750 0.64661
vn -0.10025 0.52554 0.84484
vn -0.33734 0.22357 0.91445
vn -0.52307 -0.11244 0.84484
vn -0.62917 -0.43132 0.64661
vn -0.63948 -0.68455 0.34995
vn -0.55244 -0.83355 0.00000
vn -0.50040 -0.86579 0.00000
vn -0.35049 -0.86452 -0.36023
vn -0.14721 -0.73163 -0.66561
vn 0.07848 -0.48736 -0.86967
vn 0.29222 -0.16889 -0.94132
vn 0.46147 0.17529 -0.86967
vn 0.56047 0.49278 -0.66561
vn 0.57414 0.73526 -0.36023
vn 0.50040 0.86579 -0.00000
vn 0.35049 0.86452 0.36023
vn 0.14721 0.73163 0.66561
vn -0.07848 0.48736 0.86967
vn -0.29222 0.16889 0.94132
vn -0.46147 -0.17529 0.86967
vn -0.56047 -0.49278 0.66561
vn -0.57414 -0.73526 0.36023
vn -0.50040 -0.86579 0.00000
vn -0.44142 -0.89730 0.00000
vn -0.31501 -0.87466 -0.36844
vn -0.14063 -0.71886 -0.68078
vn 0.05515 -0.45362 -0.88949
vn 0.24254 -0.11932 -0.96278
vn 0.39301 0.23315 -0.88949
vn 0.48364 0.55011 -0.68078
vn 0.50064 0.78333 -0.36844
vn 0.44142 0.89730 -0.00000
vn 0.31501 0.87466 0.36844
vn 0.14063 0.71886 0.68078
vn -0.05515 0.45362 0.88949
vn -0.24254 0.11932 0.96278
vn -0.39301 -0.23315 0.88949
vn -0.48364 -0.55011 0.68078
vn -0.50064 -0.78333 0.36844
vn -0.44142 -0.89730 0.00000
vn -0.37598 -0.92663 0.00000
vn -0.27502 -0.88545 -0.37463
vn -0.13218 -0.70946 -0.69223
vn 0.03078 -0.42547 -0.90445
vn 0.18905 -0.07671 -0.97897
vn 0.31854 0.28374 -0.90445
vn 0.39954 0.60098 -0.69223
vn 0.41971 0.82674 -0.37463
vn 0.37598 0.92663 -0.00000
vn 0.27502 0.88545 0.37463
vn 0.13218 0.70946 0.69223
vn -0.03078 0.42547 0.90445
vn -0.18905 0.07671 0.97897
vn -0.31854 -0.28374 0.90445
vn -0.39954 -0.60098 0.69223
vn -0.41971 -0.82674 0.37463
vn -0.37598 -0.92663 0.00000
vn -0.30459 -0.95248 0.00000
vn -0.23057 -0.89624 -0.37894
vn -0.12144 -0.70355 -0.70020
vn 0.00617 -0.40375 -0.91485
vn 0.13285 -0.04248 -0.99023
vn 0.23930 0.32525 -0.91485
vn 0.30932 0.64347 -0.70020
vn 0.33225 0.86372 -0.37894
vn 0.30459 0.95248 -0.00000
vn 0.23057 0.89624 0.37894
vn 0.12144 0.70355 0.70020
vn -0.00617 0.40375 0.91485
vn -0.13285 0.04248 0.99023
vn -0.23930 -0.32525 0.91485
vn -0.30932 -0.64347 0.70020
vn -0.33225 -0.86372 0.37894
vn -0.30459 -0.95248 0.00000
vn -0.22783 -0.97370 0.00000
vn -0.18167 -0.90632 -0.38154
vn -0.10786 -0.70097 -0.70499
vn -0.01762 -0.38890 -0.92111
vn 0.07530 -0.01762 -0.99701
vn 0.15676 0.35634 -0.92111
vn 0.21435 0.67605 -0.70499
vn 0.23931 0.89284 -0.38154
vn 0.22783 0.97370 -0.00000
vn 0.18167 0.90632 0.38154
vn 0.10786 0.70097 0.70499
vn 0.01762 0.38890 0.92111
vn -0.07530 0.01762 0.99701
vn -0.15676 -0.35634 0.92111
vn -0.21435 -0.67605 0.70499
vn -0.23931 -0.89284 0.38154
vn -0.22783 -0.97370 0.00000
vn -0.14635 -0.98923 0.00000
vn -0.12835 -0.91495 -0.38262
vn -0.09081 -0.70137 -0.70699
vn -0.03945 -0.38101 -0.92373
vn 0.01792 -0.00265 -0.99984
vn 0.07257 0.37611 -0.92373
vn 0.11616 0.69762 -0.70699
vn 0.14207 0.91292 -0.38262
vn 0.14635 0.98923 -0.00000
vn 0.12835 0.91495 0.38262
vn 0.09081 0.70137 0.70699
vn 0.03945 0.38101 0.92373
vn -0.01792 0.00265 0.99984
vn -0.07257 -0.37611 0.92373
vn -0.11616 -0.69762 0.70699
vn -0.14207 -0.91292 0.38262
vn -0.14635 -0.98923 0.00000
vn -0.06088 -0.99815 0.00000
vn -0.07068 -0.92129 -0.38241
vn -0.06972 -0.70417 -0.70660
vn -0.05815 -0.37985 -0.92322
vn -0.03772 0.00230 -0.99929
vn -0.01155 0.38410 -0.92322
vn 0.01637 0.70742 -0.70660
vn 0.04181 0.92305 -0.38241
vn 0.06088 0.99815 -0.00000
vn 0.07068 0.92129 0.38241
vn 0.06972 0.70417 0.70660
vn 0.05815 0.37985 0.92322
vn 0.03772 -0.00230 0.99929
vn 0.01155 -0.38410 0.92322
vn -0.01637 -0.70742 0.70660
vn -0.04181 -0.92305 0.38241
vn -0.06088 -0.99815 0.00000
vn 0.02778 -0.99961 0.00000
vn -0.00881 -0.92448 -0.38113
vn -0.04407 -0.70860 -0.70423
vn -0.07261 -0.38485 -0.92012
vn -0.09010 -0.00250 -0.99593
vn -0.09387 0.38022 -0.92012
vn -0.08335 0.70506 -0.70423
vn -0.06014 0.92256 -0.38113
vn -0.02778 0.99961 -0.00000
vn 0.00881 0.92448 0.38113
vn 0.04407 0.70860 0.70423
vn 0.07261 0.38485 0.92012
vn 0.09010 0.00250 0.99593
vn 0.09387 -0.38022 0.92012
vn 0.08335 -0.70506 0.70423
vn 0.06014 -0.92256 0.38113
vn 0.02778 -0.99961 0.00000
vn 0.11871 -0.99293 0.00000
vn 0.05696 -0.92365 -0.37898
vn -0.01347 -0.71375 -0.70027
vn -0.08185 -0.39519 -0.91494
vn -0.13777 -0.01647 -0.99033
vn -0.17271 0.36476 -0.91494
vn -0.18136 0.69046 -0.70027
vn -0.16240 0.91104 -0.37898
vn -0.11871 0.99293 -0.00000
vn -0.05696 0.92365 0.37898
vn 0.01347 0.71375 0.70027
vn 0.08185 0.39519 0.91494
vn 0.13777 0.01647 0.99033
vn 0.17271 -0.36476 0.91494
vn 0.18136 -0.69046 0.70027
vn 0.16240 -0.91104 0.37898
vn 0.11871 -0.99293 0.00000
vn 0.21094 -0.97750 0.00000
vn 0.12622 -0.91791 -0.37618
vn 0.02228 -0.71858 -0.69509
vn -0.08505 -0.40984 -0.90818
vn -0.17943 -0.03872 -0.98301
vn -0.24649 0.33830 -0.90818
vn -0.27603 0.66382 -0.69509
vn -0.26354 0.88827 -0.37618
vn -0.21094 0.97750 -0.00000
vn -0.12622 0.91791 0.37618
vn -0.02228 0.71858 0.69509
vn 0.08505 0.40984 0.90818
vn 0.17943 0.03872 0.98301
vn 0.24649 -0.33830 0.90818
vn 0.27603 -0.66382 0.69509
vn 0.26354 -0.88827 0.37618
vn 0.21094 -0.97750 0.00000
vn 0.30338 -0.95287 0.00000
vn 0.19841 -0.90641 -0.37291
vn 0.06322 -0.72195 -0.68905
vn -0.08158 -0.42759 -0.90029
vn -0.21397 -0.06813 -0.97446
vn -0.31378 0.30171 -0.90029
vn -0.36582 0.62561 -0.68905
vn -0.36217 0.85427 -0.37291
vn -0.30338 0.95287 -0.00000
vn -0.19841 0.90641 0.37291
vn -0.06322 0.72195 0.68905
vn 0.08158 0.42759 0.90029
vn 0.21397 0.06813 0.97446
vn 0.31378 -0.30171 0.90029
vn 0.36582 -0.62561 0.68905
vn 0.36217 -0.85427 0.37291
vn 0.30338 -0.95287 0.00000
vn 0.39491 -0.91872 0.00000
vn 0.27282 -0.88835 -0.36934
vn 0.10919 -0.72273 -0.68245
vn -0.07106 -0.44708 -0.89166
vn -0.24049 -0.10337 -0.96513
vn -0.37331 0.25607 -0.89166
vn -0.44930 0.57654 -0.68245
vn -0.45688 0.80923 -0.36934
vn -0.39491 0.91872 -0.00000
vn -0.27282 0.88835 0.36934
vn -0.10919 0.72273 0.68245
vn 0.07106 0.44708 0.89166
vn 0.24049 0.10337 0.96513
vn 0.37331 -0.25607 0.89166
vn 0.44930 -0.57654 0.68245
vn 0.45688 -0.80923 0.36934
vn 0.39491 -0.91872 0.00000
vn 0.48432 -0.87489 0.00000
vn 0.34859 -0.86302 -0.36562
vn 0.15980 -0.71976 -0.67558
vn -0.05333 -0.46693 -0.88269
vn -0.25833 -0.14301 -0.95541
vn -0.42401 0.20269 -0.88269
vn -0.52513 0.51752 -0.67558
vn -0.54631 0.75357 -0.36562
vn -0.48432 0.87489 -0.00000
vn -0.34859 0.86302 0.36562
vn -0.15980 0.71976 0.67558
vn 0.05333 0.46693 0.88269
vn 0.25833 0.14301 0.95541
vn 0.42401 -0.20269 0.88269
vn 0.52513 -0.51752 0.67558
vn 0.54631 -0.75357 0.36562
vn 0.48432 -0.87489 0.00000
vn 0.57036 -0.82140 0.00000
vn 0.42473 -0.82984 -0.36189
vn 0.21445 -0.71195 -0.66868
vn -0.02849 -0.48567 -0.87368
vn -0.26708 -0.18546 -0.94566
vn -0.46502 0.14299 -0.87368
vn -0.59216 0.44968 -0.66868
vn -0.62915 0.68790 -0.36189
vn -0.57036 0.82140 -0.00000
vn -0.42473 0.82984 0.36189
vn -0.21445 0.71195 0.66868
vn 0.02849 0.48567 0.87368
vn 0.26708 0.18546 0.94566
vn 0.46502 -0.14299 0.87368
vn 0.59216 -0.44968 0.66868
vn 0.62915 -0.68790 0.36189
vn 0.57036 -0.82140 0.00000
vn 0.65177 -0.75842 0.00000
vn 0.50013 -0.78837 -0.35826
vn 0.27235 -0.69829 -0.66198
vn 0.00311 -0.50191 -0.86491
vn -0.26661 -0.22911 -0.93618
vn -0.49573 0.07856 -0.86491
vn -0.64939 0.37428 -0.66198
vn -0.70418 0.61301 -0.35826
vn -0.65177 0.75842 -0.00000
vn -0.50013 0.78837 0.35826
vn -0.27235 0.69829 0.66198
vn -0.00311 0.50191 0.86491
vn 0.26661 0.22911 0.93618
vn 0.49573 -0.07856 0.86491
vn 0.64939 -0.37428 0.66198
vn 0.70418 -0.61301 0.35826
vn 0.65177 -0.75842 0.00000
vn 0.72728 -0.68634 0.00000
vn 0.57356 -0.73832 -0.35484
vn 0.33252 -0.67790 -0.65565
vn 0.04085 -0.51428 -0.85665
vn -0.25703 -0.27236 -0.92723
vn -0.51578 0.01103 -0.85665
vn -0.69601 0.29273 -0.65565
vn -0.77028 0.52987 -0.35484
vn -0.72728 0.68634 -0.00000
vn -0.57356 0.73832 0.35484
vn -0.33252 0.67790 0.65565
vn -0.04085 0.51428 0.85665
vn 0.25703 0.27236 0.92723
vn 0.51578 -0.01103 0.85665
vn 0.69601 -0.29273 0.65565
vn 0.77028 -0.52987 0.35484
vn 0.72728 -0.68634 0.00000
vn 0.79566 -0.60574 0.00000
vn 0.64373 -0.67964 -0.35170
vn 0.39380 -0.65008 -0.64987
vn 0.08391 -0.52154 -0.84909
vn -0.23875 -0.31361 -0.91905
vn -0.52506 -0.05793 -0.84909
vn -0.73144 0.20657 -0.64987
vn -0.82646 0.43962 -0.35170
vn -0.79566 0.60574 -0.00000
vn -0.64373 0.67964 0.35170
vn -0.39380 0.65008 0.64987
vn -0.08391 0.52154 0.84909
vn 0.23875 0.31361 0.91905
vn 0.52506 0.05793 0.84909
vn 0.73144 -0.20657 0.64987
vn 0.82646 -0.43962 0.35170
vn 0.79566 -0.60574 0.00000
vn 0.85576 -0.51738 0.00000
vn 0.70932 -0.61246 -0.34894
vn 0.45490 -0.61429 -0.64475
vn 0.13122 -0.52261 -0.84241
vn -0.21243 -0.35136 -0.91182
vn -0.52374 -0.12663 -0.84241
vn -0.75532 0.11739 -0.64475
vn -0.87191 0.34353 -0.34894
vn -0.85576 0.51738 -0.00000
vn -0.70932 0.61246 0.34894
vn -0.45490 0.61429 0.64475
vn -0.13122 0.52261 0.84241
vn 0.21243 0.35136 0.91182
vn 0.52374 0.12663 0.84241
vn 0.75532 -0.11739 0.64475
vn 0.87191 -0.34353 0.34894
vn 0.85576 -0.51738 0.00000
vn 0.90649 -0.42222 0.00000
vn 0.76900 -0.53714 -0.34660
vn 0.51443 -0.57028 -0.64043
vn 0.18154 -0.51660 -0.83676
vn -0.17898 -0.38427 -0.90570
vn -0.51226 -0.19345 -0.83676
vn -0.76755 0.02683 -0.64043
vn -0.90599 0.24302 -0.34660
vn -0.90649 0.42222 -0.00000
vn -0.76900 0.53714 0.34660
vn -0.51443 0.57028 0.64043
vn -0.18154 0.51660 0.83676
vn 0.17898 0.38427 0.90570
vn 0.51226 0.19345 0.83676
vn 0.76755 -0.02683 0.64043
vn 0.90599 -0.24302 0.34660
vn 0.90649 -0.42222 0.00000
vn 0.94695 -0.32139 0.00000
vn 0.82146 -0.45427 -0.34473
vn 0.57092 -0.51798 -0.63698
vn 0.23346 -0.50284 -0.83225
vn -0.13954 -0.41115 -0.90082
vn -0.49130 -0.25686 -0.83225
vn -0.76826 -0.06347 -0.63698
vn -0.92827 0.13958 -0.34473
vn -0.94695 0.32139 -0.00000
vn -0.82146 0.45427 0.34473
vn -0.57092 0.51798 0.63698
vn -0.23346 0.50284 0.83225
vn 0.13954 0.41115 0.90082
vn 0.49130 0.25686 0.83225
vn 0.76826 0.06347 0.63698
vn 0.92827 -0.13958 0.34473
vn 0.94695 -0.32139 0.00000
vn 0.97636 -0.21617 0.00000
vn 0.86551 -0.36466 -0.34337
vn 0.62291 -0.45764 -0.63447
vn 0.28547 -0.48094 -0.82898
vn -0.09543 -0.43103 -0.89728
vn -0.46180 -0.31550 -0.82898
vn -0.75787 -0.15193 -0.63447
vn -0.93856 0.03477 -0.34337
vn -0.97636 0.21617 -0.00000
vn -0.86551 0.36466 0.34337
vn -0.62291 0.45764 0.63447
vn -0.28547 0.48094 0.82898
vn 0.09543 0.43103 0.89728
vn 0.46180 0.31550 0.82898
vn 0.75787 0.15193 0.63447
vn 0.93856 -0.03477 0.34337
vn 0.97636 -0.21617 0.00000
vn 0.99416 -0.10796 0.00000
vn 0.90006 -0.26935 -0.34255
vn 0.66894 -0.38973 -0.63295
vn 0.33598 -0.45078 -0.82699
vn -0.04813 -0.44320 -0.89513
vn -0.42491 -0.36815 -0.82699
vn -0.73701 -0.23705 -0.63295
vn -0.93690 -0.06986 -0.34255
vn -0.99416 0.10796 -0.00000
vn -0.90006 0.26935 0.34255
vn -0.66894 0.38973 0.63295
vn -0.33598 0.45078 0.82699
vn 0.04813 0.44320 0.89513
vn 0.42491 0.36815 0.82699
vn 0.73701 0.23705 0.63295
vn 0.93690 0.06986 0.34255
vn 0.99416 -0.10796 0.00000
vn 1.00000 0.00175 -0.00000
vn 0.92418 -0.16952 -0.34228
vn 0.70766 -0.31499 -0.63246
vn 0.38341 -0.41250 -0.82634
vn 0.00078 -0.44721 -0.89443
vn -0.38196 -0.41384 -0.82634
vn -0.70655 -0.31746 -0.63246
vn -0.92358 -0.17276 -0.34228
vn -1.00000 -0.00175 -0.00000
vn -0.92418 0.16952 0.34228
vn -0.70766 0.31499 0.63246
vn -0.38341 0.41250 0.82634
vn -0.00078 0.44721 0.89443
vn 0.38196 0.41384 0.82634
vn 0.70655 0.31746 0.63246
vn 0.92358 0.17276 0.34228
vn 1.00000 0.00175 0.00000
f 1/1/1 2/2/2 18/18/18
f 18/18/18 2/2/2 19/19/19
f 2/2/2 3/3/3 19/19/19
f 19/19/19 3/3/3 20/20/20
f 3/3/3 4/4/4 20/20/20
f 20/20/20 4/4/4 21/21/21
f 4/4/4 5/5/5 21/21/21
f 21/21/21 5/5/5 22/22/22
f 5/5/5 6/6/6 22/22/22
f 22/22/22 6/6/6 23/23/23
f 6/6/6 7/7/7 23/23/23
f 23/23/23 7/7/7 24/24/24
f 7/7/7 8/8/8 24/24/24
f 24/24/24 8/8/8 25/25/25
f 8/8/8 9/9/9 25/25/25
f 25/25/25 9/9/9 26/26/26
f 9/9/9 10/10/10 26/26/26
f 26/26/26 10/10/10 27/27/27
f 10/10/10 11/11/11 27/27/27
f 27/27/27 11/11/11 28/28/28
f 11/11/11 12/12/12 28/28/28
f 28/28/28 12/12/12 29/29/29
f 12/12/12 13/13/13 29/29/29
f 29/29/29 13/13/13 30/30/30
f 13/13/13 14/14/14 30/30/30
f 30/30/30 14/14/14 31/31/31
f 14/14/14 15/15/15 31/31/31
f 31/31/31 15/15/15 32/32/32
f 15/15/15 16/16/16 32/32/32
f 32/32/32 16/16/16 33/33/33
f 16/16/16 17/17/17 33/33/33
f 33/33/33 17/17/17 34/34/34
f 18/18/18 19/19/19 35/35/35
f 35/35/35 19/19/19 36/36/36
f 19/19/19 20/20/20 36/36/36
f 36/36/36 20/20/20 37/37/37
f 20/20/20 21/21/21 37/37/37
f 37/37/37 21/21/21 38/38/38
f 21/21/21 22/22/22 38/38/38
f 38/38/38 22/22/22 39/39/39
f 22/22/22 23/23/23 39/39/39
f 39/39/39 23/23/23 40/40/40
f 23/23/23 24/24/24 40/40/40
f 40/40/40 24/24/24 41/41/41
f 24/24/24 25/25/25 41/41/41
f 41/41/41 25/25/25 42/42/42
f 25/25/25 26/26/26 42/42/42
f 42/42/42 26/26/26 43/43/43
f 26/26/26 27/27/27 43/43/43
f 43/43/43 27/27/27 44/44/44
f 27/27/27 28/28/28 44/44/44
f 44/44/44 28/28/28 45/45/45
f 28/28/28 29/29/29 45/45/45
f 45/45/45 29/29/29 46/46/46
f 29/29/29 30/30/30 46/46/46
f 46/46/46 30/30/30 47/47/47
f 30/30/30 31/31/31 47/47/47
f 47/47/47 31/31/31 48/48/48
f 31/31/31 32/32/32 48/48/48
f 48/48/48 32/32/32 49/49/49
f 32/32/32 33/33/33 49/49/49
f 49/49/49 33/33/33 50/50/50
f 33/33/33 34/34/34 50/50/50
f 50/50/50 34/34/34 51/51/51
f 35/35/35 36/36/36 52/52/52
f 52/52/52 36/36/36 53/53/53
f 36/36/36 37/37/37 53/53/53
f 53/53/53 37/37/37 54/54/54
f 37/37/37 38/38/38 54/54/54
f 54/54/54 38/38/38 55/55/55
f 38/38/38 39/39/39 55/55/55
f 55/55/55 39/39/39 56/56/56
f 39/39/39 40/40/40 56/56/56
f 56/56/56 40/40/40 57/57/57
f 40/40/40 41/41/41 57/57/57
f 57/57/57 41/41/41 58/58/58
f 41/41/41 42/42/42 58/58/58
f 58/58/58 42/42/42 59/59/59
f 42/42/42 43/43/43 59/59/59
f 59/59/59 43/43/43 60/60/60
f 43/43/43 44/44/44 60/60/60
f 60/60/60 44/44/44 61/61/61
f 44/44/44 45/45/45 61/61/61
f 61/61/61 45/45/45 62/62/62
f 45/45/45 46/46/46 62/62/62
f 62/62/62 46/46/46 63/63/63
f 46/46/46 47/47/47 63/63/63
f 63/63/63 47/47/47 64/64/64
f 47/47/47 48/48/48 64/64/64
f 64/64/64 48/48/48 65/65/65
f 48/48/48 49/49/49 65/65/65
f 65/65/65 49/49/49 66/66/66
f 49/49/49 50/50/50 66/66/66
f 66/66/66 50/50/50 67/67/67
f 50/50/50 51/51/51 67/67/67
f 67/67/67 51/51/51 68/68/68
f 52/52/52 53/53/53 69/69/69
f 69/69/69 53/53/53 70/70/70
f 53/53/53 54/54/54 70/70/70
f 70/70/70 54/54/54 71/71/71
f 54/54/54 55/55/55 71/71/71
f 71/71/71 55/55/55 72/72/72
f 55/55/55 56/56/56 72/72/72
f 72/72/72 56/56/56 73/73/73
f 56/56/56 57/57/57 73/73/73
f 73/73/73 57/57/57 74/74/74
f 57/57/57 58/58/58 74/74/74
f 74/74/74 58/58/58 75/75/75
f 58/58/58 59/59/59 75/75/75
f 75/75/75 59/59/59 76/76/76
f 59/59/59 60/60/60 76/76/76
f 76/76/76 60/60/60 77/77/77
f 60/60/60 61/61/61 77/77/77
f 77/77/77 61/61/61 78/78/78
f 61/61/61 62/62/62 78/78/78
f 78/78/78 62/62/62 79/79/79
f 62/62/62 63/63/63 79/79/79
f 79/79/79 63/63/63 80/80/80
f 63/63/63 64/64/64 80/80/80
f 80/80/80 64/64/64 81/81/81
f 64/64/64 65/65/65 81/81/81
f 81/81/81 65/65/65 82/82/82
f 65/65/65 66/66/66 82/82/82
f 82/82/82 66/66/66 83/83/83
f 66/66/66 67/67/67 83/83/83
f 83/83/83 67/67/67 84/84/84
f 67/67/67 68/68/68 84/84/84
f 84/84/84 68/68/68 85/85/85
f 69/69/69 70/70/70 86/86/86
f 86/86/86 70/70/70 87/87/87
f 70/70/70 71/71/71 87/87/87
f 87/87/87 71/71/71 88/88/88
f 71/71/71 72/72/72 88/88/88
f 88/88/88 72/72/72 89/89/89
f 72/72/72 73/73/73 89/89/89
f 89/89/89 73/73/73 90/90/90
f 73/73/73 74/74/74 90/90/90
f 90/90/90 74/74/74 91/91/91
f 74/74/74 75/75/75 91/91/91
f 91/91/91 75/75/75 92/92/92
f 75/75/75 76/76/76 92/92/92
f 92/92/92 76/76/76 93/93/93
f 76/76/76 77/77/77 93/93/93
f 93/93/93 77/77/77 94/94/94
f 77/77/77 78/78/78 94/94/94
f 94/94/94 78/78/78 95/95/95
f 78/78/78 79/79/79 95/95/95
f 95/95/95 79/79/79 96/96/96
f 79/79/79 80/80/80 96/96/96
f 96/96/96 80/80/80 97/97/97
f 80/80/80 81/81/81 97/97/97
f 97/97/97 81/81/81 98/98/98
f 81/81/81 82/82/82 98/98/98
f 98/98/98 82/82/82 99/99/99
f 82/82/82 83/83/83 99/99/99
f 99/99/99 83/83/83 100/100/100
f 83/83/83 84/84/84 100/100/100
f 100/100/100 84/84/84 101/101/101
f 84/84/84 85/85/85 101/101/101
f 101/101/101 85/85/85 102/102/102
f 86/86/86 87/87/87 103/103/103
f 103/103/103 87/87/87 104/104/104
f 87/87/87 88/88/88 104/104/104
f 104/104/104 88/88/88 105/105/105
f 88/88/88 89/89/89 105/105/105
f 105/105/105 89/89/89 106/106/106
f 89/89/89 90/90/90 106/106/106
f 106/106/106 90/90/90 107/107/107
f 90/90/90 91/91/91 107/107/107
f 107/107/107 91/91/91 108/108/108
f 91/91/91 92/92/92 108/108/108
f 108/108/108 92/92/92 109/109/109
f 92/92/92 93/93/93 109/109/109
f 109/109/109 93/93/93 110/110/110
f 93/93/93 94/94/94 110/110/110
f 110/110/110 94/94/94 111/111/111
f 94/94/94 95/95/95 111/111/111
f 111/111/111 95/95/95 112/112/112
f 95/95/95 96/96/96 112/112/112
f 112/112/112 96/96/96 113/113/113
f 96/96/96 97/97/97 113/113/113
f 113/113/113 97/97/97 114/114/114
f 97/97/97 98/98/98 114/114/114
f 114/114/114 98/98/98 115/115/115
f 98/98/98 99/99/99 115/115/115
f 115/115/115 99/99/99 116/116/116
f 99/99/99 100/100/100 116/116/116
f 116/116/116 100/100/100 117/117/117
f 100/100/100 101/101/101 117/117/117
f 117/117/117 101/101/101 118/118/118
f 101/101/101 102/102/102 118/118/118
f 118/118/118 102/102/102 119/119/119
f 103/103/103 104/104/104 120/120/120
f 120/120/120 104/104/104 121/121/121
f 104/104/104 105/105/105 121/121/121
f 121/121/121 105/105/105 122/122/122
f 105/105/105 106/106/106 122/122/122
f 122/122/122 106/106/106 123/123/123
f 106/106/106 107/107/107 123/123/123
f 123/123/123 107/107/107 124/124/124
f 107/107/107 108/108/108 124/124/124
f 124/124/124 108/108/108 125/125/125
f 108/108/108 109/109/109 125/125/125
f 125/125/125 109/109/109 126/126/126
f 109/109/109 110/110/110 126/126/126
f 126/126/126 110/110/110 127/127/127
f 110/110/110 111/111/111 127/127/127
f 127/127/127 111/111/111 128/128/128
f 111/111/111 112/112/112 128/128/128
f 128/128/128 112/112/112 129/129/129
f 112/112/112 113/113/113 129/129/129
f 129/129/129 113/113/113 130/130/130
f 113/113/113 114/114/114 130/130/130
f 130/130/130 114/114/114 131/131/131
f 114/114/114 115/115/115 131/131/131
f 131/131/131 115/115/115 132/132/132
f 115/115/115 116/116/116 132/132/132
f 132/132/132 116/116/116 133/133/133
f 116/116/116 117/117/117 133/133/133
f 133/133/133 117/117/117 134/134/134
f 117/117/117 118/118/118 134/134/134
f 134/134/134 118/118/118 135/135/135
f 118/118/118 119/119/119 135/135/135
f 135/135/135 119/119/119 136/136/136
f 120/120/120 121/121/121 137/137/137
f 137/137/137 121/121/121 138/138/138
f 121/121/121 122/122/122 138/138/138
f 138/138/138 122/122/122 139/139/139
f 122/122/122 123/123/123 139/139/139
f 139/139/139 123/123/123 140/140/140
f 123/123/123 124/124/124 140/140/140
f 140/140/140 124/124/124 141/141/141
f 124/124/124 125/125/125 141/141/141
f 141/141/141 125/125/125 142/142/142
f 125/125/125 126/126/126 142/142/142
f 142/142/142 126/126/126 143/143/143
f 126/126/126 127/127/127 143/143/143
f 143/143/143 127/127/127 144/144/144
f 127/127/127 128/128/128 144/144/144
f 144/144/144 128/128/128 145/145/145
f 128/128/128 129/129/129 145/145/145
f 145/145/145 129/129/129 146/146/146
f 129/129/129 130/130/130 146/146/146
f 146/146/146 130/130/130 147/147/147
f 130/130/130 131/131/131 147/147/147
f 147/147/147 131/131/131 148/148/148
f 131/131/131 132/132/132 148/148/148
f 148/148/148 132/132/132 149/149/149
f 132/132/132 133/133/133 149/149/149
f 149/149/149 133/133/133 150/150/150
f 133/133/133 134/134/134 150/150/150
f 150/150/150 134/134/134 151/151/151
f 134/134/134 135/135/135 151/151/151
f 151/151/151 135/135/135 152/152/152
f 135/135/135 136/136/136 152/152/152
f 152/152/152 136/136/136 153/153/153
f 137/137/137 138/138/138 154/154/154
f 154/154/154 138/138/138 155/155/155
f 138/138/138 139/139/139 155/155/155
f 155/155/155 139/139/139 156/156/156
f 139/139/139 140/140/140 156/156/156
f 156/156/156 140/140/140 157/157/157
f 140/140/140 141/141/141 157/157/157
f 157/157/157 141/141/141 158/158/158
f 141/141/141 142/142/142 158/158/158
f 158/158/158 142/142/142 159/159/159
f 142/142/142 143/143/143 159/159/159
f 159/159/159 143/143/143 160/160/160
f 143/143/143 144/144/144 160/160/160
f 160/160/160 144/144/144 161/161/161
f 144/144/144 145/145/145 161/161/161
f 161/161/161 145/145/145 162/162/162
f 145/145/145 146/146/146 162/162/162
f 162/162/162 146/146/146 163/163/163
f 146/146/146 147/147/147 163/163/163
f 163/163/163 147/147/147 164/164/164
f 147/147/147 148/148/148 164/164/164
f 164/164/164 148/148/148 165/165/165
f 148/148/148 149/149/149 165/165/165
f 165/165/165 149/149/149 166/166/166
f 149/149/149 150/150/150 166/166/166
f 166/166/166 150/150/150 167/167/167
f 150/150/150 151/151/151 167/167/167
f 167/167/167 151/151/151 168/168/168
f 151/151/151 152/152/152 168/168/168
f 168/168/168 152/152/152 169/169/169
f 152/152/152 153/153/153 169/169/169
f 169/169/169 153/153/153 170/170/170
f 154/154/154 155/155/155 171/171/171
f 171/171/171 155/155/155 172/172/172
f 155/155/155 156/156/156 172/172/172
f 172/172/172 156/156/156 173/173/173
f 156/156/156 157/157/157 173/173/173
f 173/173/173 157/157/157 174/174/174
f 157/157/157 158/158/158 174/174/174
f 174/174/174 158/158/158 175/175/175
f 158/158/158 159/159/159 175/175/175
f 175/175/175 159/159/159 176/176/176
f 159/159/159 160/160/160 176/176/176
f 176/176/176 160/160/160 177/177/177
f 160/160/160 161/161/161 177/177/177
f 177/177/177 161/161/161 178/178/178
f 161/161/161 162/162/162 178/178/178
f 178/178/178 162/162/162 179/179/179
f 162/162/162 163/163/163 179/179/179
f 179/179/179 163/163/163 180/180/180
f 163/163/163 164/164/164 180/180/180
f 180/180/180 164/164/164 181/181/181
f 164/164/164 165/165/165 181/181/181
f 181/181/181 165/165/165 182/182/182
f 165/165/165 166/166/166 182/182/182
f 182/182/182 166/166/166 183/183/183
f 166/166/166 167/167/167 183/183/183
f 183/183/183 167/167/167 184/184/184
f 167/167/167 168/168/168 184/184/184
f 184/184/184 168/168/168 185/185/185
f 168/168/168 169/169/169 185/185/185
f 185/185/185 169/169/169 186/186/186
f 169/169/169 170/170/170 186/186/186
f 186/186/186 170/170/170 187/187/187
f 171/171/171 172/172/172 188/188/188
f 188/188/188 172/172/172 189/189/189
f 172/172/172 173/173/173 189/189/189
f 189/189/189 173/173/173 190/190/190
f 173/173/173 174/174/174 190/190/190
f 190/190/190 174/174/174 191/191/191
f 174/174/174 175/175/175 191/191/191
f 191/191/191 175/175/175 192/192/192
f 175/175/175 176/176/176 192/192/192
f 192/192/192 176/176/176 193/193/193
f 176/176/176 177/177/177 193/193/193
f 193/193/193 177/177/177 194/194/194
f 177/177/177 178/178/178 194/194/194
f 194/194/194 178/178/178 195/195/195
f 178/178/178 179/179/179 195/195/195
f 195/195/195 179/179/179 196/196/196
f 179/179/179 180/180/180 196/196/196
f 196/196/196 180/180/180 197/197/197
f 180/180/180 181/181/181 197/197/197
f 197/197/197 181/181/181 198/198/198
f 181/181/181 182/182/182 198/198/198
f 198/198/198 182/182/182 199/199/199
f 182/182/182 183/183/183 199/199/199
f 199/199/199 183/183/183 200/200/200
f 183/183/183 184/184/184 200/200/200
f 200/200/200 184/184/184 201/201/201
f 184/184/184 185/185/185 201/201/201
f 201/201/201 185/185/185 202/202/202
f 185/185/185 186/186/186 202/202/202
f 202/202/202 186/186/186 203/203/203
f 186/186/186 187/187/187 203/203/203
f 203/203/203 187/187/187 204/204/204
f 188/188/188 189/189/189 205/205/205
f 205/205/205 189/189/189 206/206/206
f 189/189/189 190/190/190 206/206/206
f 206/206/206 190/190/190 207/207/207
f 190/190/190 191/191/191 207/207/207
f 207/207/207 191/191/191 208/208/208
f 191/191/191 192/192/192 208/208/208
f 208/208/208 192/192/192 209/209/209
f 192/192/192 193/193/193 209/209/209
f 209/209/209 193/193/193 210/210/210
f 193/193/193 194/194/194 210/210/210
f 210/210/210 194/194/194 211/211/211
f 194/194/194 195/195/195 211/211/211
f 211/211/211 195/195/195 212/212/212
f 195/195/195 196/196/196 212/212/212
f 212/212/212 196/196/196 213/213/213
f 196/196/196 197/197/197 213/213/213
f 213/213/213 197/197/197 214/214/214
f 197/197/197 198/198/198 214/214/214
f 214/214/214 198/198/198 215/215/215
f 198/198/198 199/199/199 215/215/215
f 215/215/215 199/199/199 216/216/216
f 199/199/199 200/200/200 216/216/216
f 216/216/216 200/200/200 217/217/217
f 200/200/200 201/201/201 217/217/217
f 217/217/217 201/201/201 218/218/218
f 201/201/201 202/202/202 218/218/218
f 218/218/218 202/202/202 219/219/219
f 202/202/202 203/203/203 219/219/219
f 219/219/219 203/203/203 220/220/220
f 203/203/203 204/204/204 220/220/220
f 220/220/220 204/204/204 221/221/221
f 205/205/205 206/206/206 222/222/222
f 222/222/222 206/206/206 223/223/223
f 206/206/206 207/207/207 223/223/223
f 223/223/223 207/207/207 224/224/224
f 207/207/207 208/208/208 224/224/224
f 224/224/224 208/208/208 225/225/225
f 208/208/208 209/209/209 225/225/225
f 225/225/225 209/209/209 226/226/226
f 209/209/209 210/210/210 226/226/226
f 226/226/226 210/210/210 227/227/227
f 210/210/210 211/211/211 227/227/227
f 227/227/227 211/211/211 228/228/228
f 211/211/211 212/212/212 228/228/228
f 228/228/228 212/212/212 229/229/229
f 212/212/212 213/213/213 229/229/229
f 229/229/229 213/213/213 230/230/230
f 213/213/213 214/214/214 230/230/230
f 230/230/230 214/214/214 231/231/231
f 214/214/214 215/215/215 231/231/231
f 231/231/231 215/215/215 232/232/232
f 215/215/215 216/216/216 232/232/232
f 232/232/232 216/216/216 233/233/233
f 216/216/216 217/217/217 233/233/233
f 233/233/233 217/217/217 234/234/234
f 217/217/217 218/218/218 234/234/234
f 234/234/234 218/218/218 235/235/235
f 218/218/218 219/219/219 235/235/235
f 235/235/235 219/219/219 236/236/236
f 219/219/219 220/220/220 236/236/236
f 236/236/236 220/220/220 237/237/237
f 220/220/220 221/221/221 237/237/237
f 237/237/237 221/221/221 238/238/238
f 222/222/222 223/223/223 239/239/239
f 239/239/239 223/223/223 240/240/240
f 223/223/223 224/224/224 240/240/240
f 240/240/240 224/224/224 241/241/241
f 224/224/224 225/225/225 241/241/241
f 241/241/241 225/225/225 242/242/242
f 225/225/225 226/226/226 242/242/242
f 242/242/242 226/226/226 243/243/243
f 226/226/226 227/227/227 243/243/243
f 243/243/243 227/227/227 244/244/244
f 227/227/227 228/228/228 244/244/244
f 244/244/244 228/228/228 245/245/245
f 228/228/228 229/229/229 245/245/245
f 245/245/245 229/229/229 246/246/246
f 229/229/229 230/230/230 246/246/246
f 246/246/246 230/230/230 247/247/247
f 230/230/230 231/231/231 247/247/247
f 247/247/247 231/231/231 248/248/248
f 231/231/231 232/232/232 248/248/248
f 248/248/248 232/232/232 249/249/249
f 232/232/232 233/233/233 249/249/249
f 249/249/249 233/233/233 250/250/250
f 233/233/233 234/234/234 250/250/250
f 250/250/250 234/234/234 251/251/251
f 234/234/234 235/235/235 251/251/251
f 251/251/251 235/235/235 252/252/252
f 235/235/235 236/236/236 252/252/252
f 252/252/252 236/236/236 253/253/253
f 236/236/236 237/237/237 253/253/253
f 253/253/253 237/237/237 254/254/254
f 237/237/237 238/238/238 254/254/254
f 254/254/254 238/238/238 255/255/255
f 239/239/239 240/240/240 256/256/256
f 256/256/256 240/240/240 257/257/257
f 240/240/240 241/241/241 257/257/257
f 257/257/257 241/241/241 258/258/258
f 241/241/241 242/242/242 258/258/258
f 258/258/258 242/242/242 259/259/259
f 242/242/242 243/243/243 259/259/259
f 259/259/259 243/243/243 260/260/260
f 243/243/243 244/244/244 260/260/260
f 260/260/260 244/244/244 261/261/261
f 244/244/244 245/245/245 261/261/261
f 261/261/261 245/245/245 262/262/262
f 245/245/245 246/246/246 262/262/262
f 262/262/262 246/246/246 263/263/263
f 246/246/246 247/247/247 263/263/263
f 263/263/263 247/247/247 264/264/264
f 247/247/247 248/248/248 264/264/264
f 264/264/264 248/248/248 265/265/265
f 248/248/248 249/249/249 265/265/265
f 265/265/265 249/249/249 266/266/266
f 249/249/249 250/250/250 266/266/266
f 266/266/266 250/250/250 267/267/267
f 250/250/250 251/251/251 267/267/267
f 267/267/267 251/251/251 268/268/268
f 251/251/251 252/252/252 268/268/268
f 268/268/268 252/252/252 269/269/269
f 252/252/252 253/253/253 269/269/269
f 269/269/269 253/253/253 270/270/270
f 253/253/253 254/254/254 270/270/270
f 270/270/270 254/254/254 271/271/271
f 254/254/254 255/255/255 271/271/271
f 271/271/271 255/255/255 272/272/272
f 256/256/256 257/257/257 273/273/273
f 273/273/273 257/257/257 274/274/274
f 257/257/257 258/258/258 274/274/274
f 274/274/274 258/258/258 275/275/275
f 258/258/258 259/259/259 275/275/275
f 275/275/275 259/259/259 276/276/276
f 259/259/259 260/260/260 276/276/276
f 276/276/276 260/260/260 277/277/277
f 260/260/260 261/261/261 277/277/277
f 277/277/277 261/261/261 278/278/278
f 261/261/261 262/262/262 278/278/278
f 278/278/278 262/262/262 279/279/279
f 262/262/262 263/263/263 279/279/279
f 279/279/279 263/263/263 280/280/280
f 263/263/263 264/264/264 280/280/280
f 280/280/280 264/264/264 281/281/281
f 264/264/264 265/265/265 281/281/281
f 281/281/281 265/265/265 282/282/282
f 265/265/265 266/266/266 282/282/282
f 282/282/282 266/266/266 283/283/283
f 266/266/266 267/267/267 283/283/283
f 283/283/283 267/267/267 284/284/284
f 267/267/267 268/268/268 284/284/284
f 284/284/284 268/268/268 285/285/285
f 268/268/268 269/269/269 285/285/285
f 285/285/285 269/269/269 286/286/286
f 269/269/269 270/270/270 286/286/286
f 286/286/286 270/270/270 287/287/287
f 270/270/270 271/271/271 287/287/287
f 287/287/287 271/271/271 288/288/288
f 271/271/271 272/272/272 288/288/288
f 288/288/288 272/272/272 289/289/289
f 273/273/273 274/274/274 290/290/290
f 290/290/290 274/274/274 291/291/291
f 274/274/274 275/275/275 291/291/291
f 291/291/291 275/275/275 292/292/292
f 275/275/275 276/276/276 292/292/292
f 292/292/292 276/276/276 293/293/293
f 276/276/276 277/277/277 293/293/293
f 293/293/293 277/277/277 294/294/294
f 277/277/277 278/278/278 294/294/294
f 294/294/294 278/278/278 295/295/295
f 278/278/278 279/279/279 295/295/295
f 295/295/295 279/279/279 296/296/296
f 279/279/279 280/280/280 296/296/296
f 296/296/296 280/280/280 297/297/297
f 280/280/280 281/281/281 297/297/297
f 297/297/297 281/281/281 298/298/298
f 281/281/281 282/282/282 298/298/298
f 298/298/298 282/282/282 299/299/299
f 282/282/282 283/283/283 299/299/299
f 299/299/299 283/283/283 300/300/300
f 283/283/283 284/284/284 300/300/300
f 300/300/300 284/284/284 301/301/301
f 284/284/284 285/285/285 301/301/301
f 301/301/301 285/285/285 302/302/302
f 285/285/285 286/286/286 302/302/302
f 302/302/302 286/286/286 303/303/303
f 286/286/286 287/287/287 303/303/303
f 303/303/303 287/287/287 304/304/304
f 287/287/287 288/288/288 304/304/304
f 304/304/304 288/288/288 305/305/305
f 288/288/288 289/289/289 305/305/305
f 305/305/305 289/289/289 306/306/306
f 290/290/290 291/291/291 307/307/307
f 307/307/307 291/291/291 308/308/308
f 291/291/291 292/292/292 308/308/308
f 308/308/308 292/292/292 309/309/309
f 292/292/292 293/293/293 309/309/309
f 309/309/309 293/293/293 310/310/310
f 293/293/293 294/294/294 310/310/310
f 310/310/310 294/294/294 311/311/311
f 294/294/294 295/295/295 311/311/311
f 311/311/311 295/295/295 312/312/312
f 295/295/295 296/296/296 312/312/312
f 312/312/312 296/296/296 313/313/313
f 296/296/296 297/297/297 313/313/313
f 313/313/313 297/297/297 314/314/314
f 297/297/297 298/298/298 314/314/314
f 314/314/314 298/298/298 315/315/315
f 298/298/298 299/299/299 315/315/315
f 315/315/315 299/299/299 316/316/316
f 299/299/299 300/300/300 316/316/316
f 316/316/316 300/300/300 317/317/317
f 300/300/300 301/301/301 317/317/317
f 317/317/317 301/301/301 318/318/318
f 301/301/301 302/302/302 318/318/318
f 318/318/318 302/302/302 319/319/319
f 302/302/302 303/303/303 319/319/319
f 319/319/319 303/303/303 320/320/320
f 303/303/303 304/304/304 320/320/320
f 320/320/320 304/304/304 321/321/321
f 304/304/304 305/305/305 321/321/321
f 321/321/321 305/305/305 322/322/322
f 305/305/305 306/306/306 322/322/322
f 322/322/322 306/306/306 323/323/323
f 307/307/307 308/308/308 324/324/324
f 324/324/324 308/308/308 325/325/325
f 308/308/308 309/309/309 325/325/325
f 325/325/325 309/309/309 326/326/326
f 309/309/309 310/310/310 326/326/326
f 326/326/326 310/310/310 327/327/327
f 310/310/310 311/311/311 327/327/327
f 327/327/327 311/311/311 328/328/328
f 311/311/311 312/312/312 328/328/328
f 328/328/328 312/312/312 329/329/329
f 312/312/312 313/313/313 329/329/329
f 329/329/329 313/313/313 330/330/330
f 313/313/313 314/314/314 330/330/330
f 330/330/330 314/314/314 331/331/331
f 314/314/314 315/315/315 331/331/331
f 331/331/331 315/315/315 332/332/332
f 315/315/315 316/316/316 332/332/332
f 332/332/332 316/316/316 333/333/333
f 316/316/316 317/317/317 333/333/333
f 333/333/333 317/317/317 334/334/334
f 317/317/317 318/318/318 334/334/334
f 334/334/334 318/318/318 335/335/335
f 318/318/318 319/319/319 335/335/335
f 335/335/335 319/319/319 336/336/336
f 319/319/319 320/320/320 336/336/336
f 336/336/336 320/320/320 337/337/337
f 320/320/320 321/321/321 337/337/337
f 337/337/337 321/321/321 338/338/338
f 321/321/321 322/322/322 338/338/338
f 338/338/338 322/322/322 339/339/339
f 322/322/322 323/323/323 339/339/339
f 339/339/339 323/323/323 340/340/340
f 324/324/324 325/325/325 341/341/341
f 341/341/341 325/325/325 342/342/342
f 325/325/325 326/326/326 342/342/342
f 342/342/342 326/326/326 343/343/343
f 326/326/326 327/327/327 343/343/343
f 343/343/343 327/327/327 344/344/344
f 327/327/327 328/328/328 344/344/344
f 344/344/344 328/328/328 345/345/345
f 328/328/328 329/329/329 345/345/345
f 345/345/345 329/329/329 346/346/346
f 329/329/329 330/330/330 346/346/346
f 346/346/346 330/330/330 347/347/347
f 330/330/330 331/331/331 347/347/347
f 347/347/347 331/331/331 348/348/348
f 331/331/331 332/332/332 348/348/348
f 348/348/348 332/332/332 349/349/349
f 332/332/332 333/333/333 349/349/349
f 349/349/349 333/333/333 350/350/350
f 333/333/333 334/334/334 350/350/350
f 350/350/350 334/334/334 351/351/351
f 334/334/334 335/335/335 351/351/351
f 351/351/351 335/335/335 352/352/352
f 335/335/335 336/336/336 352/352/352
f 352/352/352 336/336/336 353/353/353
f 336/336/336 337/337/337 353/353/353
f 353/353/353 337/337/337 354/354/354
f 337/337/337 338/338/338 354/354/354
f 354/354/354 338/338/338 355/355/355
f 338/338/338 339/339/339 355/355/355
f 355/355/355 339/339/339 356/356/356
f 339/339/339 340/340/340 356/356/356
f 356/356/356 340/340/340 357/357/357
f 341/341/341 342/342/342 358/358/358
f 358/358/358 342/342/342 359/359/359
f 342/342/342 343/343/343 359/359/359
f 359/359/359 343/343/343 360/360/360
f 343/343/343 344/344/344 360/360/360
f 360/360/360 344/344/344 361/361/361
f 344/344/344 345/345/345 361/361/361
f 361/361/361 345/345/345 362/362/362
f 345/345/345 346/346/346 362/362/362
f 362/362/362 346/346/346 363/363/363
f 346/346/346 347/347/347 363/363/363
f 363/363/363 347/347/347 364/364/364
f 347/347/347 348/348/348 364/364/364
f 364/364/364 348/348/348 365/365/365
f 348/348/348 349/349/349 365/365/365
f 365/365/365 349/349/349 366/366/366
f 349/349/349 350/350/350 366/366/366
f 366/366/366 350/350/350 367/367/367
f 350/350/350 351/351/351 367/367/367
f 367/367/367 351/351/351 368/368/368
f 351/351/351 352/352/352 368/368/368
f 368/368/368 352/352/352 369/369/369
f 352/352/352 353/353/353 369/369/369
f 369/369/369 353/353/353 370/370/370
f 353/353/353 354/354/354 370/370/370
f 370/370/370 354/354/354 371/371/371
f 354/354/354 355/355/355 371/371/371
f 371/371/371 355/355/355 372/372/372
f 355/355/355 356/356/356 372/372/372
f 372/372/372 356/356/356 373/373/373
f 356/356/356 357/357/357 373/373/373
f 373/373/373 357/357/357 374/374/374
f 358/358/358 359/359/359 375/375/375
f 375/375/375 359/359/359 376/376/376
f 359/359/359 360/360/360 376/376/376
f 376/376/376 360/360/360 377/377/377
f 360/360/360 361/361/361 377/377/377
f 377/377/377 361/361/361 378/378/378
f 361/361/361 362/362/362 378/378/378
f 378/378/378 362/362/362 379/379/379
f 362/362/362 363/363/363 379/379/379
f 379/379/379 363/363/363 380/380/380
f 363/363/363 364/364/364 380/380/380
f 380/380/380 364/364/364 381/381/381
f 364/364/364 365/365/365 381/381/381
f 381/381/381 365/365/365 382/382/382
f 365/365/365 366/366/366 382/382/382
f 382/382/382 366/366/366 383/383/383
f 366/366/366 367/367/367 383/383/383
f 383/383/383 367/367/367 384/384/384
f 367/367/367 368/368/368 384/384/384
f 384/384/384 368/368/368 385/385/385
f 368/368/368 369/369/369 385/385/385
f 385/385/385 369/369/369 386/386/386
f 369/369/369 370/370/370 386/386/386
f 386/386/386 370/370/370 387/387/387
f 370/370/370 371/371/371 387/387/387
f 387/387/387 371/371/371 388/388/388
f 371/371/371 372/372/372 388/388/388
f 388/388/388 372/372/372 389/389/389
f 372/372/372 373/373/373 389/389/389
f 389/389/389 373/373/373 390/390/390
f 373/373/373 374/374/374 390/390/390
f 390/390/390 374/374/374 391/391/391
f 375/375/375 376/376/376 392/392/392
f 392/392/392 376/376/376 393/393/393
f 376/376/376 377/377/377 393/393/393
f 393/393/393 377/377/377 394/394/394
f 377/377/377 378/378/378 394/394/394
f 394/394/394 378/378/378 395/395/395
f 378/378/378 379/379/379 395/395/395
f 395/395/395 379/379/379 396/396/396
f 379/379/379 380/380/380 396/396/396
f 396/396/396 380/380/380 397/397/397
f 380/380/380 381/381/381 397/397/397
f 397/397/397 381/381/381 398/398/398
f 381/381/381 382/382/382 398/398/398
f 398/398/398 382/382/382 399/399/399
f 382/382/382 383/383/383 399/399/399
f 399/399/399 383/383/383 400/400/400
f 383/383/383 384/384/384 400/400/400
f 400/400/400 384/384/384 401/401/401
f 384/384/384 385/385/385 401/401/401
f 401/401/401 385/385/385 402/402/402
f 385/385/385 386/386/386 402/402/402
f 402/402/402 386/386/386 403/403/403
f 386/386/386 387/387/387 403/403/403
f 403/403/403 387/387/387 404/404/404
f 387/387/387 388/388/388 404/404/404
f 404/404/404 388/388/388 405/405/405
f 388/388/388 389/389/389 405/405/405
f 405/405/405 389/389/389 406/406/406
f 389/389/389 390/390/390 406/406/406
f 406/406/406 390/390/390 407/407/407
f 390/390/390 391/391/391 407/407/407
f 407/407/407 391/391/391 408/408/408
f 392/392/392 393/393/393 409/409/409
f 409/409/409 393/393/393 410/410/410
f 393/393/393 394/394/394 410/410/410
f 410/410/410 394/394/394 411/411/411
f 394/394/394 395/395/395 411/411/411
f 411/411/411 395/395/395 412/412/412
f 395/395/395 396/396/396 412/412/412
f 412/412/412 396/396/396 413/413/413
f 396/396/396 397/397/397 413/413/413
f 413/413/413 397/397/397 414/414/414
f 397/397/397 398/398/398 414/414/414
f 414/414/414 398/398/398 415/415/415
f 398/398/398 399/399/399 415/415/415
f 415/415/415 399/399/399 416/416/416
f 399/399/399 400/400/400 416/416/416
f 416/416/416 400/400/400 417/417/417
f 400/400/400 401/401/401 417/417/417
f 417/417/417 401/401/401 418/418/418
f 401/401/401 402/402/402 418/418/418
f 418/418/418 402/402/402 419/419/419
f 402/402/402 403/403/403 419/419/419
f 419/419/419 403/403/403 420/420/420
f 403/403/403 404/404/404 420/420/420
f 420/420/420 404/404/404 421/421/421
f 404/404/404 405/405/405 421/421/421
f 421/421/421 405/405/405 422/422/422
f 405/405/405 406/406/406 422/422/422
f 422/422/422 406/406/406 423/423/423
f 406/406/406 407/407/407 423/423/423
f 423/423/423 407/407/407 424/424/424
f 407/407/407 408/408/408 424/424/424
f 424/424/424 408/408/408 425/425/425
f 409/409/409 410/410/410 426/426/426
f 426/426/426 410/410/410 427/427/427
f 410/410/410 411/411/411 427/427/427
f 427/427/427 411/411/411 428/428/428
f 411/411/411 412/412/412 428/428/428
f 428/428/428 412/412/412 429/429/429
f 412/412/412 413/413/413 429/429/429
f 429/429/429 413/413/413 430/430/430
f 413/413/413 414/414/414 430/430/430
f 430/430/430 414/414/414 431/431/431
f 414/414/414 415/415/415 431/431/431
f 431/431/431 415/415/415 432/432/432
f 415/415/415 416/416/416 432/432/432
f 432/432/432 416/416/416 433/433/433
f 416/416/416 417/417/417 433/433/433
f 433/433/433 417/417/417 434/434/434
f 417/417/417 418/418/418 434/434/434
f 434/434/434 418/418/418 435/435/435
f 418/418/418 419/419/419 435/435/435
f 435/435/435 419/419/419 436/436/436
f 419/419/419 420/420/420 436/436/436
f 436/436/436 420/420/420 437/437/437
f 420/420/420 421/421/421 437/437/437
f 437/437/437 421/421/421 438/438/438
f 421/421/421 422/422/422 438/438/438
f 438/438/438 422/422/422 439/439/439
f 422/422/422 423/423/423 439/439/439
f 439/439/439 423/423/423 440/440/440
f 423/423/423 424/424/424 440/440/440
f 440/440/440 424/424/424 441/441/441
f 424/424/424 425/425/425 441/441/441
f 441/441/441 425/425/425 442/442/442
f 426/426/426 427/427/427 443/443/443
f 443/443/443 427/427/427 444/444/444
f 427/427/427 428/428/428 444/444/444
f 444/444/444 428/428/428 445/445/445
f 428/428/428 429/429/429 445/445/445
f 445/445/445 429/429/429 446/446/446
f 429/429/429 430/430/430 446/446/446
f 446/446/446 430/430/430 447/447/447
f 430/430/430 431/431/431 447/447/447
f 447/447/447 431/431/431 448/448/448
f 431/431/431 432/432/432 448/448/448
f 448/448/448 432/432/432 449/449/449
f 432/432/432 433/433/433 449/449/449
f 449/449/449 433/433/433 450/450/450
f 433/433/433 434/434/434 450/450/450
f 450/450/450 434/434/434 451/451/451
f 434/434/434 435/435/435 451/451/451
f 451/451/451 435/435/435 452/452/452
f 435/435/435 436/436/436 452/452/452
f 452/452/452 436/436/436 453/453/453
f 436/436/436 437/437/437 453/453/453
f 453/453/453 437/437/437 454/454/454
f 437/437/437 438/438/438 454/454/454
f 454/454/454 438/438/438 455/455/455
f 438/438/438 439/439/439 455/455/455
f 455/455/455 439/439/439 456/456/456
f 439/439/439 440/440/440 456/456/456
f 456/456/456 440/440/440 457/457/457
f 440/440/440 441/441/441 457/457/457
f 457/457/457 441/441/441 458/458/458
f 441/441/441 442/442/442 458/458/458
f 458/458/458 442/442/442 459/459/459
f 443/443/443 444/444/444 460/460/460
f 460/460/460 444/444/444 461/461/461
f 444/444/444 445/445/445 461/461/461
f 461/461/461 445/445/445 462/462/462
f 445/445/445 446/446/446 462/462/462
f 462/462/462 446/446/446 463/463/463
f 446/446/446 447/447/447 463/463/463
f 463/463/463 447/447/447 464/464/464
f 447/447/447 448/448/448 464/464/464
f 464/464/464 448/448/448 465/465/465
f 448/448/448 449/449/449 465/465/465
f 465/465/465 449/449/449 466/466/466
f 449/449/449 450/450/450 466/466/466
f 466/466/466 450/450/450 467/467/467
f 450/450/450 451/451/451 467/467/467
f 467/467/467 451/451/451 468/468/468
f 451/451/451 452/452/452 468/468/468
f 468/468/468 452/452/452 469/469/469
f 452/452/452 453/453/453 469/469/469
f 469/469/469 453/453/453 470/470/470
f 453/453/453 454/454/454 470/470/470
f 470/470/470 454/454/454 471/471/471
f 454/454/454 455/455/455 471/471/471
f 471/471/471 455/455/455 472/472/472
f 455/455/455 456/456/456 472/472/472
f 472/472/472 456/456/456 473/473/473
f 456/456/456 457/457/457 473/473/473
f 473/473/473 457/457/457 474/474/474
f 457/457/457 458/458/458 474/474/474
f 474/474/474 458/458/458 475/475/475
f 458/458/458 459/459/459 475/475/475
f 475/475/475 459/459/459 476/476/476
f 460/460/460 461/461/461 477/477/477
f 477/477/477 461/461/461 478/478/478
f 461/461/461 462/462/462 478/478/478
f 478/478/478 462/462/462 479/479/479
f 462/462/462 463/463/463 479/479/479
f 479/479/479 463/463/463 480/480/480
f 463/463/463 464/464/464 480/480/480
f 480/480/480 464/464/464 481/481/481
f 464/464/464 465/465/465 481/481/481
f 481/481/481 465/465/465 482/482/482
f 465/465/465 466/466/466 482/482/482
f 482/482/482 466/466/466 483/483/483
f 466/466/466 467/467/467 483/483/483
f 483/483/483 467/467/467 484/484/484
f 467/467/467 468/468/468 484/484/484
f 484/484/484 468/468/468 485/485/485
f 468/468/468 469/469/469 485/485/485
f 485/485/485 469/469/469 486/486/486
f 469/469/469 470/470/470 486/486/486
f 486/486/486 470/470/470 487/487/487
f 470/470/470 471/471/471 487/487/487
f 487/487/487 471/471/471 488/488/488
f 471/471/471 472/472/472 488/488/488
f 488/488/488 472/472/472 489/489/489
f 472/472/472 473/473/473 489/489/489
f 489/489/489 473/473/473 490/490/490
f 473/473/473 474/474/474 490/490/490
f 490/490/490 474/474/474 491/491/491
f 474/474/474 475/475/475 491/491/491
f 491/491/491 475/475/475 492/492/492
f 475/475/475 476/476/476 492/492/492
f 492/492/492 476/476/476 493/493/493
f 477/477/477 478/478/478 494/494/494
f 494/494/494 478/478/478 495/495/495
f 478/478/478 479/479/479 495/495/495
f 495/495/495 479/479/479 496/496/496
f 479/479/479 480/480/480 496/496/496
f 496/496/496 480/480/480 497/497/497
f 480/480/480 481/481/481 497/497/497
f 497/497/497 481/481/481 498/498/498
f 481/481/481 482/482/482 498/498/498
f 498/498/498 482/482/482 499/499/499
f 482/482/482 483/483/483 499/499/499
f 499/499/499 483/483/483 500/500/500
f 483/483/483 484/484/484 500/500/500
f 500/500/500 484/484/484 501/501/501
f 484/484/484 485/485/485 501/501/501
f 501/501/501 485/485/485 502/502/502
f 485/485/485 486/486/486 502/502/502
f 502/502/502 486/486/486 503/503/503
f 486/486/486 487/487/487 503/503/503
f 503/503/503 487/487/487 504/504/504
f 487/487/487 488/488/488 504/504/504
f 504/504/504 488/488/488 505/505/505
f 488/488/488 489/489/489 505/505/505
f 505/505/505 489/489/489 506/506/506
f 489/489/489 490/490/490 506/506/506
f 506/506/506 490/490/490 507/507/507
f 490/490/490 491/491/491 507/507/507
f 507/507/507 491/491/491 508/508/508
f 491/491/491 492/492/492 508/508/508
f 508/508/508 492/492/492 509/509/509
f 492/492/492 493/493/493 509/509/509
f 509/509/509 493/493/493 510/510/510
f 494/494/494 495/495/495 511/511/511
f 511/511/511 495/495/495 512/512/512
f 495/495/495 496/496/496 512/512/512
f 512/512/512 496/496/496 513/513/513
f 496/496/496 497/497/497 513/513/513
f 513/513/513 497/497/497 514/514/514
f 497/497/497 498/498/498 514/514/514
f 514/514/514 498/498/498 515/515/515
f 498/498/498 499/499/499 515/515/515
f 515/515/515 499/499/499 516/516/516
f 499/499/499 500/500/500 516/516/516
f 516/516/516 500/500/500 517/517/517
f 500/500/500 501/501/501 517/517/517
f 517/517/517 501/501/501 518/518/518
f 501/501/501 502/502/502 518/518/518
f 518/518/518 502/502/502 519/519/519
f 502/502/502 503/503/503 519/519/519
f 519/519/519 503/503/503 520/520/520
f 503/503/503 504/504/504 520/520/520
f 520/520/520 504/504/504 521/521/521
f 504/504/504 505/505/505 521/521/521
f 521/521/521 505/505/505 522/522/522
f 505/505/505 506/506/506 522/522/522
f 522/522/522 506/506/506 523/523/523
f 506/506/506 507/507/507 523/523/523
f 523/523/523 507/507/507 524/524/524
f 507/507/507 508/508/508 524/524/524
f 524/524/524 508/508/508 525/525/525
f 508/508/508 509/509/509 525/525/525
f 525/525/525 509/509/509 526/526/526
f 509/509/509 510/510/510 526/526/526
f 526/526/526 510/510/510 527/527/527
f 511/511/511 512/512/512 528/528/528
f 528/528/528 512/512/512 529/529/529
f 512/512/512 513/513/513 529/529/529
f 529/529/529 513/513/513 530/530/530
f 513/513/513 514/514/514 530/530/530
f 530/530/530 514/514/514 531/531/531
f 514/514/514 515/515/515 531/531/531
f 531/531/531 515/515/515 532/532/532
f 515/515/515 516/516/516 532/532/532
f 532/532/532 516/516/516 533/533/533
f 516/516/516 517/517/517 533/533/533
f 533/533/533 517/517/517 534/534/534
f 517/517/517 518/518/518 534/534/534
f 534/534/534 518/518/518 535/535/535
f 518/518/518 519/519/519 535/535/535
f 535/535/535 519/519/519 536/536/536
f 519/519/519 520/520/520 536/536/536
f 536/536/536 520/520/520 537/537/537
f 520/520/520 521/521/521 537/537/537
f 537/537/537 521/521/521 538/538/538
f 521/521/521 522/522/522 538/538/538
f 538/538/538 522/522/522 539/539/539
f 522/522/522 523/523/523 539/539/539
f 539/539/539 523/523/523 540/540/540
f 523/523/523 524/524/524 540/540/540
f 540/540/540 524/524/524 541/541/541
f 524/524/524 525/525/525 541/541/541
f 541/541/541 525/525/525 542/542/542
f 525/525/525 526/526/526 542/542/542
f 542/542/542 526/526/526 543/543/543
f 526/526/526 527/527/527 543/543/543
f 543/543/543 527/527/527 544/544/544
f 528/528/528 529/529/529 545/545/545
f 545/545/545 529/529/529 546/546/546
f 529/529/529 530/530/530 546/546/546
f 546/546/546 530/530/530 547/547/547
f 530/530/530 531/531/531 547/547/547
f 547/547/547 531/531/531 548/548/548
f 531/531/531 532/532/532 548/548/548
f 548/548/548 532/532/532 549/549/549
f 532/532/532 533/533/533 549/549/549
f 549/549/549 533/533/533 550/550/550
f 533/533/533 534/534/534 550/550/550
f 550/550/550 534/534/534 551/551/551
f 534/534/534 535/535/535 551/551/551
f 551/551/551 535/535/535 552/552/552
f 535/535/535 536/536/536 552/552/552
f 552/552/552 536/536/536 553/553/553
f 536/536/536 537/537/537 553/553/553
f 553/553/553 537/537/537 554/554/554
f 537/537/537 538/538/538 554/554/554
f 554/554/554 538/538/538 555/555/555
f 538/538/538 539/539/539 555/555/555
f 555/555/555 539/539/539 556/556/556
f 539/539/539 540/540/540 556/556/556
f 556/556/556 540/540/540 557/557/557
f 540/540/540 541/541/541 557/557/557
f 557/557/557 541/541/541 558/558/558
f 541/541/541 542/542/542 558/558/558
f 558/558/558 542/542/542 559/559/559
f 542/542/542 543/543/543 559/559/559
f 559/559/559 543/543/543 560/560/560
f 543/543/543 544/544/544 560/560/560
f 560/560/560 544/544/544 561/561/561
f 545/545/545 546/546/546 562/562/562
f 562/562/562 546/546/546 563/563/563
f 546/546/546 547/547/547 563/563/563
f 563/563/563 547/547/547 564/564/564
f 547/547/547 548/548/548 564/564/564
f 564/564/564 548/548/548 565/565/565
f 548/548/548 549/549/549 565/565/565
f 565/565/565 549/549/549 566/566/566
f 549/549/549 550/550/550 566/566/566
f 566/566/566 550/550/550 567/567/567
f 550/550/550 551/551/551 567/567/567
f 567/567/567 551/551/551 568/568/568
f 551/551/551 552/552/552 568/568/568
f 568/568/568 552/552/552 569/569/569
f 552/552/552 553/553/553 569/569/569
f 569/569/569 553/553/553 570/570/570
f 553/553/553 554/554/554 570/570/570
f 570/570/570 554/554/554 571/571/571
f 554/554/554 555/555/555 571/571/571
f 571/571/571 555/555/555 572/572/572
f 555/555/555 556/556/556 572/572/572
f 572/572/572 556/556/556 573/573/573
f 556/556/556 557/557/557 573/573/573
f 573/573/573 557/557/557 574/574/574
f 557/557/557 558/558/558 574/574/574
f 574/574/574 558/558/558 575/575/575
f 558/558/558 559/559/559 575/575/575
f 575/575/575 559/559/559 576/576/576
f 559/559/559 560/560/560 576/576/576
f 576/576/576 560/560/560 577/577/577
f 560/560/560 561/561/561 577/577/577
f 577/577/577 561/561/561 578/578/578
f 562/562/562 563/563/563 579/579/579
f 579/579/579 563/563/563 580/580/580
f 563/563/563 564/564/564 580/580/580
f 580/580/580 564/564/564 581/581/581
f 564/564/564 565/565/565 581/581/581
f 581/581/581 565/565/565 582/582/582
f 565/565/565 566/566/566 582/582/582
f 582/582/582 566/566/566 583/583/583
f 566/566/566 567/567/567 583/583/583
f 583/583/583 567/567/567 584/584/584
f 567/567/567 568/568/568 584/584/584
f 584/584/584 568/568/568 585/585/585
f 568/568/568 569/569/569 585/585/585
f 585/585/585 569/569/569 586/586/586
f 569/569/569 570/570/570 586/586/586
f 586/586/586 570/570/570 587/587/587
f 570/570/570 571/571/571 587/587/587
f 587/587/587 571/571/571 588/588/588
f 571/571/571 572/572/572 588/588/588
f 588/588/588 572/572/572 589/589/589
f 572/572/572 573/573/573 589/589/589
f 589/589/589 573/573/573 590/590/590
f 573/573/573 574/574/574 590/590/590
f 590/590/590 574/574/574 591/591/591
f 574/574/574 575/575/575 591/591/591
f 591/591/591 575/575/575 592/592/592
f 575/575/575 576/576/576 592/592/592
f 592/592/592 576/576/576 593/593/593
f 576/576/576 577/577/577 593/593/593
f 593/593/593 577/577/577 594/594/594
f 577/577/577 578/578/578 594/594/594
f 594/594/594 578/578/578 595/595/595
f 579/579/579 580/580/580 596/596/596
f 596/596/596 580/580/580 597/597/597
f 580/580/580 581/581/581 597/597/597
f 597/597/597 581/581/581 598/598/598
f 581/581/581 582/582/582 598/598/598
f 598/598/598 582/582/582 599/599/599
f 582/582/582 583/583/583 599/599/599
f 599/599/599 583/583/583 600/600/600
f 583/583/583 584/584/584 600/600/600
f 600/600/600 584/584/584 601/601/601
f 584/584/584 585/585/585 601/601/601
f 601/601/601 585/585/585 602/602/602
f 585/585/585 586/586/586 602/602/602
f 602/602/602 586/586/586 603/603/603
f 586/586/586 587/587/587 603/603/603
f 603/603/603 587/587/587 604/604/604
f 587/587/587 588/588/588 604/604/604
f 604/604/604 588/588/588 605/605/605
f 588/588/588 589/589/589 605/605/605
f 605/605/605 589/589/589 606/606/606
f 589/589/589 590/590/590 606/606/606
f 606/606/606 590/590/590 607/607/607
f 590/590/590 591/591/591 607/607/607
f 607/607/607 591/591/591 608/608/608
f 591/591/591 592/592/592 608/608/608
f 608/608/608 592/592/592 609/609/609
f 592/592/592 593/593/593 609/609/609
f 609/609/609 593/593/593 610/610/610
f 593/593/593 594/594/594 610/610/610
f 610/610/610 594/594/594 611/611/611
f 594/594/594 595/595/595 611/611/611
f 611/611/611 595/595/595 612/612/612
f 596/596/596 597/597/597 613/613/613
f 613/613/613 597/597/597 614/614/614
f 597/597/597 598/598/598 614/614/614
f 614/614/614 598/598/598 615/615/615
f 598/598/598 599/599/599 615/615/615
f 615/615/615 599/599/599 616/616/616
f 599/599/599 600/600/600 616/616/616
f 616/616/616 600/600/600 617/617/617
f 600/600/600 601/601/601 617/617/617
f 617/617/617 601/601/601 618/618/618
f 601/601/601 602/602/602 618/618/618
f 618/618/618 602/602/602 619/619/619
f 602/602/602 603/603/603 619/619/619
f 619/619/619 603/603/603 620/620/620
f 603/603/603 604/604/604 620/620/620
f 620/620/620 604/604/604 621/621/621
f 604/604/604 605/605/605 621/621/621
f 621/621/621 605/605/605 622/622/622
f 605/605/605 606/606/606 622/622/622
f 622/622/622 606/606/606 623/623/623
f 606/606/606 607/607/607 623/623/623
f 623/623/623 607/607/607 624/624/624
f 607/607/607 608/608/608 624/624/624
f 624/624/624 608/608/608 625/625/625
f 608/608/608 609/609/609 625/625/625
f 625/625/625 609/609/609 626/626/626
f 609/609/609 610/610/610 626/626/626
f 626/626/626 610/610/610 627/627/627
f 610/610/610 611/611/611 627/627/627
f 627/627/627 611/611/611 628/628/628
f 611/611/611 612/612/612 628/628/628
f 628/628/628 612/612/612 629/629/629
f 613/613/613 614/614/614 630/630/630
f 630/630/630 614/614/614 631/631/631
f 614/614/614 615/615/615 631/631/631
f 631/631/631 615/615/615 632/632/632
f 615/615/615 616/616/616 632/632/632
f 632/632/632 616/616/616 633/633/633
f 616/616/616 617/617/617 633/633/633
f 633/633/633 617/617/617 634/634/634
f 617/617/617 618/618/618 634/634/634
f 634/634/634 618/618/618 635/635/635
f 618/618/618 619/619/619 635/635/635
f 635/635/635 619/619/619 636/636/636
f 619/619/619 620/620/620 636/636/636
f 636/636/636 620/620/620 637/637/637
f 620/620/620 621/621/621 637/637/637
f 637/637/637 621/621/621 638/638/638
f 621/621/621 622/622/622 638/638/638
f 638/638/638 622/622/622 639/639/639
f 622/622/622 623/623/623 639/639/639
f 639/639/639 623/623/623 640/640/640
f 623/623/623 624/624/624 640/640/640
f 640/640/640 624/624/624 641/641/641
f 624/624/624 625/625/625 641/641/641
f 641/641/641 625/625/625 642/642/642
f 625/625/625 626/626/626 642/642/642
f 642/642/642 626/626/626 643/643/643
f 626/626/626 627/627/627 643/643/643
f 643/643/643 627/627/627 644/644/644
f 627/627/627 628/628/628 644/644/644
f 644/644/644 628/628/628 645/645/645
f 628/628/628 629/629/629 645/645/645
f 645/645/645 629/629/629 646/646/646
f 630/630/630 631/631/631 647/647/647
f 647/647/647 631/631/631 648/648/648
f 631/631/631 632/632/632 648/648/648
f 648/648/648 632/632/632 649/649/649
f 632/632/632 633/633/633 649/649/649
f 649/649/649 633/633/633 650/650/650
f 633/633/633 634/634/634 650/650/650
f 650/650/650 634/634/634 651/651/651
f 634/634/634 635/635/635 651/651/651
f 651/651/651 635/635/635 652/652/652
f 635/635/635 636/636/636 652/652/652
f 652/652/652 636/636/636 653/653/653
f 636/636/636 637/637/637 653/653/653
f 653/653/653 637/637/637 654/654/654
f 637/637/637 638/638/638 654/654/654
f 654/654/654 638/638/638 655/655/655
f 638/638/638 639/639/639 655/655/655
f 655/655/655 639/639/639 656/656/656
f 639/639/639 640/640/640 656/656/656
f 656/656/656 640/640/640 657/657/657
f 640/640/640 641/641/641 657/657/657
f 657/657/657 641/641/641 658/658/658
f 641/641/641 642/642/642 658/658/658
f 658/658/658 642/642/642 659/659/659
f 642/642/642 643/643/643 659/659/659
f 659/659/659 643/643/643 660/660/660
f 643/643/643 644/644/644 660/660/660
f 660/660/660 644/644/644 661/661/661
f 644/644/644 645/645/645 661/661/661
f 661/661/661 645/645/645 662/662/662
f 645/645/645 646/646/646 662/662/662
f 662/662/662 646/646/646 663/663/663
f 647/647/647 648/648/648 664/664/664
f 664/664/664 648/648/648 665/665/665
f 648/648/648 649/649/649 665/665/665
f 665/665/665 649/649/649 666/666/666
f 649/649/649 650/650/650 666/666/666
f 666/666/666 650/650/650 667/667/667
f 650/650/650 651/651/651 667/667/667
f 667/667/667 651/651/651 668/668/668
f 651/651/651 652/652/652 668/668/668
f 668/668/668 652/652/652 669/669/669
f 652/652/652 653/653/653 669/669/669
f 669/669/669 653/653/653 670/670/670
f 653/653/653 654/654/654 670/670/670
f 670/670/670 654/654/654 671/671/671
f 654/654/654 655/655/655 671/671/671
f 671/671/671 655/655/655 672/672/672
f 655/655/655 656/656/656 672/672/672
f 672/672/672 656/656/656 673/673/673
f 656/656/656 657/657/657 673/673/673
f 673/673/673 657/657/657 674/674/674
f 657/657/657 658/658/658 674/674/674
f 674/674/674 658/658/658 675/675/675
f 658/658/658 659/659/659 675/675/675
f 675/675/675 659/659/659 676/676/676
f 659/659/659 660/660/660 676/676/676
f 676/676/676 660/660/660 677/677/677
f 660/660/660 661/661/661 677/677/677
f 677/677/677 661/661/661 678/678/678
f 661/661/661 662/662/662 678/678/678
f 678/678/678 662/662/662 679/679/679
f 662/662/662 663/663/663 679/679/679
f 679/679/679 663/663/663 680/680/680
f 664/664/664 665/665/665 681/681/681
f 681/681/681 665/665/665 682/682/682
f 665/665/665 666/666/666 682/682/682
f 682/682/682 666/666/666 683/683/683
f 666/666/666 667/667/667 683/683/683
f 683/683/683 667/667/667 684/684/684
f 667/667/667 668/668/668 684/684/684
f 684/684/684 668/668/668 685/685/685
f 668/668/668 669/669/669 685/685/685
f 685/685/685 669/669/669 686/686/686
f 669/669/669 670/670/670 686/686/686
f 686/686/686 670/670/670 687/687/687
f 670/670/670 671/671/671 687/687/687
f 687/687/687 671/671/671 688/688/688
f 671/671/671 672/672/672 688/688/688
f 688/688/688 672/672/672 689/689/689
f 672/672/672 673/673/673 689/689/689
f 689/689/689 673/673/673 690/690/690
f 673/673/673 674/674/674 690/690/690
f 690/690/690 674/674/674 691/691/691
f 674/674/674 675/675/675 691/691/691
f 691/691/691 675/675/675 692/692/692
f 675/675/675 676/676/676 692/692/692
f 692/692/692 676/676/676 693/693/693
f 676/676/676 677/677/677 693/693/693
f 693/693/693 677/677/677 694/694/694
f 677/677/677 678/678/678 694/694/694
f 694/694/694 678/678/678 695/695/695
f 678/678/678 679/679/679 695/695/695
f 695/695/695 679/679/679 696/696/696
f 679/679/679 680/680/680 696/696/696
f 696/696/696 680/680/680 697/697/697
f 681/681/681 682/682/682 698/698/698
f 698/698/698 682/682/682 699/699/699
f 682/682/682 683/683/683 699/699/699
f 699/699/699 683/683/683 700/700/700
f 683/683/683 684/684/684 700/700/700
f 700/700/700 684/684/684 701/701/701
f 684/684/684 685/685/685 701/701/701
f 701/701/701 685/685/685 702/702/702
f 685/685/685 686/686/686 702/702/702
f 702/702/702 686/686/686 703/703/703
f 686/686/686 687/687/687 703/703/703
f 703/703/703 687/687/687 704/704/704
f 687/687/687 688/688/688 704/704/704
f 704/704/704 688/688/688 705/705/705
f 688/688/688 689/689/689 705/705/705
f 705/705/705 689/689/689 706/706/706
f 689/689/689 690/690/690 706/706/706
f 706/706/706 690/690/690 707/707/707
f 690/690/690 691/691/691 707/707/707
f 707/707/707 691/691/691 708/708/708
f 691/691/691 692/692/692 708/708/708
f 708/708/708 692/692/692 709/709/709
f 692/692/692 693/693/693 709/709/709
f 709/709/709 693/693/693 710/710/710
f 693/693/693 694/694/694 710/710/710
f 710/710/710 694/694/694 711/711/711
f 694/694/694 695/695/695 711/711/711
f 711/711/711 695/695/695 712/712/712
f 695/695/695 696/696/696 712/712/712
f 712/712/712 696/696/696 713/713/713
f 696/696/696 697/697/697 713/713/713
f 713/713/713 697/697/697 714/714/714
f 698/698/698 699/699/699 715/715/715
f 715/715/715 699/699/699 716/716/716
f 699/699/699 700/700/700 716/716/716
f 716/716/716 700/700/700 717/717/717
f 700/700/700 701/701/701 717/717/717
f 717/717/717 701/701/701 718/718/718
f 701/701/701 702/702/702 718/718/718
f 718/718/718 702/702/702 719/719/719
f 702/702/702 703/703/703 719/719/719
f 719/719/719 703/703/703 720/720/720
f 703/703/703 704/704/704 720/720/720
f 720/720/720 704/704/704 721/721/721
f 704/704/704 705/705/705 721/721/721
f 721/721/721 705/705/705 722/722/722
f 705/705/705 706/706/706 722/722/722
f 722/722/722 706/706/706 723/723/723
f 706/706/706 707/707/707 723/723/723
f 723/723/723 707/707/707 724/724/724
f 707/707/707 708/708/708 724/724/724
f 724/724/724 708/708/708 725/725/725
f 708/708/708 709/709/709 725/725/725
f 725/725/725 709/709/709 726/726/726
f 709/709/709 710/710/710 726/726/726
f 726/726/726 710/710/710 727/727/727
f 710/710/710 711/711/711 727/727/727
f 727/727/727 711/711/711 728/728/728
f 711/711/711 712/712/712 728/728/728
f 728/728/728 712/712/712 729/729/729
f 712/712/712 713/713/713 729/729/729
f 729/729/729 713/713/713 730/730/730
f 713/713/713 714/714/714 730/730/730
f 730/730/730 714/714/714 731/731/731
f 715/715/715 716/716/716 732/732/732
f 732/732/732 716/716/716 733/733/733
f 716/716/716 717/717/717 733/733/733
f 733/733/733 717/717/717 734/734/734
f 717/717/717 718/718/718 734/734/734
f 734/734/734 718/718/718 735/735/735
f 718/718/718 719/719/719 735/735/735
f 735/735/735 719/719/719 736/736/736
f 719/719/719 720/720/720 736/736/736
f 736/736/736 720/720/720 737/737/737
f 720/720/720 721/721/721 737/737/737
f 737/737/737 721/721/721 738/738/738
f 721/721/721 722/722/722 738/738/738
f 738/738/738 722/722/722 739/739/739
f 722/722/722 723/723/723 739/739/739
f 739/739/739 723/723/723 740/740/740
f 723/723/723 724/724/724 740/740/740
f 740/740/740 724/724/724 741/741/741
f 724/724/724 725/725/725 741/741/741
f 741/741/741 725/725/725 742/742/742
f 725/725/725 726/726/726 742/742/742
f 742/742/742 726/726/726 743/743/743
f 726/726/726 727/727/727 743/743/743
f 743/743/743 727/727/727 744/744/744
f 727/727/727 728/728/728 744/744/744
f 744/744/744 728/728/728 745/745/745
f 728/728/728 729/729/729 745/745/745
f 745/745/745 729/729/729 746/746/746
f 729/729/729 730/730/730 746/746/746
f 746/746/746 730/730/730 747/747/747
f 730/730/730 731/731/731 747/747/747
f 747/747/747 731/731/731 748/748/748
f 732/732/732 733/733/733 749/749/749
f 749/749/749 733/733/733 750/750/750
f 733/733/733 734/734/734 750/750/750
f 750/750/750 734/734/734 751/751/751
f 734/734/734 735/735/735 751/751/751
f 751/751/751 735/735/735 752/752/752
f 735/735/735 736/736/736 752/752/752
f 752/752/752 736/736/736 753/753/753
f 736/736/736 737/737/737 753/753/753
f 753/753/753 737/737/737 754/754/754
f 737/737/737 738/738/738 754/754/754
f 754/754/754 738/738/738 755/755/755
f 738/738/738 739/739/739 755/755/755
f 755/755/755 739/739/739 756/756/756
f 739/739/739 740/740/740 756/756/756
f 756/756/756 740/740/740 757/757/757
f 740/740/740 741/741/741 757/757/757
f 757/757/757 741/741/741 758/758/758
f 741/741/741 742/742/742 758/758/758
f 758/758/758 742/742/742 759/759/759
f 742/742/742 743/743/743 759/759/759
f 759/759/759 743/743/743 760/760/760
f 743/743/743 744/744/744 760/760/760
f 760/760/760 744/744/744 761/761/761
f 744/744/744 745/745/745 761/761/761
f 761/761/761 745/745/745 762/762/762
f 745/745/745 746/746/746 762/762/762
f 762/762/762 746/746/746 763/763/763
f 746/746/746 747/747/747 763/763/763
f 763/763/763 747/747/747 764/764/764
f 747/747/747 748/748/748 764/764/764
f 764/764/764 748/748/748 765/765/765
f 749/749/749 750/750/750 766/766/766
f 766/766/766 750/750/750 767/767/767
f 750/750/750 751/751/751 767/767/767
f 767/767/767 751/751/751 768/768/768
f 751/751/751 752/752/752 768/768/768
f 768/768/768 752/752/752 769/769/769
f 752/752/752 753/753/753 769/769/769
f 769/769/769 753/753/753 770/770/770
f 753/753/753 754/754/754 770/770/770
f 770/770/770 754/754/754 771/771/771
f 754/754/754 755/755/755 771/771/771
f 771/771/771 755/755/755 772/772/772
f 755/755/755 756/756/756 772/772/772
f 772/772/772 756/756/756 773/773/773
f 756/756/756 757/757/757 773/773/773
f 773/773/773 757/757/757 774/774/774
f 757/757/757 758/758/758 774/774/774
f 774/774/774 758/758/758 775/775/775
f 758/758/758 759/759/759 775/775/775
f 775/775/775 759/759/759 776/776/776
f 759/759/759 760/760/760 776/776/776
f 776/776/776 760/760/760 777/777/777
f 760/760/760 761/761/761 777/777/777
f 777/777/777 761/761/761 778/778/778
f 761/761/761 762/762/762 778/778/778
f 778/778/778 762/762/762 779/779/779
f 762/762/762 763/763/763 779/779/779
f 779/779/779 763/763/763 780/780/780
f 763/763/763 764/764/764 780/780/780
f 780/780/780 764/764/764 781/781/781
f 764/764/764 765/765/765 781/781/781
f 781/781/781 765/765/765 782/782/782
f 766/766/766 767/767/767 783/783/783
f 783/783/783 767/767/767 784/784/784
f 767/767/767 768/768/768 784/784/784
f 784/784/784 768/768/768 785/785/785
f 768/768/768 769/769/769 785/785/785
f 785/785/785 769/769/769 786/786/786
f 769/769/769 770/770/770 786/786/786
f 786/786/786 770/770/770 787/787/787
f 770/770/770 771/771/771 787/787/787
f 787/787/787 771/771/771 788/788/788
f 771/771/771 772/772/772 788/788/788
f 788/788/788 772/772/772 789/789/789
f 772/772/772 773/773/773 789/789/789
f 789/789/789 773/773/773 790/790/790
f 773/773/773 774/774/774 790/790/790
f 790/790/790 774/774/774 791/791/791
f 774/774/774 775/775/775 791/791/791
f 791/791/791 775/775/775 792/792/792
f 775/775/775 776/776/776 792/792/792
f 792/792/792 776/776/776 793/793/793
f 776/776/776 777/777/777 793/793/793
f 793/793/793 777/777/777 794/794/794
f 777/777/777 778/778/778 794/794/794
f 794/794/794 778/778/778 795/795/795
f 778/778/778 779/779/779 795/795/795
f 795/795/795 779/779/779 796/796/796
f 779/779/779 780/780/780 796/796/796
f 796/796/796 780/780/780 797/797/797
f 780/780/780 781/781/781 797/797/797
f 797/797/797 781/781/781 798/798/798
f 781/781/781 782/782/782 798/798/798
f 798/798/798 782/782/782 799/799/799
f 783/783/783 784/784/784 800/800/800
f 800/800/800 784/784/784 801/801/801
f 784/784/784 785/785/785 801/801/801
f 801/801/801 785/785/785 802/802/802
f 785/785/785 786/786/786 802/802/802
f 802/802/802 786/786/786 803/803/803
f 786/786/786 787/787/787 803/803/803
f 803/803/803 787/787/787 804/804/804
f 787/787/787 788/788/788 804/804/804
f 804/804/804 788/788/788 805/805/805
f 788/788/788 789/789/789 805/805/805
f 805/805/805 789/789/789 806/806/806
f 789/789/789 790/790/790 806/806/806
f 806/806/806 790/790/790 807/807/807
f 790/790/790 791/791/791 807/807/807
f 807/807/807 791/791/791 808/808/808
f 791/791/791 792/792/792 808/808/808
f 808/808/808 792/792/792 809/809/809
f 792/792/792 793/793/793 809/809/809
f 809/809/809 793/793/793 810/810/810
f 793/793/793 794/794/794 810/810/810
f 810/810/810 794/794/794 811/811/811
f 794/794/794 795/795/795 811/811/811
f 811/811/811 795/795/795 812/812/812
f 795/795/795 796/796/796 812/812/812
f 812/812/812 796/796/796 813/813/813
f 796/796/796 797/797/797 813/813/813
f 813/813/813 797/797/797 814/814/814
f 797/797/797 798/798/798 814/814/814
f 814/814/814 798/798/798 815/815/815
f 798/798/798 799/799/799 815/815/815
f 815/815/815 799/799/799 816/816/816
f 800/800/800 801/801/801 817/817/817
f 817/817/817 801/801/801 818/818/818
f 801/801/801 802/802/802 818/818/818
f 818/818/818 802/802/802 819/819/819
f 802/802/802 803/803/803 819/819/819
f 819/819/819 803/803/803 820/820/820
f 803/803/803 804/804/804 820/820/820
f 820/820/820 804/804/804 821/821/821
f 804/804/804 805/805/805 821/821/821
f 821/821/821 805/805/805 822/822/822
f 805/805/805 806/806/806 822/822/822
f 822/822/822 806/806/806 823/823/823
f 806/806/806 807/807/807 823/823/823
f 823/823/823 807/807/807 824/824/824
f 807/807/807 808/808/808 824/824/824
f 824/824/824 808/808/808 825/825/825
f 808/808/808 809/809/809 825/825/825
f 825/825/825 809/809/809 826/826/826
f 809/809/809 810/810/810 826/826/826
f 826/826/826 810/810/810 827/827/827
f 810/810/810 811/811/811 827/827/827
f 827/827/827 811/811/811 828/828/828
f 811/811/811 812/812/812 828/828/828
f 828/828/828 812/812/812 829/829/829
f 812/812/812 813/813/813 829/829/829
f 829/829/829 813/813/813 830/830/830
f 813/813/813 814/814/814 830/830/830
f 830/830/830 814/814/814 831/831/831
f 814/814/814 815/815/815 831/831/831
f 831/831/831 815/815/815 832/832/832
f 815/815/815 816/816/816 832/832/832
f 832/832/832 816/816/816 833/833/833
f 817/817/817 818/818/818 834/834/834
f 834/834/834 818/818/818 835/835/835
f 818/818/818 819/819/819 835/835/835
f 835/835/835 819/819/819 836/836/836
f 819/819/819 820/820/820 836/836/836
f 836/836/836 820/820/820 837/837/837
f 820/820/820 821/821/821 837/837/837
f 837/837/837 821/821/821 838/838/838
f 821/821/821 822/822/822 838/838/838
f 838/838/838 822/822/822 839/839/839
f 822/822/822 823/823/823 839/839/839
f 839/839/839 823/823/823 840/840/840
f 823/823/823 824/824/824 840/840/840
f 840/840/840 824/824/824 841/841/841
f 824/824/824 825/825/825 841/841/841
f 841/841/841 825/825/825 842/842/842
f 825/825/825 826/826/826 842/842/842
f 842/842/842 826/826/826 843/843/843
f 826/826/826 827/827/827 843/843/843
f 843/843/843 827/827/827 844/844/844
f 827/827/827 828/828/828 844/844/844
f 844/844/844 828/828/828 845/845/845
f 828/828/828 829/829/829 845/845/845
f 845/845/845 829/829/829 846/846/846
f 829/829/829 830/830/830 846/846/846
f 846/846/846 830/830/830 847/847/847
f 830/830/830 831/831/831 847/847/847
f 847/847/847 831/831/831 848/848/848
f 831/831/831 832/832/832 848/848/848
f 848/848/848 832/832/832 849/849/849
f 832/832/832 833/833/833 849/849/849
f 849/849/849 833/833/833 850/850/850
f 834/834/834 835/835/835 851/851/851
f 851/851/851 835/835/835 852/852/852
f 835/835/835 836/836/836 852/852/852
f 852/852/852 836/836/836 853/853/853
f 836/836/836 837/837/837 853/853/853
f 853/853/853 837/837/837 854/854/854
f 837/837/837 838/838/838 854/854/854
f 854/854/854 838/838/838 855/855/855
f 838/838/838 839/839/839 855/855/855
f 855/855/855 839/839/839 856/856/856
f 839/839/839 840/840/840 856/856/856
f 856/856/856 840/840/840 857/857/857
f 840/840/840 841/841/841 857/857/857
f 857/857/857 841/841/841 858/858/858
f 841/841/841 842/842/842 858/858/858
f 858/858/858 842/842/842 859/859/859
f 842/842/842 843/843/843 859/859/859
f 859/859/859 843/843/843 860/860/860
f 843/843/843 844/844/844 860/860/860
f 860/860/860 844/844/844 861/861/861
f 844/844/844 845/845/845 861/861/861
f 861/861/861 845/845/845 862/862/862
f 845/845/845 846/846/846 862/862/862
f 862/862/862 846/846/846 863/863/863
f 846/846/846 847/847/847 863/863/863
f 863/863/863 847/847/847 864/864/864
f 847/847/847 848/848/848 864/864/864
f 864/864/864 848/848/848 865/865/865
f 848/848/848 849/849/849 865/865/865
f 865/865/865 849/849/849 866/866/866
f 849/849/849 850/850/850 866/866/866
f 866/866/866 850/850/850 867/867/867
f 851/851/851 852/852/852 868/868/868
f 868/868/868 852/852/852 869/869/869
f 852/852/852 853/853/853 869/869/869
f 869/869/869 853/853/853 870/870/870
f 853/853/853 854/854/854 870/870/870
f 870/870/870 854/854/854 871/871/871
f 854/854/854 855/855/855 871/871/871
f 871/871/871 855/855/855 872/872/872
f 855/855/855 856/856/856 872/872/872
f 872/872/872 856/856/856 873/873/873
f 856/856/856 857/857/857 873/873/873
f 873/873/873 857/857/857 874/874/874
f 857/857/857 858/858/858 874/874/874
f 874/874/874 858/858/858 875/875/875
f 858/858/858 859/859/859 875/875/875
f 875/875/875 859/859/859 876/876/876
f 859/859/859 860/860/860 876/876/876
f 876/876/876 860/860/860 877/877/877
f 860/860/860 861/861/861 877/877/877
f 877/877/877 861/861/861 878/878/878
f 861/861/861 862/862/862 878/878/878
f 878/878/878 862/862/862 879/879/879
f 862/862/862 863/863/863 879/879/879
f 879/879/879 863/863/863 880/880/880
f 863/863/863 864/864/864 880/880/880
f 880/880/880 864/864/864 881/881/881
f 864/864/864 865/865/865 881/881/881
f 881/881/881 865/865/865 882/882/882
f 865/865/865 866/866/866 882/882/882
f 882/882/882 866/866/866 883/883/883
f 866/866/866 867/867/867 883/883/883
f 883/883/883 867/867/867 884/884/884
f 868/868/868 869/869/869 885/885/885
f 885/885/885 869/869/869 886/886/886
f 869/869/869 870/870/870 886/886/886
f 886/886/886 870/870/870 887/887/887
f 870/870/870 871/871/871 887/887/887
f 887/887/887 871/871/871 888/888/888
f 871/871/871 872/872/872 888/888/888
f 888/888/888 872/872/872 889/889/889
f 872/872/872 873/873/873 889/889/889
f 889/889/889 873/873/873 890/890/890
f 873/873/873 874/874/874 890/890/890
f 890/890/890 874/874/874 891/891/891
f 874/874/874 875/875/875 891/891/891
f 891/891/891 875/875/875 892/892/892
f 875/875/875 876/876/876 892/892/892
f 892/892/892 876/876/876 893/893/893
f 876/876/876 877/877/877 893/893/893
f 893/893/893 877/877/877 894/894/894
f 877/877/877 878/878/878 894/894/894
f 894/894/894 878/878/878 895/895/895
f 878/878/878 879/879/879 895/895/895
f 895/895/895 879/879/879 896/896/896
f 879/879/879 880/880/880 896/896/896
f 896/896/896 880/880/880 897/897/897
f 880/880/880 881/881/881 897/897/897
f 897/897/897 881/881/881 898/898/898
f 881/881/881 882/882/882 898/898/898
f 898/898/898 882/882/882 899/899/899
f 882/882/882 883/883/883 899/899/899
f 899/899/899 883/883/883 900/900/900
f 883/883/883 884/884/884 900/900/900
f 900/900/900 884/884/884 901/901/901
f 885/885/885 886/886/886 902/902/902
f 902/902/902 886/886/886 903/903/903
f 886/886/886 887/887/887 903/903/903
f 903/903/903 887/887/887 904/904/904
f 887/887/887 888/888/888 904/904/904
f 904/904/904 888/888/888 905/905/905
f 888/888/888 889/889/889 905/905/905
f 905/905/905 889/889/889 906/906/906
f 889/889/889 890/890/890 906/906/906
f 906/906/906 890/890/890 907/907/907
f 890/890/890 891/891/891 907/907/907
f 907/907/907 891/891/891 908/908/908
f 891/891/891 892/892/892 908/908/908
f 908/908/908 892/892/892 909/909/909
f 892/892/892 893/893/893 909/909/909
f 909/909/909 893/893/893 910/910/910
f 893/893/893 894/894/894 910/910/910
f 910/910/910 894/894/894 911/911/911
f 894/894/894 895/895/895 911/911/911
f 911/911/911 895/895/895 912/912/912
f 895/895/895 896/896/896 912/912/912
f 912/912/912 896/896/896 913/913/913
f 896/896/896 897/897/897 913/913/913
f 913/913/913 897/897/897 914/914/914
f 897/897/897 898/898/898 914/914/914
f 914/914/914 898/898/898 915/915/915
f 898/898/898 899/899/899 915/915/915
f 915/915/915 899/899/899 916/916/916
f 899/899/899 900/900/900 916/916/916
f 916/916/916 900/900/900 917/917/917
f 900/900/900 901/901/901 917/917/917
f 917/917/917 901/901/901 918/918/918
f 902/902/902 903/903/903 919/919/919
f 919/919/919 903/903/903 920/920/920
f 903/903/903 904/904/904 920/920/920
f 920/920/920 904/904/904 921/921/921
f 904/904/904 905/905/905 921/921/921
f 921/921/921 905/905/905 922/922/922
f 905/905/905 906/906/906 922/922/922
f 922/922/922 906/906/906 923/923/923
f 906/906/906 907/907/907 923/923/923
f 923/923/923 907/907/907 924/924/924
f 907/907/907 908/908/908 924/924/924
f 924/924/924 908/908/908 925/925/925
f 908/908/908 909/909/909 925/925/925
f 925/925/925 909/909/909 926/926/926
f 909/909/909 910/910/910 926/926/926
f 926/926/926 910/910/910 927/927/927
f 910/910/910 911/911/911 927/927/927
f 927/927/927 911/911/911 928/928/928
f 911/911/911 912/912/912 928/928/928
f 928/928/928 912/912/912 929/929/929
f 912/912/912 913/913/913 929/929/929
f 929/929/929 913/913/913 930/930/930
f 913/913/913 914/914/914 930/930/930
f 930/930/930 914/914/914 931/931/931
f 914/914/914 915/915/915 931/931/931
f 931/931/931 915/915/915 932/932/932
f 915/915/915 916/916/916 932/932/932
f 932/932/932 916/916/916 933/933/933
f 916/916/916 917/917/917 933/933/933
f 933/933/933 917/917/917 934/934/934
f 917/917/917 918/918/918 934/934/934
f 934/934/934 918/918/918 935/935/935
f 919/919/919 920/920/920 936/936/936
f 936/936/936 920/920/920 937/937/937
f 920/920/920 921/921/921 937/937/937
f 937/937/937 921/921/921 938/938/938
f 921/921/921 922/922/922 938/938/938
f 938/938/938 922/922/922 939/939/939
f 922/922/922 923/923/923 939/939/939
f 939/939/939 923/923/923 940/940/940
f 923/923/923 924/924/924 940/940/940
f 940/940/940 924/924/924 941/941/941
f 924/924/924 925/925/925 941/941/941
f 941/941/941 925/925/925 942/942/942
f 925/925/925 926/926/926 942/942/942
f 942/942/942 926/926/926 943/943/943
f 926/926/926 927/927/927 943/943/943
f 943/943/943 927/927/927 944/944/944
f 927/927/927 928/928/928 944/944/944
f 944/944/944 928/928/928 945/945/945
f 928/928/928 929/929/929 945/945/945
f 945/945/945 929/929/929 946/946/946
f 929/929/929 930/930/930 946/946/946
f 946/946/946 930/930/930 947/947/947
f 930/930/930 931/931/931 947/947/947
f 947/947/947 931/931/931 948/948/948
f 931/931/931 932/932/932 948/948/948
f 948/948/948 932/932/932 949/949/949
f 932/932/932 933/933/933 949/949/949
f 949/949/949 933/933/933 950/950/950
f 933/933/933 934/934/934 950/950/950
f 950/950/950 934/934/934 951/951/951
f 934/934/934 935/935/935 951/951/951
f 951/951/951 935/935/935 952/952/952
f 936/936/936 937/937/937 953/953/953
f 953/953/953 937/937/937 954/954/954
f 937/937/937 938/938/938 954/954/954
f 954/954/954 938/938/938 955/955/955
f 938/938/938 939/939/939 955/955/955
f 955/955/955 939/939/939 956/956/956
f 939/939/939 940/940/940 956/956/956
f 956/956/956 940/940/940 957/957/957
f 940/940/940 941/941/941 957/957/957
f 957/957/957 941/941/941 958/958/958
f 941/941/941 942/942/942 958/958/958
f 958/958/958 942/942/942 959/959/959
f 942/942/942 943/943/943 959/959/959
f 959/959/959 943/943/943 960/960/960
f 943/943/943 944/944/944 960/960/960
f 960/960/960 944/944/944 961/961/961
f 944/944/944 945/945/945 961/961/961
f 961/961/961 945/945/945 962/962/962
f 945/945/945 946/946/946 962/962/962
f 962/962/962 946/946/946 963/963/963
f 946/946/946 947/947/947 963/963/963
f 963/963/963 947/947/947 964/964/964
f 947/947/947 948/948/948 964/964/964
f 964/964/964 948/948/948 965/965/965
f 948/948/948 949/949/949 965/965/965
f 965/965/965 949/949/949 966/966/966
f 949/949/949 950/950/950 966/966/966
f 966/966/966 950/950/950 967/967/967
f 950/950/950 951/951/951 967/967/967
f 967/967/967 951/951/951 968/968/968
f 951/951/951 952/952/952 968/968/968
f 968/968/968 952/952/952 969/969/969
f 953/953/953 954/954/954 970/970/970
f 970/970/970 954/954/954 971/971/971
f 954/954/954 955/955/955 971/971/971
f 971/971/971 955/955/955 972/972/972
f 955/955/955 956/956/956 972/972/972
f 972/972/972 956/956/956 973/973/973
f 956/956/956 957/957/957 973/973/973
f 973/973/973 957/957/957 974/974/974
f 957/957/957 958/958/958 974/974/974
f 974/974/974 958/958/958 975/975/975
f 958/958/958 959/959/959 975/975/975
f 975/975/975 959/959/959 976/976/976
f 959/959/959 960/960/960 976/976/976
f 976/976/976 960/960/960 977/977/977
f 960/960/960 961/961/961 977/977/977
f 977/977/977 961/961/961 978/978/978
f 961/961/961 962/962/962 978/978/978
f 978/978/978 962/962/962 979/979/979
f 962/962/962 963/963/963 979/979/979
f 979/979/979 963/963/963 980/980/980
f 963/963/963 964/964/964 980/980/980
f 980/980/980 964/964/964 981/981/981
f 964/964/964 965/965/965 981/981/981
f 981/981/981 965/965/965 982/982/982
f 965/965/965 966/966/966 982/982/982
f 982/982/982 966/966/966 983/983/983
f 966/966/966 967/967/967 983/983/983
f 983/983/983 967/967/967 984/984/984
f 967/967/967 968/968/968 984/984/984
f 984/984/984 968/968/968 985/985/985
f 968/968/968 969/969/969 985/985/985
f 985/985/985 969/969/969 986/986/986
f 970/970/970 971/971/971 987/987/987
f 987/987/987 971/971/971 988/988/988
f 971/971/971 972/972/972 988/988/988
f 988/988/988 972/972/972 989/989/989
f 972/972/972 973/973/973 989/989/989
f 989/989/989 973/973/973 990/990/990
f 973/973/973 974/974/974 990/990/990
f 990/990/990 974/974/974 991/991/991
f 974/974/974 975/975/975 991/991/991
f 991/991/991 975/975/975 992/992/992
f 975/975/975 976/976/976 992/992/992
f 992/992/992 976/976/976 993/993/993
f 976/976/976 977/977/977 993/993/993
f 993/993/993 977/977/977 994/994/994
f 977/977/977 978/978/978 994/994/994
f 994/994/994 978/978/978 995/995/995
f 978/978/978 979/979/979 995/995/995
f 995/995/995 979/979/979 996/996/996
f 979/979/979 980/980/980 996/996/996
f 996/996/996 980/980/980 997/997/997
f 980/980/980 981/981/981 997/997/997
f 997/997/997 981/981/981 998/998/998
f 981/981/981 982/982/982 998/998/998
f 998/998/998 982/982/982 999/999/999
f 982/982/982 983/983/983 999/999/999
f 999/999/999 983/983/983 1000/1000/1000
f 983/983/983 984/984/984 1000/1000/1000
f 1000/1000/1000 984/984/984 1001/1001/1001
f 984/984/984 985/985/985 1001/1001/1001
f 1001/1001/1001 985/985/985 1002/1002/1002
f 985/985/985 986/986/986 1002/1002/1002
f 1002/1002/1002 986/986/986 1003/1003/1003
f 987/987/987 988/988/988 1004/1004/1004
f 1004/1004/1004 988/988/988 1005/1005/1005
f 988/988/988 989/989/989 1005/1005/1005
f 1005/1005/1005 989/989/989 1006/1006/1006
f 989/989/989 990/990/990 1006/1006/1006
f 1006/1006/1006 990/990/990 1007/1007/1007
f 990/990/990 991/991/991 1007/1007/1007
f 1007/1007/1007 991/991/991 1008/1008/1008
f 991/991/991 992/992/992 1008/1008/1008
f 1008/1008/1008 992/992/992 1009/1009/1009
f 992/992/992 993/993/993 1009/1009/1009
f 1009/1009/1009 993/993/993 1010/1010/1010
f 993/993/993 994/994/994 1010/1010/1010
f 1010/1010/1010 994/994/994 1011/1011/1011
f 994/994/994 995/995/995 1011/1011/1011
f 1011/1011/1011 995/995/995 1012/1012/1012
f 995/995/995 996/996/996 1012/1012/1012
f 1012/1012/1012 996/996/996 1013/1013/1013
f 996/996/996 997/997/997 1013/1013/1013
f 1013/1013/1013 997/997/997 1014/1014/1014
f 997/997/997 998/998/998 1014/1014/1014
f 1014/1014/1014 998/998/998 1015/1015/1015
f 998/998/998 999/999/999 1015/1015/1015
f 1015/1015/1015 999/999/999 1016/1016/1016
f 999/999/999 1000/1000/1000 1016/1016/1016
f 1016/1016/1016 1000/1000/1000 1017/1017/1017
f 1000/1000/1000 1001/1001/1001 1017/1017/1017
f 1017/1017/1017 1001/1001/1001 1018/1018/1018
f 1001/1001/1001 1002/1002/1002 1018/1018/1018
f 1018/1018/1018 1002/1002/1002 1019/1019/1019
f 1002/1002/1002 1003/1003/1003 1019/1019/1019
f 1019/1019/1019 1003/1003/1003 1020/1020/1020
f 1004/1004/1004 1005/1005/1005 1021/1021/1021
f 1021/1021/1021 1005/1005/1005 1022/1022/1022
f 1005/1005/1005 1006/1006/1006 1022/1022/1022
f 1022/1022/1022 1006/1006/1006 1023/1023/1023
f 1006/1006/1006 1007/1007/1007 1023/1023/1023
f 1023/1023/1023 1007/1007/1007 1024/1024/1024
f 1007/1007/1007 1008/1008/1008 1024/1024/1024
f 1024/1024/1024 1008/1008/1008 1025/1025/1025
f 1008/1008/1008 1009/1009/1009 1025/1025/1025
f 1025/1025/1025 1009/1009/1009 1026/1026/1026
f 1009/1009/1009 1010/1010/1010 1026/1026/1026
f 1026/1026/1026 1010/1010/1010 1027/1027/1027
f 1010/1010/1010 1011/1011/1011 1027/1027/1027
f 1027/1027/1027 1011/1011/1011 1028/1028/1028
f 1011/1011/1011 1012/1012/1012 1028/1028/1028
f 1028/1028/1028 1012/1012/1012 1029/1029/1029
f 1012/1012/1012 1013/1013/1013 1029/1029/1029
f 1029/1029/1029 1013/1013/1013 1030/1030/1030
f 1013/1013/1013 1014/1014/1014 1030/1030/1030
f 1030/1030/1030 1014/1014/1014 1031/1031/1031
f 1014/1014/1014 1015/1015/1015 1031/1031/1031
f 1031/1031/1031 1015/1015/1015 1032/1032/1032
f 1015/1015/1015 1016/1016/1016 1032/1032/1032
f 1032/1032/1032 1016/1016/1016 1033/1033/1033
f 1016/1016/1016 1017/1017/1017 1033/1033/1033
f 1033/1033/1033 1017/1017/1017 1034/1034/1034
f 1017/1017/1017 1018/1018/1018 1034/1034/1034
f 1034/1034/1034 1018/1018/1018 1035/1035/1035
f 1018/1018/1018 1019/1019/1019 1035/1035/1035
f 1035/1035/1035 1019/1019/1019 1036/1036/1036
f 1019/1019/1019 1020/1020/1020 1036/1036/1036
f 1036/1036/1036 1020/1020/1020 1037/1037/1037
f 1021/1021/1021 1022/1022/1022 1038/1038/1038
f 1038/1038/1038 1022/1022/1022 1039/1039/1039
f 1022/1022/1022 1023/1023/1023 1039/1039/1039
f 1039/1039/1039 1023/1023/1023 1040/1040/1040
f 1023/1023/1023 1024/1024/1024 1040/1040/1040
f 1040/1040/1040 1024/1024/1024 1041/1041/1041
f 1024/1024/1024 1025/1025/1025 1041/1041/1041
f 1041/1041/1041 1025/1025/1025 1042/1042/1042
f 1025/1025/1025 1026/1026/1026 1042/1042/1042
f 1042/1042/1042 1026/1026/1026 1043/1043/1043
f 1026/1026/1026 1027/1027/1027 1043/1043/1043
f 1043/1043/1043 1027/1027/1027 1044/1044/1044
f 1027/1027/1027 1028/1028/1028 1044/1044/1044
f 1044/1044/1044 1028/1028/1028 1045/1045/1045
f 1028/1028/1028 1029/1029/1029 1045/1045/1045
f 1045/1045/1045 1029/1029/1029 1046/1046/1046
f 1029/1029/1029 1030/1030/1030 1046/1046/1046
f 1046/1046/1046 1030/1030/1030 1047/1047/1047
f 1030/1030/1030 1031/1031/1031 1047/1047/1047
f 1047/1047/1047 1031/1031/1031 1048/1048/1048
f 1031/1031/1031 1032/1032/1032 1048/1048/1048
f 1048/1048/1048 1032/1032/1032 1049/1049/1049
f 1032/1032/1032 1033/1033/1033 1049/1049/1049
f 1049/1049/1049 1033/1033/1033 1050/1050/1050
f 1033/1033/1033 1034/1034/1034 1050/1050/1050
f 1050/1050/1050 1034/1034/1034 1051/1051/1051
f 1034/1034/1034 1035/1035/1035 1051/1051/1051
f 1051/1051/1051 1035/1035/1035 1052/1052/1052
f 1035/1035/1035 1036/1036/1036 1052/1052/1052
f 1052/1052/1052 1036/1036/1036 1053/1053/1053
f 1036/1036/1036 1037/1037/1037 1053/1053/1053
f 1053/1053/1053 1037/1037/1037 1054/1054/1054
f 1038/1038/1038 1039/1039/1039 1055/1055/1055
f 1055/1055/1055 1039/1039/1039 1056/1056/1056
f 1039/1039/1039 1040/1040/1040 1056/1056/1056
f 1056/1056/1056 1040/1040/1040 1057/1057/1057
f 1040/1040/1040 1041/1041/1041 1057/1057/1057
f 1057/1057/1057 1041/1041/1041 1058/1058/1058
f 1041/1041/1041 1042/1042/1042 1058/1058/1058
f 1058/1058/1058 1042/1042/1042 1059/1059/1059
f 1042/1042/1042 1043/1043/1043 1059/1059/1059
f 1059/1059/1059 1043/1043/1043 1060/1060/1060
f 1043/1043/1043 1044/1044/1044 1060/1060/1060
f 1060/1060/1060 1044/1044/1044 1061/1061/1061
f 1044/1044/1044 1045/1045/1045 1061/1061/1061
f 1061/1061/1061 1045/1045/1045 1062/1062/1062
f 1045/1045/1045 1046/1046/1046 1062/1062/1062
f 1062/1062/1062 1046/1046/1046 1063/1063/1063
f 1046/1046/1046 1047/1047/1047 1063/1063/1063
f 1063/1063/1063 1047/1047/1047 1064/1064/1064
f 1047/1047/1047 1048/1048/1048 1064/1064/1064
f 1064/1064/1064 1048/1048/1048 1065/1065/1065
f 1048/1048/1048 1049/1049/1049 1065/1065/1065
f 1065/1065/1065 1049/1049/1049 1066/1066/1066
f 1049/1049/1049 1050/1050/1050 1066/1066/1066
f 1066/1066/1066 1050/1050/1050 1067/1067/1067
f 1050/1050/1050 1051/1051/1051 1067/1067/1067
f 1067/1067/1067 1051/1051/1051 1068/1068/1068
f 1051/1051/1051 1052/1052/1052 1068/1068/1068
f 1068/1068/1068 1052/1052/1052 1069/1069/1069
f 1052/1052/1052 1053/1053/1053 1069/1069/1069
f 1069/1069/1069 1053/1053/1053 1070/1070/1070
f 1053/1053/1053 1054/1054/1054 1070/1070/1070
f 1070/1070/1070 1054/1054/1054 1071/1071/1071
f 1055/1055/1055 1056/1056/1056 1072/1072/1072
f 1072/1072/1072 1056/1056/1056 1073/1073/1073
f 1056/1056/1056 1057/1057/1057 1073/1073/1073
f 1073/1073/1073 1057/1057/1057 1074/1074/1074
f 1057/1057/1057 1058/1058/1058 1074/1074/1074
f 1074/1074/1074 1058/1058/1058 1075/1075/1075
f 1058/1058/1058 1059/1059/1059 1075/1075/1075
f 1075/1075/1075 1059/1059/1059 1076/1076/1076
f 1059/1059/1059 1060/1060/1060 1076/1076/1076
f 1076/1076/1076 1060/1060/1060 1077/1077/1077
f 1060/1060/1060 1061/1061/1061 1077/1077/1077
f 1077/1077/1077 1061/1061/1061 1078/1078/1078
f 1061/1061/1061 1062/1062/1062 1078/1078/1078
f 1078/1078/1078 1062/1062/1062 1079/1079/1079
f 1062/1062/1062 1063/1063/1063 1079/1079/1079
f 1079/1079/1079 1063/1063/1063 1080/1080/1080
f 1063/1063/1063 1064/1064/1064 1080/1080/1080
f 1080/1080/1080 1064/1064/1064 1081/1081/1081
f 1064/1064/1064 1065/1065/1065 1081/1081/1081
f 1081/1081/1081 1065/1065/1065 1082/1082/1082
f 1065/1065/1065 1066/1066/1066 1082/1082/1082
f 1082/1082/1082 1066/1066/1066 1083/1083/1083
f 1066/1066/1066 1067/1067/1067 1083/1083/1083
f 1083/1083/1083 1067/1067/1067 1084/1084/1084
f 1067/1067/1067 1068/1068/1068 1084/1084/1084
f 1084/1084/1084 1068/1068/1068 1085/1085/1085
f 1068/1068/1068 1069/1069/1069 1085/1085/1085
f 1085/1085/1085 1069/1069/1069 1086/1086/1086
f 1069/1069/1069 1070/1070/1070 1086/1086/1086
f 1086/1086/1086 1070/1070/1070 1087/1087/1087
f 1070/1070/1070 1071/1071/1071 1087/1087/1087
f 1087/1087/1087 1071/1071/1071 1088/1088/1088
f 1072/1072/1072 1073/1073/1073 1089/1089/1089
f 1089/1089/1089 1073/1073/1073 1090/1090/1090
f 1073/1073/1073 1074/1074/1074 1090/1090/1090
f 1090/1090/1090 1074/1074/1074 1091/1091/1091
f 1074/1074/1074 1075/1075/1075 1091/1091/1091
f 1091/1091/1091 1075/1075/1075 1092/1092/1092
f 1075/1075/1075 1076/1076/1076 1092/1092/1092
f 1092/1092/1092 1076/1076/1076 1093/1093/1093
f 1076/1076/1076 1077/1077/1077 1093/1093/1093
f 1093/1093/1093 1077/1077/1077 1094/1094/1094
f 1077/1077/1077 1078/1078/1078 1094/1094/1094
f 1094/1094/1094 1078/1078/1078 1095/1095/1095
f 1078/1078/1078 1079/1079/1079 1095/1095/1095
f 1095/1095/1095 1079/1079/1079 1096/1096/1096
f 1079/1079/1079 1080/1080/1080 1096/1096/1096
f 1096/1096/1096 1080/1080/1080 1097/1097/1097
f 1080/1080/1080 1081/1081/1081 1097/1097/1097
f 1097/1097/1097 1081/1081/1081 1098/1098/1098
f 1081/1081/1081 1082/1082/1082 1098/1098/1098
f 1098/1098/1098 1082/1082/1082 1099/1099/1099
f 1082/1082/1082 1083/1083/1083 1099/1099/1099
f 1099/1099/1099 1083/1083/1083 1100/1100/1100
f 1083/1083/1083 1084/1084/1084 1100/1100/1100
f 1100/1100/1100 1084/1084/1084 1101/1101/1101
f 1084/1084/1084 1085/1085/1085 1101/1101/1101
f 1101/1101/1101 1085/1085/1085 1102/1102/1102
f 1085/1085/1085 1086/1086/1086 1102/1102/1102
f 1102/1102/1102 1086/1086/1086 1103/1103/1103
f 1086/1086/1086 1087/1087/1087 1103/1103/1103
f 1103/1103/1103 1087/1087/1087 1104/1104/1104
f 1087/1087/1087 1088/1088/1088 1104/1104/1104
f 1104/1104/1104 1088/1088/1088 1105/1105/1105
f 1089/1089/1089 1090/1090/1090 1106/1106/1106
f 1106/1106/1106 1090/1090/1090 1107/1107/1107
f 1090/1090/1090 1091/1091/1091 1107/1107/1107
f 1107/1107/1107 1091/1091/1091 1108/1108/1108
f 1091/1091/1091 1092/1092/1092 1108/1108/1108
f 1108/1108/1108 1092/1092/1092 1109/1109/1109
f 1092/1092/1092 1093/1093/1093 1109/1109/1109
f 1109/1109/1109 1093/1093/1093 1110/1110/1110
f 1093/1093/1093 1094/1094/1094 1110/1110/1110
f 1110/1110/1110 1094/1094/1094 1111/1111/1111
f 1094/1094/1094 1095/1095/1095 1111/1111/1111
f 1111/1111/1111 1095/1095/1095 1112/1112/1112
f 1095/1095/1095 1096/1096/1096 1112/1112/1112
f 1112/1112/1112 1096/1096/1096 1113/1113/1113
f 1096/1096/1096 1097/1097/1097 1113/1113/1113
f 1113/1113/1113 1097/1097/1097 1114/1114/1114
f 1097/1097/1097 1098/1098/1098 1114/1114/1114
f 1114/1114/1114 1098/1098/1098 1115/1115/1115
f 1098/1098/1098 1099/1099/1099 1115/1115/1115
f 1115/1115/1115 1099/1099/1099 1116/1116/1116
f 1099/1099/1099 1100/1100/1100 1116/1116/1116
f 1116/1116/1116 1100/1100/1100 1117/1117/1117
f 1100/1100/1100 1101/1101/1101 1117/1117/1117
f 1117/1117/1117 1101/1101/1101 1118/1118/1118
f 1101/1101/1101 1102/1102/1102 1118/1118/1118
f 1118/1118/1118 1102/1102/1102 1119/1119/1119
f 1102/1102/1102 1103/1103/1103 1119/1119/1119
f 1119/1119/1119 1103/1103/1103 1120/1120/1120
f 1103/1103/1103 1104/1104/1104 1120/1120/1120
f 1120/1120/1120 1104/1104/1104 1121/1121/1121
f 1104/1104/1104 1105/1105/1105 1121/1121/1121
f 1121/1121/1121 1105/1105/1105 1122/1122/1122
f 1106/1106/1106 1107/1107/1107 1123/1123/1123
f 1123/1123/1123 1107/1107/1107 1124/1124/1124
f 1107/1107/1107 1108/1108/1108 1124/1124/1124
f 1124/1124/1124 1108/1108/1108 1125/1125/1125
f 1108/1108/1108 1109/1109/1109 1125/1125/1125
f 1125/1125/1125 1109/1109/1109 1126/1126/1126
f 1109/1109/1109 1110/1110/1110 1126/1126/1126
f 1126/1126/1126 1110/1110/1110 1127/1127/1127
f 1110/1110/1110 1111/1111/1111 1127/1127/1127
f 1127/1127/1127 1111/1111/1111 1128/1128/1128
f 1111/1111/1111 1112/1112/1112 1128/1128/1128
f 1128/1128/1128 1112/1112/1112 1129/1129/1129
f 1112/1112/1112 1113/1113/1113 1129/1129/1129
f 1129/1129/1129 1113/1113/1113 1130/1130/1130
f 1113/1113/1113 1114/1114/1114 1130/1130/1130
f 1130/1130/1130 1114/1114/1114 1131/1131/1131
f 1114/1114/1114 1115/1115/1115 1131/1131/1131
f 1131/1131/1131 1115/1115/1115 1132/1132/1132
f 1115/1115/1115 1116/1116/1116 1132/1132/1132
f 1132/1132/1132 1116/1116/1116 1133/1133/1133
f 1116/1116/1116 1117/1117/1117 1133/1133/1133
f 1133/1133/1133 1117/1117/1117 1134/1134/1134
f 1117/1117/1117 1118/1118/1118 1134/1134/1134
f 1134/1134/1134 1118/1118/1118 1135/1135/1135
f 1118/1118/1118 1119/1119/1119 1135/1135/1135
f 1135/1135/1135 1119/1119/1119 1136/1136/1136
f 1119/1119/1119 1120/1120/1120 1136/1136/1136
f 1136/1136/1136 1120/1120/1120 1137/1137/1137
f 1120/1120/1120 1121/1121/1121 1137/1137/1137
f 1137/1137/1137 1121/1121/1121 1138/1138/1138
f 1121/1121/1121 1122/1122/1122 1138/1138/1138
f 1138/1138/1138 1122/1122/1122 1139/1139/1139
f 1123/1123/1123 1124/1124/1124 1140/1140/1140
f 1140/1140/1140 1124/1124/1124 1141/1141/1141
f 1124/1124/1124 1125/1125/1125 1141/1141/1141
f 1141/1141/1141 1125/1125/1125 1142/1142/1142
f 1125/1125/1125 1126/1126/1126 1142/1142/1142
f 1142/1142/1142 1126/1126/1126 1143/1143/1143
f 1126/1126/1126 1127/1127/1127 1143/1143/1143
f 1143/1143/1143 1127/1127/1127 1144/1144/1144
f 1127/1127/1127 1128/1128/1128 1144/1144/1144
f 1144/1144/1144 1128/1128/1128 1145/1145/1145
f 1128/1128/1128 1129/1129/1129 1145/1145/1145
f 1145/1145/1145 1129/1129/1129 1146/1146/1146
f 1129/1129/1129 1130/1130/1130 1146/1146/1146
f 1146/1146/1146 1130/1130/1130 1147/1147/1147
f 1130/1130/1130 1131/1131/1131 1147/1147/1147
f 1147/1147/1147 1131/1131/1131 1148/1148/1148
f 1131/1131/1131 1132/1132/1132 1148/1148/1148
f 1148/1148/1148 1132/1132/1132 1149/1149/1149
f 1132/1132/1132 1133/1133/1133 1149/1149/1149
f 1149/1149/1149 1133/1133/1133 1150/1150/1150
f 1133/1133/1133 1134/1134/1134 1150/1150/1150
f 1150/1150/1150 1134/1134/1134 1151/1151/1151
f 1134/1134/1134 1135/1135/1135 1151/1151/1151
f 1151/1151/1151 1135/1135/1135 1152/1152/1152
f 1135/1135/1135 1136/1136/1136 1152/1152/1152
f 1152/1152/1152 1136/1136/1136 1153/1153/1153
f 1136/1136/1136 1137/1137/1137 1153/1153/1153
f 1153/1153/1153 1137/1137/1137 1154/1154/1154
f 1137/1137/1137 1138/1138/1138 1154/1154/1154
f 1154/1154/1154 1138/1138/1138 1155/1155/1155
f 1138/1138/1138 1139/1139/1139 1155/1155/1155
f 1155/1155/1155 1139/1139/1139 1156/1156/1156
f 1140/1140/1140 1141/1141/1141 1157/1157/1157
f 1157/1157/1157 1141/1141/1141 1158/1158/1158
f 1141/1141/1141 1142/1142/1142 1158/1158/1158
f 1158/1158/1158 1142/1142/1142 1159/1159/1159
f 1142/1142/1142 1143/1143/1143 1159/1159/1159
f 1159/1159/1159 1143/1143/1143 1160/1160/1160
f 1143/1143/1143 1144/1144/1144 1160/1160/1160
f 1160/1160/1160 1144/1144/1144 1161/1161/1161
f 1144/1144/1144 1145/1145/1145 1161/1161/1161
f 1161/1161/1161 1145/1145/1145 1162/1162/1162
f 1145/1145/1145 1146/1146/1146 1162/1162/1162
f 1162/1162/1162 1146/1146/1146 1163/1163/1163
f 1146/1146/1146 1147/1147/1147 1163/1163/1163
f 1163/1163/1163 1147/1147/1147 1164/1164/1164
f 1147/1147/1147 1148/1148/1148 1164/1164/1164
f 1164/1164/1164 1148/1148/1148 1165/1165/1165
f 1148/1148/1148 1149/1149/1149 1165/1165/1165
f 1165/1165/1165 1149/1149/1149 1166/1166/1166
f 1149/1149/1149 1150/1150/1150 1166/1166/1166
f 1166/1166/1166 1150/1150/1150 1167/1167/1167
f 1150/1150/1150 1151/1151/1151 1167/1167/1167
f 1167/1167/1167 1151/1151/1151 1168/1168/1168
f 1151/1151/1151 1152/1152/1152 1168/1168/1168
f 1168/1168/1168 1152/1152/1152 1169/1169/1169
f 1152/1152/1152 1153/1153/1153 1169/1169/1169
f 1169/1169/1169 1153/1153/1153 1170/1170/1170
f 1153/1153/1153 1154/1154/1154 1170/1170/1170
f 1170/1170/1170 1154/1154/1154 1171/1171/1171
f 1154/1154/1154 1155/1155/1155 1171/1171/1171
f 1171/1171/1171 1155/1155/1155 1172/1172/1172
f 1155/1155/1155 1156/1156/1156 1172/1172/1172
f 1172/1172/1172 1156/1156/1156 1173/1173/1173
f 1157/1157/1157 1158/1158/1158 1174/1174/1174
f 1174/1174/1174 1158/1158/1158 1175/1175/1175
f 1158/1158/1158 1159/1159/1159 1175/1175/1175
f 1175/1175/1175 1159/1159/1159 1176/1176/1176
f 1159/1159/1159 1160/1160/1160 1176/1176/1176
f 1176/1176/1176 1160/1160/1160 1177/1177/1177
f 1160/1160/1160 1161/1161/1161 1177/1177/1177
f 1177/1177/1177 1161/1161/1161 1178/1178/1178
f 1161/1161/1161 1162/1162/1162 1178/1178/1178
f 1178/1178/1178 1162/1162/1162 1179/1179/1179
f 1162/1162/1162 1163/1163/1163 1179/1179/1179
f 1179/1179/1179 1163/1163/1163 1180/1180/1180
f 1163/1163/1163 1164/1164/1164 1180/1180/1180
f 1180/1180/1180 1164/1164/1164 1181/1181/1181
f 1164/1164/1164 1165/1165/1165 1181/1181/1181
f 1181/1181/1181 1165/1165/1165 1182/1182/1182
f 1165/1165/1165 1166/1166/1166 1182/1182/1182
f 1182/1182/1182 1166/1166/1166 1183/1183/1183
f 1166/1166/1166 1167/1167/1167 1183/1183/1183
f 1183/1183/1183 1167/1167/1167 1184/1184/1184
f 1167/1167/1167 1168/1168/1168 1184/1184/1184
f 1184/1184/1184 1168/1168/1168 1185/1185/1185
f 1168/1168/1168 1169/1169/1169 1185/1185/1185
f 1185/1185/1185 1169/1169/1169 1186/1186/1186
f 1169/1169/1169 1170/1170/1170 1186/1186/1186
f 1186/1186/1186 1170/1170/1170 1187/1187/1187
f 1170/1170/1170 1171/1171/1171 1187/1187/1187
f 1187/1187/1187 1171/1171/1171 1188/1188/1188
f 1171/1171/1171 1172/1172/1172 1188/1188/1188
f 1188/1188/1188 1172/1172/1172 1189/1189/1189
f 1172/1172/1172 1173/1173/1173 1189/1189/1189
f 1189/1189/1189 1173/1173/1173 1190/1190/1190
f 1174/1174/1174 1175/1175/1175 1191/1191/1191
f 1191/1191/1191 1175/1175/1175 1192/1192/1192
f 1175/1175/1175 1176/1176/1176 1192/1192/1192
f 1192/1192/1192 1176/1176/1176 1193/1193/1193
f 1176/1176/1176 1177/1177/1177 1193/1193/1193
f 1193/1193/1193 1177/1177/1177 1194/1194/1194
f 1177/1177/1177 1178/1178/1178 1194/1194/1194
f 1194/1194/1194 1178/1178/1178 1195/1195/1195
f 1178/1178/1178 1179/1179/1179 1195/1195/1195
f 1195/1195/1195 1179/1179/1179 1196/1196/1196
f 1179/1179/1179 1180/1180/1180 1196/1196/1196
f 1196/1196/1196 1180/1180/1180 1197/1197/1197
f 1180/1180/1180 1181/1181/1181 1197/1197/1197
f 1197/1197/1197 1181/1181/1181 1198/1198/1198
f 1181/1181/1181 1182/1182/1182 1198/1198/1198
f 1198/1198/1198 1182/1182/1182 1199/1199/1199
f 1182/1182/1182 1183/1183/1183 1199/1199/1199
f 1199/1199/1199 1183/1183/1183 1200/1200/1200
f 1183/1183/1183 1184/1184/1184 1200/1200/1200
f 1200/1200/1200 1184/1184/1184 1201/1201/1201
f 1184/1184/1184 1185/1185/1185 1201/1201/1201
f 1201/1201/1201 1185/1185/1185 1202/1202/1202
f 1185/1185/1185 1186/1186/1186 1202/1202/1202
f 1202/1202/1202 1186/1186/1186 1203/1203/1203
f 1186/1186/1186 1187/1187/1187 1203/1203/1203
f 1203/1203/1203 1187/1187/1187 1204/1204/1204
f 1187/1187/1187 1188/1188/1188 1204/1204/1204
f 1204/1204/1204 1188/1188/1188 1205/1205/1205
f 1188/1188/1188 1189/1189/1189 1205/1205/1205
f 1205/1205/1205 1189/1189/1189 1206/1206/1206
f 1189/1189/1189 1190/1190/1190 1206/1206/1206
f 1206/1206/1206 1190/1190/1190 1207/1207/1207
f 1191/1191/1191 1192/1192/1192 1208/1208/1208
f 1208/1208/1208 1192/1192/1192 1209/1209/1209
f 1192/1192/1192 1193/1193/1193 1209/1209/1209
f 1209/1209/1209 1193/1193/1193 1210/1210/1210
f 1193/1193/1193 1194/1194/1194 1210/1210/1210
f 1210/1210/1210 1194/1194/1194 1211/1211/1211
f 1194/1194/1194 1195/1195/1195 1211/1211/1211
f 1211/1211/1211 1195/1195/1195 1212/1212/1212
f 1195/1195/1195 1196/1196/1196 1212/1212/1212
f 1212/1212/1212 1196/1196/1196 1213/1213/1213
f 1196/1196/1196 1197/1197/1197 1213/1213/1213
f 1213/1213/1213 1197/1197/1197 1214/1214/1214
f 1197/1197/1197 1198/1198/1198 1214/1214/1214
f 1214/1214/1214 1198/1198/1198 1215/1215/1215
f 1198/1198/1198 1199/1199/1199 1215/1215/1215
f 1215/1215/1215 1199/1199/1199 1216/1216/1216
f 1199/1199/1199 1200/1200/1200 1216/1216/1216
f 1216/1216/1216 1200/1200/1200 1217/1217/1217
f 1200/1200/1200 1201/1201/1201 1217/1217/1217
f 1217/1217/1217 1201/1201/1201 1218/1218/1218
f 1201/1201/1201 1202/1202/1202 1218/1218/1218
f 1218/1218/1218 1202/1202/1202 1219/1219/1219
f 1202/1202/1202 1203/1203/1203 1219/1219/1219
f 1219/1219/1219 1203/1203/1203 1220/1220/1220
f 1203/1203/1203 1204/1204/1204 1220/1220/1220
f 1220/1220/1220 1204/1204/1204 1221/1221/1221
f 1204/1204/1204 1205/1205/1205 1221/1221/1221
f 1221/1221/1221 1205/1205/1205 1222/1222/1222
f 1205/1205/1205 1206/1206/1206 1222/1222/1222
f 1222/1222/1222 1206/1206/1206 1223/1223/1223
f 1206/1206/1206 1207/1207/1207 1223/1223/1223
f 1223/1223/1223 1207/1207/1207 1224/1224/1224
f 1208/1208/1208 1209/1209/1209 1225/1225/1225
f 1225/1225/1225 1209/1209/1209 1226/1226/1226
f 1209/1209/1209 1210/1210/1210 1226/1226/1226
f 1226/1226/1226 1210/1210/1210 1227/1227/1227
f 1210/1210/1210 1211/1211/1211 1227/1227/1227
f 1227/1227/1227 1211/1211/1211 1228/1228/1228
f 1211/1211/1211 1212/1212/1212 1228/1228/1228
f 1228/1228/1228 1212/1212/1212 1229/1229/1229
f 1212/1212/1212 1213/1213/1213 1229/1229/1229
f 1229/1229/1229 1213/1213/1213 1230/1230/1230
f 1213/1213/1213 1214/1214/1214 1230/1230/1230
f 1230/1230/1230 1214/1214/1214 1231/1231/1231
f 1214/1214/1214 1215/1215/1215 1231/1231/1231
f 1231/1231/1231 1215/1215/1215 1232/1232/1232
f 1215/1215/1215 1216/1216/1216 1232/1232/1232
f 1232/1232/1232 1216/1216/1216 1233/1233/1233
f 1216/1216/1216 1217/1217/1217 1233/1233/1233
f 1233/1233/1233 1217/1217/1217 1234/1234/1234
f 1217/1217/1217 1218/1218/1218 1234/1234/1234
f 1234/1234/1234 1218/1218/1218 1235/1235/1235
f 1218/1218/1218 1219/1219/1219 1235/1235/1235
f 1235/1235/1235 1219/1219/1219 1236/1236/1236
f 1219/1219/1219 1220/1220/1220 1236/1236/1236
f 1236/1236/1236 1220/1220/1220 1237/1237/1237
f 1220/1220/1220 1221/1221/1221 1237/1237/1237
f 1237/1237/1237 1221/1221/1221 1238/1238/1238
f 1221/1221/1221 1222/1222/1222 1238/1238/1238
f 1238/1238/1238 1222/1222/1222 1239/1239/1239
f 1222/1222/1222 1223/1223/1223 1239/1239/1239
f 1239/1239/1239 1223/1223/1223 1240/1240/1240
f 1223/1223/1223 1224/1224/1224 1240/1240/1240
f 1240/1240/1240 1224/1224/1224 1241/1241/1241
f 1225/1225/1225 1226/1226/1226 1242/1242/1242
f 1242/1242/1242 1226/1226/1226 1243/1243/1243
f 1226/1226/1226 1227/1227/1227 1243/1243/1243
f 1243/1243/1243 1227/1227/1227 1244/1244/1244
f 1227/1227/1227 1228/1228/1228 1244/1244/1244
f 1244/1244/1244 1228/1228/1228 1245/1245/1245
f 1228/1228/1228 1229/1229/1229 1245/1245/1245
f 1245/1245/1245 1229/1229/1229 1246/1246/1246
f 1229/1229/1229 1230/1230/1230 1246/1246/1246
f 1246/1246/1246 1230/1230/1230 1247/1247/1247
f 1230/1230/1230 1231/1231/1231 1247/1247/1247
f 1247/1247/1247 1231/1231/1231 1248/1248/1248
f 1231/1231/1231 1232/1232/1232 1248/1248/1248
f 1248/1248/1248 1232/1232/1232 1249/1249/1249
f 1232/1232/1232 1233/1233/1233 1249/1249/1249
f 1249/1249/1249 1233/1233/1233 1250/1250/1250
f 1233/1233/1233 1234/1234/1234 1250/1250/1250
f 1250/1250/1250 1234/1234/1234 1251/1251/1251
f 1234/1234/1234 1235/1235/1235 1251/1251/1251
f 1251/1251/1251 1235/1235/1235 1252/1252/1252
f 1235/1235/1235 1236/1236/1236 1252/1252/1252
f 1252/1252/1252 1236/1236/1236 1253/1253/1253
f 1236/1236/1236 1237/1237/1237 1253/1253/1253
f 1253/1253/1253 1237/1237/1237 1254/1254/1254
f 1237/1237/1237 1238/1238/1238 1254/1254/1254
f 1254/1254/1254 1238/1238/1238 1255/1255/1255
f 1238/1238/1238 1239/1239/1239 1255/1255/1255
f 1255/1255/1255 1239/1239/1239 1256/1256/1256
f 1239/1239/1239 1240/1240/1240 1256/1256/1256
f 1256/1256/1256 1240/1240/1240 1257/1257/1257
f 1240/1240/1240 1241/1241/1241 1257/1257/1257
f 1257/1257/1257 1241/1241/1241 1258/1258/1258
f 1242/1242/1242 1243/1243/1243 1259/1259/1259
f 1259/1259/1259 1243/1243/1243 1260/1260/1260
f 1243/1243/1243 1244/1244/1244 1260/1260/1260
f 1260/1260/1260 1244/1244/1244 1261/1261/1261
f 1244/1244/1244 1245/1245/1245 1261/1261/1261
f 1261/1261/1261 1245/1245/1245 1262/1262/1262
f 1245/1245/1245 1246/1246/1246 1262/1262/1262
f 1262/1262/1262 1246/1246/1246 1263/1263/1263
f 1246/1246/1246 1247/1247/1247 1263/1263/1263
f 1263/1263/1263 1247/1247/1247 1264/1264/1264
f 1247/1247/1247 1248/1248/1248 1264/1264/1264
f 1264/1264/1264 1248/1248/1248 1265/1265/1265
f 1248/1248/1248 1249/1249/1249 1265/1265/1265
f 1265/1265/1265 1249/1249/1249 1266/1266/1266
f 1249/1249/1249 1250/1250/1250 1266/1266/1266
f 1266/1266/1266 1250/1250/1250 1267/1267/1267
f 1250/1250/1250 1251/1251/1251 1267/1267/1267
f 1267/1267/1267 1251/1251/1251 1268/1268/1268
f 1251/1251/1251 1252/1252/1252 1268/1268/1268
f 1268/1268/1268 1252/1252/1252 1269/1269/1269
f 1252/1252/1252 1253/1253/1253 1269/1269/1269
f 1269/1269/1269 1253/1253/1253 1270/1270/1270
f 1253/1253/1253 1254/1254/1254 1270/1270/1270
f 1270/1270/1270 1254/1254/1254 1271/1271/1271
f 1254/1254/1254 1255/1255/1255 1271/1271/1271
f 1271/1271/1271 1255/1255/1255 1272/1272/1272
f 1255/1255/1255 1256/1256/1256 1272/1272/1272
f 1272/1272/1272 1256/1256/1256 1273/1273/1273
f 1256/1256/1256 1257/1257/1257 1273/1273/1273
f 1273/1273/1273 1257/1257/1257 1274/1274/1274
f 1257/1257/1257 1258/1258/1258 1274/1274/1274
f 1274/1274/1274 1258/1258/1258 1275/1275/1275
f 1259/1259/1259 1260/1260/1260 1276/1276/1276
f 1276/1276/1276 1260/1260/1260 1277/1277/1277
f 1260/1260/1260 1261/1261/1261 1277/1277/1277
f 1277/1277/1277 1261/1261/1261 1278/1278/1278
f 1261/1261/1261 1262/1262/1262 1278/1278/1278
f 1278/1278/1278 1262/1262/1262 1279/1279/1279
f 1262/1262/1262 1263/1263/1263 1279/1279/1279
f 1279/1279/1279 1263/1263/1263 1280/1280/1280
f 1263/1263/1263 1264/1264/1264 1280/1280/1280
f 1280/1280/1280 1264/1264/1264 1281/1281/1281
f 1264/1264/1264 1265/1265/1265 1281/1281/1281
f 1281/1281/1281 1265/1265/1265 1282/1282/1282
f 1265/1265/1265 1266/1266/1266 1282/1282/1282
f 1282/1282/1282 1266/1266/1266 1283/1283/1283
f 1266/1266/1266 1267/1267/1267 1283/1283/1283
f 1283/1283/1283 1267/1267/1267 1284/1284/1284
f 1267/1267/1267 1268/1268/1268 1284/1284/1284
f 1284/1284/1284 1268/1268/1268 1285/1285/1285
f 1268/1268/1268 1269/1269/1269 1285/1285/1285
f 1285/1285/1285 1269/1269/1269 1286/1286/1286
f 1269/1269/1269 1270/1270/1270 1286/1286/1286
f 1286/1286/1286 1270/1270/1270 1287/1287/1287
f 1270/1270/1270 1271/1271/1271 1287/1287/1287
f 1287/1287/1287 1271/1271/1271 1288/1288/1288
f 1271/1271/1271 1272/1272/1272 1288/1288/1288
f 1288/1288/1288 1272/1272/1272 1289/1289/1289
f 1272/1272/1272 1273/1273/1273 1289/1289/1289
f 1289/1289/1289 1273/1273/1273 1290/1290/1290
f 1273/1273/1273 1274/1274/1274 1290/1290/1290
f 1290/1290/1290 1274/1274/1274 1291/1291/1291
f 1274/1274/1274 1275/1275/1275 1291/1291/1291
f 1291/1291/1291 1275/1275/1275 1292/1292/1292
f 1276/1276/1276 1277/1277/1277 1293/1293/1293
f 1293/1293/1293 1277/1277/1277 1294/1294/1294
f 1277/1277/1277 1278/1278/1278 1294/1294/1294
f 1294/1294/1294 1278/1278/1278 1295/1295/1295
f 1278/1278/1278 1279/1279/1279 1295/1295/1295
f 1295/1295/1295 1279/1279/1279 1296/1296/1296
f 1279/1279/1279 1280/1280/1280 1296/1296/1296
f 1296/1296/1296 1280/1280/1280 1297/1297/1297
f 1280/1280/1280 1281/1281/1281 1297/1297/1297
f 1297/1297/1297 1281/1281/1281 1298/1298/1298
f 1281/1281/1281 1282/1282/1282 1298/1298/1298
f 1298/1298/1298 1282/1282/1282 1299/1299/1299
f 1282/1282/1282 1283/1283/1283 1299/1299/1299
f 1299/1299/1299 1283/1283/1283 1300/1300/1300
f 1283/1283/1283 1284/1284/1284 1300/1300/1300
f 1300/1300/1300 1284/1284/1284 1301/1301/1301
f 1284/1284/1284 1285/1285/1285 1301/1301/1301
f 1301/1301/1301 1285/1285/1285 1302/1302/1302
f 1285/1285/1285 1286/1286/1286 1302/1302/1302
f 1302/1302/1302 1286/1286/1286 1303/1303/1303
f 1286/1286/1286 1287/1287/1287 1303/1303/1303
f 1303/1303/1303 1287/1287/1287 1304/1304/1304
f 1287/1287/1287 1288/1288/1288 1304/1304/1304
f 1304/1304/1304 1288/1288/1288 1305/1305/1305
f 1288/1288/1288 1289/1289/1289 1305/1305/1305
f 1305/1305/1305 1289/1289/1289 1306/1306/1306
f 1289/1289/1289 1290/1290/1290 1306/1306/1306
f 1306/1306/1306 1290/1290/1290 1307/1307/1307
f 1290/1290/1290 1291/1291/1291 1307/1307/1307
f 1307/1307/1307 1291/1291/1291 1308/1308/1308
f 1291/1291/1291 1292/1292/1292 1308/1308/1308
f 1308/1308/1308 1292/1292/1292 1309/1309/1309
f 1293/1293/1293 1294/1294/1294 1310/1310/1310
f 1310/1310/1310 1294/1294/1294 1311/1311/1311
f 1294/1294/1294 1295/1295/1295 1311/1311/1311
f 1311/1311/1311 1295/1295/1295 1312/1312/1312
f 1295/1295/1295 1296/1296/1296 1312/1312/1312
f 1312/1312/1312 1296/1296/1296 1313/1313/1313
f 1296/1296/1296 1297/1297/1297 1313/1313/1313
f 1313/1313/1313 1297/1297/1297 1314/1314/1314
f 1297/1297/1297 1298/1298/1298 1314/1314/1314
f 1314/1314/1314 1298/1298/1298 1315/1315/1315
f 1298/1298/1298 1299/1299/1299 1315/1315/1315
f 1315/1315/1315 1299/1299/1299 1316/1316/1316
f 1299/1299/1299 1300/1300/1300 1316/1316/1316
f 1316/1316/1316 1300/1300/1300 1317/1317/1317
f 1300/1300/1300 1301/1301/1301 1317/1317/1317
f 1317/1317/1317 1301/1301/1301 1318/1318/1318
f 1301/1301/1301 1302/1302/1302 1318/1318/1318
f 1318/1318/1318 1302/1302/1302 1319/1319/1319
f 1302/1302/1302 1303/1303/1303 1319/1319/1319
f 1319/1319/1319 1303/1303/1303 1320/1320/1320
f 1303/1303/1303 1304/1304/1304 1320/1320/1320
f 1320/1320/1320 1304/1304/1304 1321/1321/1321
f 1304/1304/1304 1305/1305/1305 1321/1321/1321
f 1321/1321/1321 1305/1305/1305 1322/1322/1322
f 1305/1305/1305 1306/1306/1306 1322/1322/1322
f 1322/1322/1322 1306/1306/1306 1323/1323/1323
f 1306/1306/1306 1307/1307/1307 1323/1323/1323
f 1323/1323/1323 1307/1307/1307 1324/1324/1324
f 1307/1307/1307 1308/1308/1308 1324/1324/1324
f 1324/1324/1324 1308/1308/1308 1325/1325/1325
f 1308/1308/1308 1309/1309/1309 1325/1325/1325
f 1325/1325/1325 1309/1309/1309 1326/1326/1326
f 1310/1310/1310 1311/1311/1311 1327/1327/1327
f 1327/1327/1327 1311/1311/1311 1328/1328/1328
f 1311/1311/1311 1312/1312/1312 1328/1328/1328
f 1328/1328/1328 1312/1312/1312 1329/1329/1329
f 1312/1312/1312 1313/1313/1313 1329/1329/1329
f 1329/1329/1329 1313/1313/1313 1330/1330/1330
f 1313/1313/1313 1314/1314/1314 1330/1330/1330
f 1330/1330/1330 1314/1314/1314 1331/1331/1331
f 1314/1314/1314 1315/1315/1315 1331/1331/1331
f 1331/1331/1331 1315/1315/1315 1332/1332/1332
f 1315/1315/1315 1316/1316/1316 1332/1332/1332
f 1332/1332/1332 1316/1316/1316 1333/1333/1333
f 1316/1316/1316 1317/1317/1317 1333/1333/1333
f 1333/1333/1333 1317/1317/1317 1334/1334/1334
f 1317/1317/1317 1318/1318/1318 1334/1334/1334
f 1334/1334/1334 1318/1318/1318 1335/1335/1335
f 1318/1318/1318 1319/1319/1319 1335/1335/1335
f 1335/1335/1335 1319/1319/1319 1336/1336/1336
f 1319/1319/1319 1320/1320/1320 1336/1336/1336
f 1336/1336/1336 1320/1320/1320 1337/1337/1337
f 1320/1320/1320 1321/1321/1321 1337/1337/1337
f 1337/1337/1337 1321/1321/1321 1338/1338/1338
f 1321/1321/1321 1322/1322/1322 1338/1338/1338
f 1338/1338/1338 1322/1322/1322 1339/1339/1339
f 1322/1322/1322 1323/1323/1323 1339/1339/1339
f 1339/1339/1339 1323/1323/1323 1340/1340/1340
f 1323/1323/1323 1324/1324/1324 1340/1340/1340
f 1340/1340/1340 1324/1324/1324 1341/1341/1341
f 1324/1324/1324 1325/1325/1325 1341/1341/1341
f 1341/1341/1341 1325/1325/1325 1342/1342/1342
f 1325/1325/1325 1326/1326/1326 1342/1342/1342
f 1342/1342/1342 1326/1326/1326 1343/1343/1343
f 1327/1327/1327 1328/1328/1328 1344/1344/1344
f 1344/1344/1344 1328/1328/1328 1345/1345/1345
f 1328/1328/1328 1329/1329/1329 1345/1345/1345
f 1345/1345/1345 1329/1329/1329 1346/1346/1346
f 1329/1329/1329 1330/1330/1330 1346/1346/1346
f 1346/1346/1346 1330/1330/1330 1347/1347/1347
f 1330/1330/1330 1331/1331/1331 1347/1347/1347
f 1347/1347/1347 1331/1331/1331 1348/1348/1348
f 1331/1331/1331 1332/1332/1332 1348/1348/1348
f 1348/1348/1348 1332/1332/1332 1349/1349/1349
f 1332/1332/1332 1333/1333/1333 1349/1349/1349
f 1349/1349/1349 1333/1333/1333 1350/1350/1350
f 1333/1333/1333 1334/1334/1334 1350/1350/1350
f 1350/1350/1350 1334/1334/1334 1351/1351/1351
f 1334/1334/1334 1335/1335/1335 1351/1351/1351
f 1351/1351/1351 1335/1335/1335 1352/1352/1352
f 1335/1335/1335 1336/1336/1336 1352/1352/1352
f 1352/1352/1352 1336/1336/1336 1353/1353/1353
f 1336/1336/1336 1337/1337/1337 1353/1353/1353
f 1353/1353/1353 1337/1337/1337 1354/1354/1354
f 1337/1337/1337 1338/1338/1338 1354/1354/1354
f 1354/1354/1354 1338/1338/1338 1355/1355/1355
f 1338/1338/1338 1339/1339/1339 1355/1355/1355
f 1355/1355/1355 1339/1339/1339 1356/1356/1356
f 1339/1339/1339 1340/1340/1340 1356/1356/1356
f 1356/1356/1356 1340/1340/1340 1357/1357/1357
f 1340/1340/1340 1341/1341/1341 1357/1357/1357
f 1357/1357/1357 1341/1341/1341 1358/1358/1358
f 1341/1341/1341 1342/1342/1342 1358/1358/1358
f 1358/1358/1358 1342/1342/1342 1359/1359/1359
f 1342/1342/1342 1343/1343/1343 1359/1359/1359
f 1359/1359/1359 1343/1343/1343 1360/1360/1360
f 1344/1344/1344 1345/1345/1345 1361/1361/1361
f 1361/1361/1361 1345/1345/1345 1362/1362/1362
f 1345/1345/1345 1346/1346/1346 1362/1362/1362
f 1362/1362/1362 1346/1346/1346 1363/1363/1363
f 1346/1346/1346 1347/1347/1347 1363/1363/1363
f 1363/1363/1363 1347/1347/1347 1364/1364/1364
f 1347/1347/1347 1348/1348/1348 1364/1364/1364
f 1364/1364/1364 1348/1348/1348 1365/1365/1365
f 1348/1348/1348 1349/1349/1349 1365/1365/1365
f 1365/1365/1365 1349/1349/1349 1366/1366/1366
f 1349/1349/1349 1350/1350/1350 1366/1366/1366
f 1366/1366/1366 1350/1350/1350 1367/1367/1367
f 1350/1350/1350 1351/1351/1351 1367/1367/1367
f 1367/1367/1367 1351/1351/1351 1368/1368/1368
f 1351/1351/1351 1352/1352/1352 1368/1368/1368
f 1368/1368/1368 1352/1352/1352 1369/1369/1369
f 1352/1352/1352 1353/1353/1353 1369/1369/1369
f 1369/1369/1369 1353/1353/1353 1370/1370/1370
f 1353/1353/1353 1354/1354/1354 1370/1370/1370
f 1370/1370/1370 1354/1354/1354 1371/1371/1371
f 1354/1354/1354 1355/1355/1355 1371/1371/1371
f 1371/1371/1371 1355/1355/1355 1372/1372/1372
f 1355/1355/1355 1356/1356/1356 1372/1372/1372
f 1372/1372/1372 1356/1356/1356 1373/1373/1373
f 1356/1356/1356 1357/1357/1357 1373/1373/1373
f 1373/1373/1373 1357/1357/1357 1374/1374/1374
f 1357/1357/1357 1358/1358/1358 1374/1374/1374
f 1374/1374/1374 1358/1358/1358 1375/1375/1375
f 1358/1358/1358 1359/1359/1359 1375/1375/1375
f 1375/1375/1375 1359/1359/1359 1376/1376/1376
f 1359/1359/1359 1360/1360/1360 1376/1376/1376
f 1376/1376/1376 1360/1360/1360 1377/1377/1377
f 1361/1361/1361 1362/1362/1362 1378/1378/1378
f 1378/1378/1378 1362/1362/1362 1379/1379/1379
f 1362/1362/1362 1363/1363/1363 1379/1379/1379
f 1379/1379/1379 1363/1363/1363 1380/1380/1380
f 1363/1363/1363 1364/1364/1364 1380/1380/1380
f 1380/1380/1380 1364/1364/1364 1381/1381/1381
f 1364/1364/1364 1365/1365/1365 1381/1381/1381
f 1381/1381/1381 1365/1365/1365 1382/1382/1382
f 1365/1365/1365 1366/1366/1366 1382/1382/1382
f 1382/1382/1382 1366/1366/1366 1383/1383/1383
f 1366/1366/1366 1367/1367/1367 1383/1383/1383
f 1383/1383/1383 1367/1367/1367 1384/1384/1384
f 1367/1367/1367 1368/1368/1368 1384/1384/1384
f 1384/1384/1384 1368/1368/1368 1385/1385/1385
f 1368/1368/1368 1369/1369/1369 1385/1385/1385
f 1385/1385/1385 1369/1369/1369 1386/1386/1386
f 1369/1369/1369 1370/1370/1370 1386/1386/1386
f 1386/1386/1386 1370/1370/1370 1387/1387/1387
f 1370/1370/1370 1371/1371/1371 1387/1387/1387
f 1387/1387/1387 1371/1371/1371 1388/1388/1388
f 1371/1371/1371 1372/1372/1372 1388/1388/1388
f 1388/1388/1388 1372/1372/1372 1389/1389/1389
f 1372/1372/1372 1373/1373/1373 1389/1389/1389
f 1389/1389/1389 1373/1373/1373 1390/1390/1390
f 1373/1373/1373 1374/1374/1374 1390/1390/1390
f 1390/1390/1390 1374/1374/1374 1391/1391/1391
f 1374/1374/1374 1375/1375/1375 1391/1391/1391
f 1391/1391/1391 1375/1375/1375 1392/1392/1392
f 1375/1375/1375 1376/1376/1376 1392/1392/1392
f 1392/1392/1392 1376/1376/1376 1393/1393/1393
f 1376/1376/1376 1377/1377/1377 1393/1393/1393
f 1393/1393/1393 1377/1377/1377 1394/1394/1394
f 1378/1378/1378 1379/1379/1379 1395/1395/1395
f 1395/1395/1395 1379/1379/1379 1396/1396/1396
f 1379/1379/1379 1380/1380/1380 1396/1396/1396
f 1396/1396/1396 1380/1380/1380 1397/1397/1397
f 1380/1380/1380 1381/1381/1381 1397/1397/1397
f 1397/1397/1397 1381/1381/1381 1398/1398/1398
f 1381/1381/1381 1382/1382/1382 1398/1398/1398
f 1398/1398/1398 1382/1382/1382 1399/1399/1399
f 1382/1382/1382 1383/1383/1383 1399/1399/1399
f 1399/1399/1399 1383/1383/1383 1400/1400/1400
f 1383/1383/1383 1384/1384/1384 1400/1400/1400
f 1400/1400/1400 1384/1384/1384 1401/1401/1401
f 1384/1384/1384 1385/1385/1385 1401/1401/1401
f 1401/1401/1401 1385/1385/1385 1402/1402/1402
f 1385/1385/1385 1386/1386/1386 1402/1402/1402
f 1402/1402/1402 1386/1386/1386 1403/1403/1403
f 1386/1386/1386 1387/1387/1387 1403/1403/1403
f 1403/1403/1403 1387/1387/1387 1404/1404/1404
f 1387/1387/1387 1388/1388/1388 1404/1404/1404
f 1404/1404/1404 1388/1388/1388 1405/1405/1405
f 1388/1388/1388 1389/1389/1389 1405/1405/1405
f 1405/1405/1405 1389/1389/1389 1406/1406/1406
f 1389/1389/1389 1390/1390/1390 1406/1406/1406
f 1406/1406/1406 1390/1390/1390 1407/1407/1407
f 1390/1390/1390 1391/1391/1391 1407/1407/1407
f 1407/1407/1407 1391/1391/1391 1408/1408/1408
f 1391/1391/1391 1392/1392/1392 1408/1408/1408
f 1408/1408/1408 1392/1392/1392 1409/1409/1409
f 1392/1392/1392 1393/1393/1393 1409/1409/1409
f 1409/1409/1409 1393/1393/1393 1410/1410/1410
f 1393/1393/1393 1394/1394/1394 1410/1410/1410
f 1410/1410/1410 1394/1394/1394 1411/1411/1411
f 1395/1395/1395 1396/1396/1396 1412/1412/1412
f 1412/1412/1412 1396/1396/1396 1413/1413/1413
f 1396/1396/1396 1397/1397/1397 1413/1413/1413
f 1413/1413/1413 1397/1397/1397 1414/1414/1414
f 1397/1397/1397 1398/1398/1398 1414/1414/1414
f 1414/1414/1414 1398/1398/1398 1415/1415/1415
f 1398/1398/1398 1399/1399/1399 1415/1415/1415
f 1415/1415/1415 1399/1399/1399 1416/1416/1416
f 1399/1399/1399 1400/1400/1400 1416/1416/1416
f 1416/1416/1416 1400/1400/1400 1417/1417/1417
f 1400/1400/1400 1401/1401/1401 1417/1417/1417
f 1417/1417/1417 1401/1401/1401 1418/1418/1418
f 1401/1401/1401 1402/1402/1402 1418/1418/1418
f 1418/1418/1418 1402/1402/1402 1419/1419/1419
f 1402/1402/1402 1403/1403/1403 1419/1419/1419
f 1419/1419/1419 1403/1403/1403 1420/1420/1420
f 1403/1403/1403 1404/1404/1404 1420/1420/1420
f 1420/1420/1420 1404/1404/1404 1421/1421/1421
f 1404/1404/1404 1405/1405/1405 1421/1421/1421
f 1421/1421/1421 1405/1405/1405 1422/1422/1422
f 1405/1405/1405 1406/1406/1406 1422/1422/1422
f 1422/1422/1422 1406/1406/1406 1423/1423/1423
f 1406/1406/1406 1407/1407/1407 1423/1423/1423
f 1423/1423/1423 1407/1407/1407 1424/1424/1424
f 1407/1407/1407 1408/1408/1408 1424/1424/1424
f 1424/1424/1424 1408/1408/1408 1425/1425/1425
f 1408/1408/1408 1409/1409/1409 1425/1425/1425
f 1425/1425/1425 1409/1409/1409 1426/1426/1426
f 1409/1409/1409 1410/1410/1410 1426/1426/1426
f 1426/1426/1426 1410/1410/1410 1427/1427/1427
f 1410/1410/1410 1411/1411/1411 1427/1427/1427
f 1427/1427/1427 1411/1411/1411 1428/1428/1428
f 1412/1412/1412 1413/1413/1413 1429/1429/1429
f 1429/1429/1429 1413/1413/1413 1430/1430/1430
f 1413/1413/1413 1414/1414/1414 1430/1430/1430
f 1430/1430/1430 1414/1414/1414 1431/1431/1431
f 1414/1414/1414 1415/1415/1415 1431/1431/1431
f 1431/1431/1431 1415/1415/1415 1432/1432/1432
f 1415/1415/1415 1416/1416/1416 1432/1432/1432
f 1432/1432/1432 1416/1416/1416 1433/1433/1433
f 1416/1416/1416 1417/1417/1417 1433/1433/1433
f 1433/1433/1433 1417/1417/1417 1434/1434/1434
f 1417/1417/1417 1418/1418/1418 1434/1434/1434
f 1434/1434/1434 1418/1418/1418 1435/1435/1435
f 1418/1418/1418 1419/1419/1419 1435/1435/1435
f 1435/1435/1435 1419/1419/1419 1436/1436/1436
f 1419/1419/1419 1420/1420/1420 1436/1436/1436
f 1436/1436/1436 1420/1420/1420 1437/1437/1437
f 1420/1420/1420 1421/1421/1421 1437/1437/1437
f 1437/1437/1437 1421/1421/1421 1438/1438/1438
f 1421/1421/1421 1422/1422/1422 1438/1438/1438
f 1438/1438/1438 1422/1422/1422 1439/1439/1439
f 1422/1422/1422 1423/1423/1423 1439/1439/1439
f 1439/1439/1439 1423/1423/1423 1440/1440/1440
f 1423/1423/1423 1424/1424/1424 1440/1440/1440
f 1440/1440/1440 1424/1424/1424 1441/1441/1441
f 1424/1424/1424 1425/1425/1425 1441/1441/1441
f 1441/1441/1441 1425/1425/1425 1442/1442/1442
f 1425/1425/1425 1426/1426/1426 1442/1442/1442
f 1442/1442/1442 1426/1426/1426 1443/1443/1443
f 1426/1426/1426 1427/1427/1427 1443/1443/1443
f 1443/1443/1443 1427/1427/1427 1444/1444/1444
f 1427/1427/1427 1428/1428/1428 1444/1444/1444
f 1444/1444/1444 1428/1428/1428 1445/1445/1445
f 1429/1429/1429 1430/1430/1430 1446/1446/1446
f 1446/1446/1446 1430/1430/1430 1447/1447/1447
f 1430/1430/1430 1431/1431/1431 1447/1447/1447
f 1447/1447/1447 1431/1431/1431 1448/1448/1448
f 1431/1431/1431 1432/1432/1432 1448/1448/1448
f 1448/1448/1448 1432/1432/1432 1449/1449/1449
f 1432/1432/1432 1433/1433/1433 1449/1449/1449
f 1449/1449/1449 1433/1433/1433 1450/1450/1450
f 1433/1433/1433 1434/1434/1434 1450/1450/1450
f 1450/1450/1450 1434/1434/1434 1451/1451/1451
f 1434/1434/1434 1435/1435/1435 1451/1451/1451
f 1451/1451/1451 1435/1435/1435 1452/1452/1452
f 1435/1435/1435 1436/1436/1436 1452/1452/1452
f 1452/1452/1452 1436/1436/1436 1453/1453/1453
f 1436/1436/1436 1437/1437/1437 1453/1453/1453
f 1453/1453/1453 1437/1437/1437 1454/1454/1454
f 1437/1437/1437 1438/1438/1438 1454/1454/1454
f 1454/1454/1454 1438/1438/1438 1455/1455/1455
f 1438/1438/1438 1439/1439/1439 1455/1455/1455
f 1455/1455/1455 1439/1439/1439 1456/1456/1456
f 1439/1439/1439 1440/1440/1440 1456/1456/1456
f 1456/1456/1456 1440/1440/1440 1457/1457/1457
f 1440/1440/1440 1441/1441/1441 1457/1457/1457
f 1457/1457/1457 1441/1441/1441 1458/1458/1458
f 1441/1441/1441 1442/1442/1442 1458/1458/1458
f 1458/1458/1458 1442/1442/1442 1459/1459/1459
f 1442/1442/1442 1443/1443/1443 1459/1459/1459
f 1459/1459/1459 1443/1443/1443 1460/1460/1460
f 1443/1443/1443 1444/1444/1444 1460/1460/1460
f 1460/1460/1460 1444/1444/1444 1461/1461/1461
f 1444/1444/1444 1445/1445/1445 1461/1461/1461
f 1461/1461/1461 1445/1445/1445 1462/1462/1462
f 1446/1446/1446 1447/1447/1447 1463/1463/1463
f 1463/1463/1463 1447/1447/1447 1464/1464/1464
f 1447/1447/1447 1448/1448/1448 1464/1464/1464
f 1464/1464/1464 1448/1448/1448 1465/1465/1465
f 1448/1448/1448 1449/1449/1449 1465/1465/1465
f 1465/1465/1465 1449/1449/1449 1466/1466/1466
f 1449/1449/1449 1450/1450/1450 1466/1466/1466
f 1466/1466/1466 1450/1450/1450 1467/1467/1467
f 1450/1450/1450 1451/1451/1451 1467/1467/1467
f 1467/1467/1467 1451/1451/1451 1468/1468/1468
f 1451/1451/1451 1452/1452/1452 1468/1468/1468
f 1468/1468/1468 1452/1452/1452 1469/1469/1469
f 1452/1452/1452 1453/1453/1453 1469/1469/1469
f 1469/1469/1469 1453/1453/1453 1470/1470/1470
f 1453/1453/1453 1454/1454/1454 1470/1470/1470
f 1470/1470/1470 1454/1454/1454 1471/1471/1471
f 1454/1454/1454 1455/1455/1455 1471/1471/1471
f 1471/1471/1471 1455/1455/1455 1472/1472/1472
f 1455/1455/1455 1456/1456/1456 1472/1472/1472
f 1472/1472/1472 1456/1456/1456 1473/1473/1473
f 1456/1456/1456 1457/1457/1457 1473/1473/1473
f 1473/1473/1473 1457/1457/1457 1474/1474/1474
f 1457/1457/1457 1458/1458/1458 1474/1474/1474
f 1474/1474/1474 1458/1458/1458 1475/1475/1475
f 1458/1458/1458 1459/1459/1459 1475/1475/1475
f 1475/1475/1475 1459/1459/1459 1476/1476/1476
f 1459/1459/1459 1460/1460/1460 1476/1476/1476
f 1476/1476/1476 1460/1460/1460 1477/1477/1477
f 1460/1460/1460 1461/1461/1461 1477/1477/1477
f 1477/1477/1477 1461/1461/1461 1478/1478/1478
f 1461/1461/1461 1462/1462/1462 1478/1478/1478
f 1478/1478/1478 1462/1462/1462 1479/1479/1479
f 1463/1463/1463 1464/1464/1464 1480/1480/1480
f 1480/1480/1480 1464/1464/1464 1481/1481/1481
f 1464/1464/1464 1465/1465/1465 1481/1481/1481
f 1481/1481/1481 1465/1465/1465 1482/1482/1482
f 1465/1465/1465 1466/1466/1466 1482/1482/1482
f 1482/1482/1482 1466/1466/1466 1483/1483/1483
f 1466/1466/1466 1467/1467/1467 1483/1483/1483
f 1483/1483/1483 1467/1467/1467 1484/1484/1484
f 1467/1467/1467 1468/1468/1468 1484/1484/1484
f 1484/1484/1484 1468/1468/1468 1485/1485/1485
f 1468/1468/1468 1469/1469/1469 1485/1485/1485
f 1485/1485/1485 1469/1469/1469 1486/1486/1486
f 1469/1469/1469 1470/1470/1470 1486/1486/1486
f 1486/1486/1486 1470/1470/1470 1487/1487/1487
f 1470/1470/1470 1471/1471/1471 1487/1487/1487
f 1487/1487/1487 1471/1471/1471 1488/1488/1488
f 1471/1471/1471 1472/1472/1472 1488/1488/1488
f 1488/1488/1488 1472/1472/1472 1489/1489/1489
f 1472/1472/1472 1473/1473/1473 1489/1489/1489
f 1489/1489/1489 1473/1473/1473 1490/1490/1490
f 1473/1473/1473 1474/1474/1474 1490/1490/1490
f 1490/1490/1490 1474/1474/1474 1491/1491/1491
f 1474/1474/1474 1475/1475/1475 1491/1491/1491
f 1491/1491/1491 1475/1475/1475 1492/1492/1492
f 1475/1475/1475 1476/1476/1476 1492/1492/1492
f 1492/1492/1492 1476/1476/1476 1493/1493/1493
f 1476/1476/1476 1477/1477/1477 1493/1493/1493
f 1493/1493/1493 1477/1477/1477 1494/1494/1494
f 1477/1477/1477 1478/1478/1478 1494/1494/1494
f 1494/1494/1494 1478/1478/1478 1495/1495/1495
f 1478/1478/1478 1479/1479/1479 1495/1495/1495
f 1495/1495/1495 1479/1479/1479 1496/1496/1496
f 1480/1480/1480 1481/1481/1481 1497/1497/1497
f 1497/1497/1497 1481/1481/1481 1498/1498/1498
f 1481/1481/1481 1482/1482/1482 1498/1498/1498
f 1498/1498/1498 1482/1482/1482 1499/1499/1499
f 1482/1482/1482 1483/1483/1483 1499/1499/1499
f 1499/1499/1499 1483/1483/1483 1500/1500/1500
f 1483/1483/1483 1484/1484/1484 1500/1500/1500
f 1500/1500/1500 1484/1484/1484 1501/1501/1501
f 1484/1484/1484 1485/1485/1485 1501/1501/1501
f 1501/1501/1501 1485/1485/1485 1502/1502/1502
f 1485/1485/1485 1486/1486/1486 1502/1502/1502
f 1502/1502/1502 1486/1486/1486 1503/1503/1503
f 1486/1486/1486 1487/1487/1487 1503/1503/1503
f 1503/1503/1503 1487/1487/1487 1504/1504/1504
f 1487/1487/1487 1488/1488/1488 1504/1504/1504
f 1504/1504/1504 1488/1488/1488 1505/1505/1505
f 1488/1488/1488 1489/1489/1489 1505/1505/1505
f 1505/1505/1505 1489/1489/1489 1506/1506/1506
f 1489/1489/1489 1490/1490/1490 1506/1506/1506
f 1506/1506/1506 1490/1490/1490 1507/1507/1507
f 1490/1490/1490 1491/1491/1491 1507/1507/1507
f 1507/1507/1507 1491/1491/1491 1508/1508/1508
f 1491/1491/1491 1492/1492/1492 1508/1508/1508
f 1508/1508/1508 1492/1492/1492 1509/1509/1509
f 1492/1492/1492 1493/1493/1493 1509/1509/1509
f 1509/1509/1509 1493/1493/1493 1510/1510/1510
f 1493/1493/1493 1494/1494/1494 1510/1510/1510
f 1510/1510/1510 1494/1494/1494 1511/1511/1511
f 1494/1494/1494 1495/1495/1495 1511/1511/1511
f 1511/1511/1511 1495/1495/1495 1512/1512/1512
f 1495/1495/1495 1496/1496/1496 1512/1512/1512
f 1512/1512/1512 1496/1496/1496 1513/1513/1513
f 1497/1497/1497 1498/1498/1498 1514/1514/1514
f 1514/1514/1514 1498/1498/1498 1515/1515/1515
f 1498/1498/1498 1499/1499/1499 1515/1515/1515
f 1515/1515/1515 1499/1499/1499 1516/1516/1516
f 1499/1499/1499 1500/1500/1500 1516/1516/1516
f 1516/1516/1516 1500/1500/1500 1517/1517/1517
f 1500/1500/1500 1501/1501/1501 1517/1517/1517
f 1517/1517/1517 1501/1501/1501 1518/1518/1518
f 1501/1501/1501 1502/1502/1502 1518/1518/1518
f 1518/1518/1518 1502/1502/1502 1519/1519/1519
f 1502/1502/1502 1503/1503/1503 1519/1519/1519
f 1519/1519/1519 1503/1503/1503 1520/1520/1520
f 1503/1503/1503 1504/1504/1504 1520/1520/1520
f 1520/1520/1520 1504/1504/1504 1521/1521/1521
f 1504/1504/1504 1505/1505/1505 1521/1521/1521
f 1521/1521/1521 1505/1505/1505 1522/1522/1522
f 1505/1505/1505 1506/1506/1506 1522/1522/1522
f 1522/1522/1522 1506/1506/1506 1523/1523/1523
f 1506/1506/1506 1507/1507/1507 1523/1523/1523
f 1523/1523/1523 1507/1507/1507 1524/1524/1524
f 1507/1507/1507 1508/1508/1508 1524/1524/1524
f 1524/1524/1524 1508/1508/1508 1525/1525/1525
f 1508/1508/1508 1509/1509/1509 1525/1525/1525
f 1525/1525/1525 1509/1509/1509 1526/1526/1526
f 1509/1509/1509 1510/1510/1510 1526/1526/1526
f 1526/1526/1526 1510/1510/1510 1527/1527/1527
f 1510/1510/1510 1511/1511/1511 1527/1527/1527
f 1527/1527/1527 1511/1511/1511 1528/1528/1528
f 1511/1511/1511 1512/1512/1512 1528/1528/1528
f 1528/1528/1528 1512/1512/1512 1529/1529/1529
f 1512/1512/1512 1513/1513/1513 1529/1529/1529
f 1529/1529/1529 1513/1513/1513 1530/1530/1530
f 1514/1514/1514 1515/1515/1515 1531/1531/1531
f 1531/1531/1531 1515/1515/1515 1532/1532/1532
f 1515/1515/1515 1516/1516/1516 1532/1532/1532
f 1532/1532/1532 1516/1516/1516 1533/1533/1533
f 1516/1516/1516 1517/1517/1517 1533/1533/1533
f 1533/1533/1533 1517/1517/1517 1534/1534/1534
f 1517/1517/1517 1518/1518/1518 1534/1534/1534
f 1534/1534/1534 1518/1518/1518 1535/1535/1535
f 1518/1518/1518 1519/1519/1519 1535/1535/1535
f 1535/1535/1535 1519/1519/1519 1536/1536/1536
f 1519/1519/1519 1520/1520/1520 1536/1536/1536
f 1536/1536/1536 1520/1520/1520 1537/1537/1537
f 1520/1520/1520 1521/1521/1521 1537/1537/1537
f 1537/1537/1537 1521/1521/1521 1538/1538/1538
f 1521/1521/1521 1522/1522/1522 1538/1538/1538
f 1538/1538/1538 1522/1522/1522 1539/1539/1539
f 1522/1522/1522 1523/1523/1523 1539/1539/1539
f 1539/1539/1539 1523/1523/1523 1540/1540/1540
f 1523/1523/1523 1524/1524/1524 1540/1540/1540
f 1540/1540/1540 1524/1524/1524 1541/1541/1541
f 1524/1524/1524 1525/1525/1525 1541/1541/1541
f 1541/1541/1541 1525/1525/1525 1542/1542/1542
f 1525/1525/1525 1526/1526/1526 1542/1542/1542
f 1542/1542/1542 1526/1526/1526 1543/1543/1543
f 1526/1526/1526 1527/1527/1527 1543/1543/1543
f 1543/1543/1543 1527/1527/1527 1544/1544/1544
f 1527/1527/1527 1528/1528/1528 1544/1544/1544
f 1544/1544/1544 1528/1528/1528 1545/1545/1545
f 1528/1528/1528 1529/1529/1529 1545/1545/1545
f 1545/1545/1545 1529/1529/1529 1546/1546/1546
f 1529/1529/1529 1530/1530/1530 1546/1546/1546
f 1546/1546/1546 1530/1530/1530 1547/1547/1547
f 1531/1531/1531 1532/1532/1532 1548/1548/1548
f 1548/1548/1548 1532/1532/1532 1549/1549/1549
f 1532/1532/1532 1533/1533/1533 1549/1549/1549
f 1549/1549/1549 1533/1533/1533 1550/1550/1550
f 1533/1533/1533 1534/1534/1534 1550/1550/1550
f 1550/1550/1550 1534/1534/1534 1551/1551/1551
f 1534/1534/1534 1535/1535/1535 1551/1551/1551
f 1551/1551/1551 1535/1535/1535 1552/1552/1552
f 1535/1535/1535 1536/1536/1536 1552/1552/1552
f 1552/1552/1552 1536/1536/1536 1553/1553/1553
f 1536/1536/1536 1537/1537/1537 1553/1553/1553
f 1553/1553/1553 1537/1537/1537 1554/1554/1554
f 1537/1537/1537 1538/1538/1538 1554/1554/1554
f 1554/1554/1554 1538/1538/1538 1555/1555/1555
f 1538/1538/1538 1539/1539/1539 1555/1555/1555
f 1555/1555/1555 1539/1539/1539 1556/1556/1556
f 1539/1539/1539 1540/1540/1540 1556/1556/1556
f 1556/1556/1556 1540/1540/1540 1557/1557/1557
f 1540/1540/1540 1541/1541/1541 1557/1557/1557
f 1557/1557/1557 1541/1541/1541 1558/1558/1558
f 1541/1541/1541 1542/1542/1542 1558/1558/1558
f 1558/1558/1558 1542/1542/1542 1559/1559/1559
f 1542/1542/1542 1543/1543/1543 1559/1559/1559
f 1559/1559/1559 1543/1543/1543 1560/1560/1560
f 1543/1543/1543 1544/1544/1544 1560/1560/1560
f 1560/1560/1560 1544/1544/1544 1561/1561/1561
f 1544/1544/1544 1545/1545/1545 1561/1561/1561
f 1561/1561/1561 1545/1545/1545 1562/1562/1562
f 1545/1545/1545 1546/1546/1546 1562/1562/1562
f 1562/1562/1562 1546/1546/1546 1563/1563/1563
f 1546/1546/1546 1547/1547/1547 1563/1563/1563
f 1563/1563/1563 1547/1547/1547 1564/1564/1564
f 1548/1548/1548 1549/1549/1549 1565/1565/1565
f 1565/1565/1565 1549/1549/1549 1566/1566/1566
f 1549/1549/1549 1550/1550/1550 1566/1566/1566
f 1566/1566/1566 1550/1550/1550 1567/1567/1567
f 1550/1550/1550 1551/1551/1551 1567/1567/1567
f 1567/1567/1567 1551/1551/1551 1568/1568/1568
f 1551/1551/1551 1552/1552/1552 1568/1568/1568
f 1568/1568/1568 1552/1552/1552 1569/1569/1569
f 1552/1552/1552 1553/1553/1553 1569/1569/1569
f 1569/1569/1569 1553/1553/1553 1570/1570/1570
f 1553/1553/1553 1554/1554/1554 1570/1570/1570
f 1570/1570/1570 1554/1554/1554 1571/1571/1571
f 1554/1554/1554 1555/1555/1555 1571/1571/1571
f 1571/1571/1571 1555/1555/1555 1572/1572/1572
f 1555/1555/1555 1556/1556/1556 1572/1572/1572
f 1572/1572/1572 1556/1556/1556 1573/1573/1573
f 1556/1556/1556 1557/1557/1557 1573/1573/1573
f 1573/1573/1573 1557/1557/1557 1574/1574/1574
f 1557/1557/1557 1558/1558/1558 1574/1574/1574
f 1574/1574/1574 1558/1558/1558 1575/1575/1575
f 1558/1558/1558 1559/1559/1559 1575/1575/1575
f 1575/1575/1575 1559/1559/1559 1576/1576/1576
f 1559/1559/1559 1560/1560/1560 1576/1576/1576
f 1576/1576/1576 1560/1560/1560 1577/1577/1577
f 1560/1560/1560 1561/1561/1561 1577/1577/1577
f 1577/1577/1577 1561/1561/1561 1578/1578/1578
f 1561/1561/1561 1562/1562/1562 1578/1578/1578
f 1578/1578/1578 1562/1562/1562 1579/1579/1579
f 1562/1562/1562 1563/1563/1563 1579/1579/1579
f 1579/1579/1579 1563/1563/1563 1580/1580/1580
f 1563/1563/1563 1564/1564/1564 1580/1580/1580
f 1580/1580/1580 1564/1564/1564 1581/1581/1581
f 1565/1565/1565 1566/1566/1566 1582/1582/1582
f 1582/1582/1582 1566/1566/1566 1583/1583/1583
f 1566/1566/1566 1567/1567/1567 1583/1583/1583
f 1583/1583/1583 1567/1567/1567 1584/1584/1584
f 1567/1567/1567 1568/1568/1568 1584/1584/1584
f 1584/1584/1584 1568/1568/1568 1585/1585/1585
f 1568/1568/1568 1569/1569/1569 1585/1585/1585
f 1585/1585/1585 1569/1569/1569 1586/1586/1586
f 1569/1569/1569 1570/1570/1570 1586/1586/1586
f 1586/1586/1586 1570/1570/1570 1587/1587/1587
f 1570/1570/1570 1571/1571/1571 1587/1587/1587
f 1587/1587/1587 1571/1571/1571 1588/1588/1588
f 1571/1571/1571 1572/1572/1572 1588/1588/1588
f 1588/1588/1588 1572/1572/1572 1589/1589/1589
f 1572/1572/1572 1573/1573/1573 1589/1589/1589
f 1589/1589/1589 1573/1573/1573 1590/1590/1590
f 1573/1573/1573 1574/1574/1574 1590/1590/1590
f 1590/1590/1590 1574/1574/1574 1591/1591/1591
f 1574/1574/1574 1575/1575/1575 1591/1591/1591
f 1591/1591/1591 1575/1575/1575 1592/1592/1592
f 1575/1575/1575 1576/1576/1576 1592/1592/1592
f 1592/1592/1592 1576/1576/1576 1593/1593/1593
f 1576/1576/1576 1577/1577/1577 1593/1593/1593
f 1593/1593/1593 1577/1577/1577 1594/1594/1594
f 1577/1577/1577 1578/1578/1578 1594/1594/1594
f 1594/1594/1594 1578/1578/1578 1595/1595/1595
f 1578/1578/1578 1579/1579/1579 1595/1595/1595
f 1595/1595/1595 1579/1579/1579 1596/1596/1596
f 1579/1579/1579 1580/1580/1580 1596/1596/1596
f 1596/1596/1596 1580/1580/1580 1597/1597/1597
f 1580/1580/1580 1581/1581/1581 1597/1597/1597
f 1597/1597/1597 1581/1581/1581 1598/1598/1598
f 1582/1582/1582 1583/1583/1583 1599/1599/1599
f 1599/1599/1599 1583/1583/1583 1600/1600/1600
f 1583/1583/1583 1584/1584/1584 1600/1600/1600
f 1600/1600/1600 1584/1584/1584 1601/1601/1601
f 1584/1584/1584 1585/1585/1585 1601/1601/1601
f 1601/1601/1601 1585/1585/1585 1602/1602/1602
f 1585/1585/1585 1586/1586/1586 1602/1602/1602
f 1602/1602/1602 1586/1586/1586 1603/1603/1603
f 1586/1586/1586 1587/1587/1587 1603/1603/1603
f 1603/1603/1603 1587/1587/1587 1604/1604/1604
f 1587/1587/1587 1588/1588/1588 1604/1604/1604
f 1604/1604/1604 1588/1588/1588 1605/1605/1605
f 1588/1588/1588 1589/1589/1589 1605/1605/1605
f 1605/1605/1605 1589/1589/1589 1606/1606/1606
f 1589/1589/1589 1590/1590/1590 1606/1606/1606
f 1606/1606/1606 1590/1590/1590 1607/1607/1607
f 1590/1590/1590 1591/1591/1591 1607/1607/1607
f 1607/1607/1607 1591/1591/1591 1608/1608/1608
f 1591/1591/1591 1592/1592/1592 1608/1608/1608
f 1608/1608/1608 1592/1592/1592 1609/1609/1609
f 1592/1592/1592 1593/1593/1593 1609/1609/1609
f 1609/1609/1609 1593/1593/1593 1610/1610/1610
f 1593/1593/1593 1594/1594/1594 1610/1610/1610
f 1610/1610/1610 1594/1594/1594 1611/1611/1611
f 1594/1594/1594 1595/1595/1595 1611/1611/1611
f 1611/1611/1611 1595/1595/1595 1612/1612/1612
f 1595/1595/1595 1596/1596/1596 1612/1612/1612
f 1612/1612/1612 1596/1596/1596 1613/1613/1613
f 1596/1596/1596 1597/1597/1597 1613/1613/1613
f 1613/1613/1613 1597/1597/1597 1614/1614/1614
f 1597/1597/1597 1598/1598/1598 1614/1614/1614
f 1614/1614/1614 1598/1598/1598 1615/1615/1615
f 1599/1599/1599 1600/1600/1600 1616/1616/1616
f 1616/1616/1616 1600/1600/1600 1617/1617/1617
f 1600/1600/1600 1601/1601/1601 1617/1617/1617
f 1617/1617/1617 1601/1601/1601 1618/1618/1618
f 1601/1601/1601 1602/1602/1602 1618/1618/1618
f 1618/1618/1618 1602/1602/1602 1619/1619/1619
f 1602/1602/1602 1603/1603/1603 1619/1619/1619
f 1619/1619/1619 1603/1603/1603 1620/1620/1620
f 1603/1603/1603 1604/1604/1604 1620/1620/1620
f 1620/1620/1620 1604/1604/1604 1621/1621/1621
f 1604/1604/1604 1605/1605/1605 1621/1621/1621
f 1621/1621/1621 1605/1605/1605 1622/1622/1622
f 1605/1605/1605 1606/1606/1606 1622/1622/1622
f 1622/1622/1622 1606/1606/1606 1623/1623/1623
f 1606/1606/1606 1607/1607/1607 1623/1623/1623
f 1623/1623/1623 1607/1607/1607 1624/1624/1624
f 1607/1607/1607 1608/1608/1608 1624/1624/1624
f 1624/1624/1624 1608/1608/1608 1625/1625/1625
f 1608/1608/1608 1609/1609/1609 1625/1625/1625
f 1625/1625/1625 1609/1609/1609 1626/1626/1626
f 1609/1609/1609 1610/1610/1610 1626/1626/1626
f 1626/1626/1626 1610/1610/1610 1627/1627/1627
f 1610/1610/1610 1611/1611/1611 1627/1627/1627
f 1627/1627/1627 1611/1611/1611 1628/1628/1628
f 1611/1611/1611 1612/1612/1612 1628/1628/1628
f 1628/1628/1628 1612/1612/1612 1629/1629/1629
f 1612/1612/1612 1613/1613/1613 1629/1629/1629
f 1629/1629/1629 1613/1613/1613 1630/1630/1630
f 1613/1613/1613 1614/1614/1614 1630/1630/1630
f 1630/1630/1630 1614/1614/1614 1631/1631/1631
f 1614/1614/1614 1615/1615/1615 1631/1631/1631
f 1631/1631/1631 1615/1615/1615 1632/1632/1632
f 1616/1616/1616 1617/1617/1617 1633/1633/1633
f 1633/1633/1633 1617/1617/1617 1634/1634/1634
f 1617/1617/1617 1618/1618/1618 1634/1634/1634
f 1634/1634/1634 1618/1618/1618 1635/1635/1635
f 1618/1618/1618 1619/1619/1619 1635/1635/1635
f 1635/1635/1635 1619/1619/1619 1636/1636/1636
f 1619/1619/1619 1620/1620/1620 1636/1636/1636
f 1636/1636/1636 1620/1620/1620 1637/1637/1637
f 1620/1620/1620 1621/1621/1621 1637/1637/1637
f 1637/1637/1637 1621/1621/1621 1638/1638/1638
f 1621/1621/1621 1622/1622/1622 1638/1638/1638
f 1638/1638/1638 1622/1622/1622 1639/1639/1639
f 1622/1622/1622 1623/1623/1623 1639/1639/1639
f 1639/1639/1639 1623/1623/1623 1640/1640/1640
f 1623/1623/1623 1624/1624/1624 1640/1640/1640
f 1640/1640/1640 1624/1624/1624 1641/1641/1641
f 1624/1624/1624 1625/1625/1625 1641/1641/1641
f 1641/1641/1641 1625/1625/1625 1642/1642/1642
f 1625/1625/1625 1626/1626/1626 1642/1642/1642
f 1642/1642/1642 1626/1626/1626 1643/1643/1643
f 1626/1626/1626 1627/1627/1627 1643/1643/1643
f 1643/1643/1643 1627/1627/1627 1644/1644/1644
f 1627/1627/1627 1628/1628/1628 1644/1644/1644
f 1644/1644/1644 1628/1628/1628 1645/1645/1645
f 1628/1628/1628 1629/1629/1629 1645/1645/1645
f 1645/1645/1645 1629/1629/1629 1646/1646/1646
f 1629/1629/1629 1630/1630/1630 1646/1646/1646
f 1646/1646/1646 1630/1630/1630 1647/1647/1647
f 1630/1630/1630 1631/1631/1631 1647/1647/1647
f 1647/1647/1647 1631/1631/1631 1648/1648/1648
f 1631/1631/1631 1632/1632/1632 1648/1648/1648
f 1648/1648/1648 1632/1632/1632 1649/1649/1649
f 1633/1633/1633 1634/1634/1634 1650/1650/1650
f 1650/1650/1650 1634/1634/1634 1651/1651/1651
f 1634/1634/1634 1635/1635/1635 1651/1651/1651
f 1651/1651/1651 1635/1635/1635 1652/1652/1652
f 1635/1635/1635 1636/1636/1636 1652/1652/1652
f 1652/1652/1652 1636/1636/1636 1653/1653/1653
f 1636/1636/1636 1637/1637/1637 1653/1653/1653
f 1653/1653/1653 1637/1637/1637 1654/1654/1654
f 1637/1637/1637 1638/1638/1638 1654/1654/1654
f 1654/1654/1654 1638/1638/1638 1655/1655/1655
f 1638/1638/1638 1639/1639/1639 1655/1655/1655
f 1655/1655/1655 1639/1639/1639 1656/1656/1656
f 1639/1639/1639 1640/1640/1640 1656/1656/1656
f 1656/1656/1656 1640/1640/1640 1657/1657/1657
f 1640/1640/1640 1641/1641/1641 1657/1657/1657
f 1657/1657/1657 1641/1641/1641 1658/1658/1658
f 1641/1641/1641 1642/1642/1642 1658/1658/1658
f 1658/1658/1658 1642/1642/1642 1659/1659/1659
f 1642/1642/1642 1643/1643/1643 1659/1659/1659
f 1659/1659/1659 1643/1643/1643 1660/1660/1660
f 1643/1643/1643 1644/1644/1644 1660/1660/1660
f 1660/1660/1660 1644/1644/1644 1661/1661/1661
f 1644/1644/1644 1645/1645/1645 1661/1661/1661
f 1661/1661/1661 1645/1645/1645 1662/1662/1662
f 1645/1645/1645 1646/1646/1646 1662/1662/1662
f 1662/1662/1662 1646/1646/1646 1663/1663/1663
f 1646/1646/1646 1647/1647/1647 1663/1663/1663
f 1663/1663/1663 1647/1647/1647 1664/1664/1664
f 1647/1647/1647 1648/1648/1648 1664/1664/1664
f 1664/1664/1664 1648/1648/1648 1665/1665/1665
f 1648/1648/1648 1649/1649/1649 1665/1665/1665
f 1665/1665/1665 1649/1649/1649 1666/1666/1666
f 1650/1650/1650 1651/1651/1651 1667/1667/1667
f 1667/1667/1667 1651/1651/1651 1668/1668/1668
f 1651/1651/1651 1652/1652/1652 1668/1668/1668
f 1668/1668/1668 1652/1652/1652 1669/1669/1669
f 1652/1652/1652 1653/1653/1653 1669/1669/1669
f 1669/1669/1669 1653/1653/1653 1670/1670/1670
f 1653/1653/1653 1654/1654/1654 1670/1670/1670
f 1670/1670/1670 1654/1654/1654 1671/1671/1671
f 1654/1654/1654 1655/1655/1655 1671/1671/1671
f 1671/1671/1671 1655/1655/1655 1672/1672/1672
f 1655/1655/1655 1656/1656/1656 1672/1672/1672
f 1672/1672/1672 1656/1656/1656 1673/1673/1673
f 1656/1656/1656 1657/1657/1657 1673/1673/1673
f 1673/1673/1673 1657/1657/1657 1674/1674/1674
f 1657/1657/1657 1658/1658/1658 1674/1674/1674
f 1674/1674/1674 1658/1658/1658 1675/1675/1675
f 1658/1658/1658 1659/1659/1659 1675/1675/1675
f 1675/1675/1675 1659/1659/1659 1676/1676/1676
f 1659/1659/1659 1660/1660/1660 1676/1676/1676
f 1676/1676/1676 1660/1660/1660 1677/1677/1677
f 1660/1660/1660 1661/1661/1661 1677/1677/1677
f 1677/1677/1677 1661/1661/1661 1678/1678/1678
f 1661/1661/1661 1662/1662/1662 1678/1678/1678
f 1678/1678/1678 1662/1662/1662 1679/1679/1679
f 1662/1662/1662 1663/1663/1663 1679/1679/1679
f 1679/1679/1679 1663/1663/1663 1680/1680/1680
f 1663/1663/1663 1664/1664/1664 1680/1680/1680
f 1680/1680/1680 1664/1664/1664 1681/1681/1681
f 1664/1664/1664 1665/1665/1665 1681/1681/1681
f 1681/1681/1681 1665/1665/1665 1682/1682/1682
f 1665/1665/1665 1666/1666/1666 1682/1682/1682
f 1682/1682/1682 1666/1666/1666 1683/1683/1683
f 1667/1667/1667 1668/1668/1668 1684/1684/1684
f 1684/1684/1684 1668/1668/1668 1685/1685/1685
f 1668/1668/1668 1669/1669/1669 1685/1685/1685
f 1685/1685/1685 1669/1669/1669 1686/1686/1686
f 1669/1669/1669 1670/1670/1670 1686/1686/1686
f 1686/1686/1686 1670/1670/1670 1687/1687/1687
f 1670/1670/1670 1671/1671/1671 1687/1687/1687
f 1687/1687/1687 1671/1671/1671 1688/1688/1688
f 1671/1671/1671 1672/1672/1672 1688/1688/1688
f 1688/1688/1688 1672/1672/1672 1689/1689/1689
f 1672/1672/1672 1673/1673/1673 1689/1689/1689
f 1689/1689/1689 1673/1673/1673 1690/1690/1690
f 1673/1673/1673 1674/1674/1674 1690/1690/1690
f 1690/1690/1690 1674/1674/1674 1691/1691/1691
f 1674/1674/1674 1675/1675/1675 1691/1691/1691
f 1691/1691/1691 1675/1675/1675 1692/1692/1692
f 1675/1675/1675 1676/1676/1676 1692/1692/1692
f 1692/1692/1692 1676/1676/1676 1693/1693/1693
f 1676/1676/1676 1677/1677/1677 1693/1693/1693
f 1693/1693/1693 1677/1677/1677 1694/1694/1694
f 1677/1677/1677 1678/1678/1678 1694/1694/1694
f 1694/1694/1694 1678/1678/1678 1695/1695/1695
f 1678/1678/1678 1679/1679/1679 1695/1695/1695
f 1695/1695/1695 1679/1679/1679 1696/1696/1696
f 1679/1679/1679 1680/1680/1680 1696/1696/1696
f 1696/1696/1696 1680/1680/1680 1697/1697/1697
f 1680/1680/1680 1681/1681/1681 1697/1697/1697
f 1697/1697/1697 1681/1681/1681 1698/1698/1698
f 1681/1681/1681 1682/1682/1682 1698/1698/1698
f 1698/1698/1698 1682/1682/1682 1699/1699/1699
f 1682/1682/1682 1683/1683/1683 1699/1699/1699
f 1699/1699/1699 1683/1683/1683 1700/1700/1700
f 1684/1684/1684 1685/1685/1685 1701/1701/1701
f 1701/1701/1701 1685/1685/1685 1702/1702/1702
f 1685/1685/1685 1686/1686/1686 1702/1702/1702
f 1702/1702/1702 1686/1686/1686 1703/1703/1703
f 1686/1686/1686 1687/1687/1687 1703/1703/1703
f 1703/1703/1703 1687/1687/1687 1704/1704/1704
f 1687/1687/1687 1688/1688/1688 1704/1704/1704
f 1704/1704/1704 1688/1688/1688 1705/1705/1705
f 1688/1688/1688 1689/1689/1689 1705/1705/1705
f 1705/1705/1705 1689/1689/1689 1706/1706/1706
f 1689/1689/1689 1690/1690/1690 1706/1706/1706
f 1706/1706/1706 1690/1690/1690 1707/1707/1707
f 1690/1690/1690 1691/1691/1691 1707/1707/1707
f 1707/1707/1707 1691/1691/1691 1708/1708/1708
f 1691/1691/1691 1692/1692/1692 1708/1708/1708
f 1708/1708/1708 1692/1692/1692 1709/1709/1709
f 1692/1692/1692 1693/1693/1693 1709/1709/1709
f 1709/1709/1709 1693/1693/1693 1710/1710/1710
f 1693/1693/1693 1694/1694/1694 1710/1710/1710
f 1710/1710/1710 1694/1694/1694 1711/1711/1711
f 1694/1694/1694 1695/1695/1695 1711/1711/1711
f 1711/1711/1711 1695/1695/1695 1712/1712/1712
f 1695/1695/1695 1696/1696/1696 1712/1712/1712
f 1712/1712/1712 1696/1696/1696 1713/1713/1713
f 1696/1696/1696 1697/1697/1697 1713/1713/1713
f 1713/1713/1713 1697/1697/1697 1714/1714/1714
f 1697/1697/1697 1698/1698/1698 1714/1714/1714
f 1714/1714/1714 1698/1698/1698 1715/1715/1715
f 1698/1698/1698 1699/1699/1699 1715/1715/1715
f 1715/1715/1715 1699/1699/1699 1716/1716/1716
f 1699/1699/1699 1700/1700/1700 1716/1716/1716
f 1716/1716/1716 1700/1700/1700 1717/1717/1717
f 1701/1701/1701 1702/1702/1702 1718/1718/1718
f 1718/1718/1718 1702/1702/1702 1719/1719/1719
f 1702/1702/1702 1703/1703/1703 1719/1719/1719
f 1719/1719/1719 1703/1703/1703 1720/1720/1720
f 1703/1703/1703 1704/1704/1704 1720/1720/1720
f 1720/1720/1720 1704/1704/1704 1721/1721/1721
f 1704/1704/1704 1705/1705/1705 1721/1721/1721
f 1721/1721/1721 1705/1705/1705 1722/1722/1722
f 1705/1705/1705 1706/1706/1706 1722/1722/1722
f 1722/1722/1722 1706/1706/1706 1723/1723/1723
f 1706/1706/1706 1707/1707/1707 1723/1723/1723
f 1723/1723/1723 1707/1707/1707 1724/1724/1724
f 1707/1707/1707 1708/1708/1708 1724/1724/1724
f 1724/1724/1724 1708/1708/1708 1725/1725/1725
f 1708/1708/1708 1709/1709/1709 1725/1725/1725
f 1725/1725/1725 1709/1709/1709 1726/1726/1726
f 1709/1709/1709 1710/1710/1710 1726/1726/1726
f 1726/1726/1726 1710/1710/1710 1727/1727/1727
f 1710/1710/1710 1711/1711/1711 1727/1727/1727
f 1727/1727/1727 1711/1711/1711 1728/1728/1728
f 1711/1711/1711 1712/1712/1712 1728/1728/1728
f 1728/1728/1728 1712/1712/1712 1729/1729/1729
f 1712/1712/1712 1713/1713/1713 1729/1729/1729
f 1729/1729/1729 1713/1713/1713 1730/1730/1730
f 1713/1713/1713 1714/1714/1714 1730/1730/1730
f 1730/1730/1730 1714/1714/1714 1731/1731/1731
f 1714/1714/1714 1715/1715/1715 1731/1731/1731
f 1731/1731/1731 1715/1715/1715 1732/1732/1732
f 1715/1715/1715 1716/1716/1716 1732/1732/1732
f 1732/1732/1732 1716/1716/1716 1733/1733/1733
f 1716/1716/1716 1717/1717/1717 1733/1733/1733
f 1733/1733/1733 1717/1717/1717 1734/1734/1734
f 1718/1718/1718 1719/1719/1719 1735/1735/1735
f 1735/1735/1735 1719/1719/1719 1736/1736/1736
f 1719/1719/1719 1720/1720/1720 1736/1736/1736
f 1736/1736/1736 1720/1720/1720 1737/1737/1737
f 1720/1720/1720 1721/1721/1721 1737/1737/1737
f 1737/1737/1737 1721/1721/1721 1738/1738/1738
f 1721/1721/1721 1722/1722/1722 1738/1738/1738
f 1738/1738/1738 1722/1722/1722 1739/1739/1739
f 1722/1722/1722 1723/1723/1723 1739/1739/1739
f 1739/1739/1739 1723/1723/1723 1740/1740/1740
f 1723/1723/1723 1724/1724/1724 1740/1740/1740
f 1740/1740/1740 1724/1724/1724 1741/1741/1741
f 1724/1724/1724 1725/1725/1725 1741/1741/1741
f 1741/1741/1741 1725/1725/1725 1742/1742/1742
f 1725/1725/1725 1726/1726/1726 1742/1742/1742
f 1742/1742/1742 1726/1726/1726 1743/1743/1743
f 1726/1726/1726 1727/1727/1727 1743/1743/1743
f 1743/1743/1743 1727/1727/1727 1744/1744/1744
f 1727/1727/1727 1728/1728/1728 1744/1744/1744
f 1744/1744/1744 1728/1728/1728 1745/1745/1745
f 1728/1728/1728 1729/1729/1729 1745/1745/1745
f 1745/1745/1745 1729/1729/1729 1746/1746/1746
f 1729/1729/1729 1730/1730/1730 1746/1746/1746
f 1746/1746/1746 1730/1730/1730 1747/1747/1747
f 1730/1730/1730 1731/1731/1731 1747/1747/1747
f 1747/1747/1747 1731/1731/1731 1748/1748/1748
f 1731/1731/1731 1732/1732/1732 1748/1748/1748
f 1748/1748/1748 1732/1732/1732 1749/1749/1749
f 1732/1732/1732 1733/1733/1733 1749/1749/1749
f 1749/1749/1749 1733/1733/1733 1750/1750/1750
f 1733/1733/1733 1734/1734/1734 1750/1750/1750
f 1750/1750/1750 1734/1734/1734 1751/1751/1751
f 1735/1735/1735 1736/1736/1736 1752/1752/1752
f 1752/1752/1752 1736/1736/1736 1753/1753/1753
f 1736/1736/1736 1737/1737/1737 1753/1753/1753
f 1753/1753/1753 1737/1737/1737 1754/1754/1754
f 1737/1737/1737 1738/1738/1738 1754/1754/1754
f 1754/1754/1754 1738/1738/1738 1755/1755/1755
f 1738/1738/1738 1739/1739/1739 1755/1755/1755
f 1755/1755/1755 1739/1739/1739 1756/1756/1756
f 1739/1739/1739 1740/1740/1740 1756/1756/1756
f 1756/1756/1756 1740/1740/1740 1757/1757/1757
f 1740/1740/1740 1741/1741/1741 1757/1757/1757
f 1757/1757/1757 1741/1741/1741 1758/1758/1758
f 1741/1741/1741 1742/1742/1742 1758/1758/1758
f 1758/1758/1758 1742/1742/1742 1759/1759/1759
f 1742/1742/1742 1743/1743/1743 1759/1759/1759
f 1759/1759/1759 1743/1743/1743 1760/1760/1760
f 1743/1743/1743 1744/1744/1744 1760/1760/1760
f 1760/1760/1760 1744/1744/1744 1761/1761/1761
f 1744/1744/1744 1745/1745/1745 1761/1761/1761
f 1761/1761/1761 1745/1745/1745 1762/1762/1762
f 1745/1745/1745 1746/1746/1746 1762/1762/1762
f 1762/1762/1762 1746/1746/1746 1763/1763/1763
f 1746/1746/1746 1747/1747/1747 1763/1763/1763
f 1763/1763/1763 1747/1747/1747 1764/1764/1764
f 1747/1747/1747 1748/1748/1748 1764/1764/1764
f 1764/1764/1764 1748/1748/1748 1765/1765/1765
f 1748/1748/1748 1749/1749/1749 1765/1765/1765
f 1765/1765/1765 1749/1749/1749 1766/1766/1766
f 1749/1749/1749 1750/1750/1750 1766/1766/1766
f 1766/1766/1766 1750/1750/1750 1767/1767/1767
f 1750/1750/1750 1751/1751/1751 1767/1767/1767
f 1767/1767/1767 1751/1751/1751 1768/1768/1768
f 1752/1752/1752 1753/1753/1753 1769/1769/1769
f 1769/1769/1769 1753/1753/1753 1770/1770/1770
f 1753/1753/1753 1754/1754/1754 1770/1770/1770
f 1770/1770/1770 1754/1754/1754 1771/1771/1771
f 1754/1754/1754 1755/1755/1755 1771/1771/1771
f 1771/1771/1771 1755/1755/1755 1772/1772/1772
f 1755/1755/1755 1756/1756/1756 1772/1772/1772
f 1772/1772/1772 1756/1756/1756 1773/1773/1773
f 1756/1756/1756 1757/1757/1757 1773/1773/1773
f 1773/1773/1773 1757/1757/1757 1774/1774/1774
f 1757/1757/1757 1758/1758/1758 1774/1774/1774
f 1774/1774/1774 1758/1758/1758 1775/1775/1775
f 1758/1758/1758 1759/1759/1759 1775/1775/1775
f 1775/1775/1775 1759/1759/1759 1776/1776/1776
f 1759/1759/1759 1760/1760/1760 1776/1776/1776
f 1776/1776/1776 1760/1760/1760 1777/1777/1777
f 1760/1760/1760 1761/1761/1761 1777/1777/1777
f 1777/1777/1777 1761/1761/1761 1778/1778/1778
f 1761/1761/1761 1762/1762/1762 1778/1778/1778
f 1778/1778/1778 1762/1762/1762 1779/1779/1779
f 1762/1762/1762 1763/1763/1763 1779/1779/1779
f 1779/1779/1779 1763/1763/1763 1780/1780/1780
f 1763/1763/1763 1764/1764/1764 1780/1780/1780
f 1780/1780/1780 1764/1764/1764 1781/1781/1781
f 1764/1764/1764 1765/1765/1765 1781/1781/1781
f 1781/1781/1781 1765/1765/1765 1782/1782/1782
f 1765/1765/1765 1766/1766/1766 1782/1782/1782
f 1782/1782/1782 1766/1766/1766 1783/1783/1783
f 1766/1766/1766 1767/1767/1767 1783/1783/1783
f 1783/1783/1783 1767/1767/1767 1784/1784/1784
f 1767/1767/1767 1768/1768/1768 1784/1784/1784
f 1784/1784/1784 1768/1768/1768 1785/1785/1785
f 1769/1769/1769 1770/1770/1770 1786/1786/1786
f 1786/1786/1786 1770/1770/1770 1787/1787/1787
f 1770/1770/1770 1771/1771/1771 1787/1787/1787
f 1787/1787/1787 1771/1771/1771 1788/1788/1788
f 1771/1771/1771 1772/1772/1772 1788/1788/1788
f 1788/1788/1788 1772/1772/1772 1789/1789/1789
f 1772/1772/1772 1773/1773/1773 1789/1789/1789
f 1789/1789/1789 1773/1773/1773 1790/1790/1790
f 1773/1773/1773 1774/1774/1774 1790/1790/1790
f 1790/1790/1790 1774/1774/1774 1791/1791/1791
f 1774/1774/1774 1775/1775/1775 1791/1791/1791
f 1791/1791/1791 1775/1775/1775 1792/1792/1792
f 1775/1775/1775 1776/1776/1776 1792/1792/1792
f 1792/1792/1792 1776/1776/1776 1793/1793/1793
f 1776/1776/1776 1777/1777/1777 1793/1793/1793
f 1793/1793/1793 1777/1777/1777 1794/1794/1794
f 1777/1777/1777 1778/1778/1778 1794/1794/1794
f 1794/1794/1794 1778/1778/1778 1795/1795/1795
f 1778/1778/1778 1779/1779/1779 1795/1795/1795
f 1795/1795/1795 1779/1779/1779 1796/1796/1796
f 1779/1779/1779 1780/1780/1780 1796/1796/1796
f 1796/1796/1796 1780/1780/1780 1797/1797/1797
f 1780/1780/1780 1781/1781/1781 1797/1797/1797
f 1797/1797/1797 1781/1781/1781 1798/1798/1798
f 1781/1781/1781 1782/1782/1782 1798/1798/1798
f 1798/1798/1798 1782/1782/1782 1799/1799/1799
f 1782/1782/1782 1783/1783/1783 1799/1799/1799
f 1799/1799/1799 1783/1783/1783 1800/1800/1800
f 1783/1783/1783 1784/1784/1784 1800/1800/1800
f 1800/1800/1800 1784/1784/1784 1801/1801/1801
f 1784/1784/1784 1785/1785/1785 1801/1801/1801
f 1801/1801/1801 1785/1785/1785 1802/1802/1802
f 1786/1786/1786 1787/1787/1787 1803/1803/1803
f 1803/1803/1803 1787/1787/1787 1804/1804/1804
f 1787/1787/1787 1788/1788/1788 1804/1804/1804
f 1804/1804/1804 1788/1788/1788 1805/1805/1805
f 1788/1788/1788 1789/1789/1789 1805/1805/1805
f 1805/1805/1805 1789/1789/1789 1806/1806/1806
f 1789/1789/1789 1790/1790/1790 1806/1806/1806
f 1806/1806/1806 1790/1790/1790 1807/1807/1807
f 1790/1790/1790 1791/1791/1791 1807/1807/1807
f 1807/1807/1807 1791/1791/1791 1808/1808/1808
f 1791/1791/1791 1792/1792/1792 1808/1808/1808
f 1808/1808/1808 1792/1792/1792 1809/1809/1809
f 1792/1792/1792 1793/1793/1793 1809/1809/1809
f 1809/1809/1809 1793/1793/1793 1810/1810/1810
f 1793/1793/1793 1794/1794/1794 1810/1810/1810
f 1810/1810/1810 1794/1794/1794 1811/1811/1811
f 1794/1794/1794 1795/1795/1795 1811/1811/1811
f 1811/1811/1811 1795/1795/1795 1812/1812/1812
f 1795/1795/1795 1796/1796/1796 1812/1812/1812
f 1812/1812/1812 1796/1796/1796 1813/1813/1813
f 1796/1796/1796 1797/1797/1797 1813/1813/1813
f 1813/1813/1813 1797/1797/1797 1814/1814/1814
f 1797/1797/1797 1798/1798/1798 1814/1814/1814
f 1814/1814/1814 1798/1798/1798 1815/1815/1815
f 1798/1798/1798 1799/1799/1799 1815/1815/1815
f 1815/1815/1815 1799/1799/1799 1816/1816/1816
f 1799/1799/1799 1800/1800/1800 1816/1816/1816
f 1816/1816/1816 1800/1800/1800 1817/1817/1817
f 1800/1800/1800 1801/1801/1801 1817/1817/1817
f 1817/1817/1817 1801/1801/1801 1818/1818/1818
f 1801/1801/1801 1802/1802/1802 1818/1818/1818
f 1818/1818/1818 1802/1802/1802 1819/1819/1819
f 1803/1803/1803 1804/1804/1804 1820/1820/1820
f 1820/1820/1820 1804/1804/1804 1821/1821/1821
f 1804/1804/1804 1805/1805/1805 1821/1821/1821
f 1821/1821/1821 1805/1805/1805 1822/1822/1822
f 1805/1805/1805 1806/1806/1806 1822/1822/1822
f 1822/1822/1822 1806/1806/1806 1823/1823/1823
f 1806/1806/1806 1807/1807/1807 1823/1823/1823
f 1823/1823/1823 1807/1807/1807 1824/1824/1824
f 1807/1807/1807 1808/1808/1808 1824/1824/1824
f 1824/1824/1824 1808/1808/1808 1825/1825/1825
f 1808/1808/1808 1809/1809/1809 1825/1825/1825
f 1825/1825/1825 1809/1809/1809 1826/1826/1826
f 1809/1809/1809 1810/1810/1810 1826/1826/1826
f 1826/1826/1826 1810/1810/1810 1827/1827/1827
f 1810/1810/1810 1811/1811/1811 1827/1827/1827
f 1827/1827/1827 1811/1811/1811 1828/1828/1828
f 1811/1811/1811 1812/1812/1812 1828/1828/1828
f 1828/1828/1828 1812/1812/1812 1829/1829/1829
f 1812/1812/1812 1813/1813/1813 1829/1829/1829
f 1829/1829/1829 1813/1813/1813 1830/1830/1830
f 1813/1813/1813 1814/1814/1814 1830/1830/1830
f 1830/1830/1830 1814/1814/1814 1831/1831/1831
f 1814/1814/1814 1815/1815/1815 1831/1831/1831
f 1831/1831/1831 1815/1815/1815 1832/1832/1832
f 1815/1815/1815 1816/1816/1816 1832/1832/1832
f 1832/1832/1832 1816/1816/1816 1833/1833/1833
f 1816/1816/1816 1817/1817/1817 1833/1833/1833
f 1833/1833/1833 1817/1817/1817 1834/1834/1834
f 1817/1817/1817 1818/1818/1818 1834/1834/1834
f 1834/1834/1834 1818/1818/1818 1835/1835/1835
f 1818/1818/1818 1819/1819/1819 1835/1835/1835
f 1835/1835/1835 1819/1819/1819 1836/1836/1836
f 1820/1820/1820 1821/1821/1821 1837/1837/1837
f 1837/1837/1837 1821/1821/1821 1838/1838/1838
f 1821/1821/1821 1822/1822/1822 1838/1838/1838
f 1838/1838/1838 1822/1822/1822 1839/1839/1839
f 1822/1822/1822 1823/1823/1823 1839/1839/1839
f 1839/1839/1839 1823/1823/1823 1840/1840/1840
f 1823/1823/1823 1824/1824/1824 1840/1840/1840
f 1840/1840/1840 1824/1824/1824 1841/1841/1841
f 1824/1824/1824 1825/1825/1825 1841/1841/1841
f 1841/1841/1841 1825/1825/1825 1842/1842/1842
f 1825/1825/1825 1826/1826/1826 1842/1842/1842
f 1842/1842/1842 1826/1826/1826 1843/1843/1843
f 1826/1826/1826 1827/1827/1827 1843/1843/1843
f 1843/1843/1843 1827/1827/1827 1844/1844/1844
f 1827/1827/1827 1828/1828/1828 1844/1844/1844
f 1844/1844/1844 1828/1828/1828 1845/1845/1845
f 1828/1828/1828 1829/1829/1829 1845/1845/1845
f 1845/1845/1845 1829/1829/1829 1846/1846/1846
f 1829/1829/1829 1830/1830/1830 1846/1846/1846
f 1846/1846/1846 1830/1830/1830 1847/1847/1847
f 1830/1830/1830 1831/1831/1831 1847/1847/1847
f 1847/1847/1847 1831/1831/1831 1848/1848/1848
f 1831/1831/1831 1832/1832/1832 1848/1848/1848
f 1848/1848/1848 1832/1832/1832 1849/1849/1849
f 1832/1832/1832 1833/1833/1833 1849/1849/1849
f 1849/1849/1849 1833/1833/1833 1850/1850/1850
f 1833/1833/1833 1834/1834/1834 1850/1850/1850
f 1850/1850/1850 1834/1834/1834 1851/1851/1851
f 1834/1834/1834 1835/1835/1835 1851/1851/1851
f 1851/1851/1851 1835/1835/1835 1852/1852/1852
f 1835/1835/1835 1836/1836/1836 1852/1852/1852
f 1852/1852/1852 1836/1836/1836 1853/1853/1853
f 1837/1837/1837 1838/1838/1838 1854/1854/1854
f 1854/1854/1854 1838/1838/1838 1855/1855/1855
f 1838/1838/1838 1839/1839/1839 1855/1855/1855
f 1855/1855/1855 1839/1839/1839 1856/1856/1856
f 1839/1839/1839 1840/1840/1840 1856/1856/1856
f 1856/1856/1856 1840/1840/1840 1857/1857/1857
f 1840/1840/1840 1841/1841/1841 1857/1857/1857
f 1857/1857/1857 1841/1841/1841 1858/1858/1858
f 1841/1841/1841 1842/1842/1842 1858/1858/1858
f 1858/1858/1858 1842/1842/1842 1859/1859/1859
f 1842/1842/1842 1843/1843/1843 1859/1859/1859
f 1859/1859/1859 1843/1843/1843 1860/1860/1860
f 1843/1843/1843 1844/1844/1844 1860/1860/1860
f 1860/1860/1860 1844/1844/1844 1861/1861/1861
f 1844/1844/1844 1845/1845/1845 1861/1861/1861
f 1861/1861/1861 1845/1845/1845 1862/1862/1862
f 1845/1845/1845 1846/1846/1846 1862/1862/1862
f 1862/1862/1862 1846/1846/1846 1863/1863/1863
f 1846/1846/1846 1847/1847/1847 1863/1863/1863
f 1863/1863/1863 1847/1847/1847 1864/1864/1864
f 1847/1847/1847 1848/1848/1848 1864/1864/1864
f 1864/1864/1864 1848/1848/1848 1865/1865/1865
f 1848/1848/1848 1849/1849/1849 1865/1865/1865
f 1865/1865/1865 1849/1849/1849 1866/1866/1866
f 1849/1849/1849 1850/1850/1850 1866/1866/1866
f 1866/1866/1866 1850/1850/1850 1867/1867/1867
f 1850/1850/1850 1851/1851/1851 1867/1867/1867
f 1867/1867/1867 1851/1851/1851 1868/1868/1868
f 1851/1851/1851 1852/1852/1852 1868/1868/1868
f 1868/1868/1868 1852/1852/1852 1869/1869/1869
f 1852/1852/1852 1853/1853/1853 1869/1869/1869
f 1869/1869/1869 1853/1853/1853 1870/1870/1870
f 1854/1854/1854 1855/1855/1855 1871/1871/1871
f 1871/1871/1871 1855/1855/1855 1872/1872/1872
f 1855/1855/1855 1856/1856/1856 1872/1872/1872
f 1872/1872/1872 1856/1856/1856 1873/1873/1873
f 1856/1856/1856 1857/1857/1857 1873/1873/1873
f 1873/1873/1873 1857/1857/1857 1874/1874/1874
f 1857/1857/1857 1858/1858/1858 1874/1874/1874
f 1874/1874/1874 1858/1858/1858 1875/1875/1875
f 1858/1858/1858 1859/1859/1859 1875/1875/1875
f 1875/1875/1875 1859/1859/1859 1876/1876/1876
f 1859/1859/1859 1860/1860/1860 1876/1876/1876
f 1876/1876/1876 1860/1860/1860 1877/1877/1877
f 1860/1860/1860 1861/1861/1861 1877/1877/1877
f 1877/1877/1877 1861/1861/1861 1878/1878/1878
f 1861/1861/1861 1862/1862/1862 1878/1878/1878
f 1878/1878/1878 1862/1862/1862 1879/1879/1879
f 1862/1862/1862 1863/1863/1863 1879/1879/1879
f 1879/1879/1879 1863/1863/1863 1880/1880/1880
f 1863/1863/1863 1864/1864/1864 1880/1880/1880
f 1880/1880/1880 1864/1864/1864 1881/1881/1881
f 1864/1864/1864 1865/1865/1865 1881/1881/1881
f 1881/1881/1881 1865/1865/1865 1882/1882/1882
f 1865/1865/1865 1866/1866/1866 1882/1882/1882
f 1882/1882/1882 1866/1866/1866 1883/1883/1883
f 1866/1866/1866 1867/1867/1867 1883/1883/1883
f 1883/1883/1883 1867/1867/1867 1884/1884/1884
f 1867/1867/1867 1868/1868/1868 1884/1884/1884
f 1884/1884/1884 1868/1868/1868 1885/1885/1885
f 1868/1868/1868 1869/1869/1869 1885/1885/1885
f 1885/1885/1885 1869/1869/1869 1886/1886/1886
f 1869/1869/1869 1870/1870/1870 1886/1886/1886
f 1886/1886/1886 1870/1870/1870 1887/1887/1887
f 1871/1871/1871 1872/1872/1872 1888/1888/1888
f 1888/1888/1888 1872/1872/1872 1889/1889/1889
f 1872/1872/1872 1873/1873/1873 1889/1889/1889
f 1889/1889/1889 1873/1873/1873 1890/1890/1890
f 1873/1873/1873 1874/1874/1874 1890/1890/1890
f 1890/1890/1890 1874/1874/1874 1891/1891/1891
f 1874/1874/1874 1875/1875/1875 1891/1891/1891
f 1891/1891/1891 1875/1875/1875 1892/1892/1892
f 1875/1875/1875 1876/1876/1876 1892/1892/1892
f 1892/1892/1892 1876/1876/1876 1893/1893/1893
f 1876/1876/1876 1877/1877/1877 1893/1893/1893
f 1893/1893/1893 1877/1877/1877 1894/1894/1894
f 1877/1877/1877 1878/1878/1878 1894/1894/1894
f 1894/1894/1894 1878/1878/1878 1895/1895/1895
f 1878/1878/1878 1879/1879/1879 1895/1895/1895
f 1895/1895/1895 1879/1879/1879 1896/1896/1896
f 1879/1879/1879 1880/1880/1880 1896/1896/1896
f 1896/1896/1896 1880/1880/1880 1897/1897/1897
f 1880/1880/1880 1881/1881/1881 1897/1897/1897
f 1897/1897/1897 1881/1881/1881 1898/1898/1898
f 1881/1881/1881 1882/1882/1882 1898/1898/1898
f 1898/1898/1898 1882/1882/1882 1899/1899/1899
f 1882/1882/1882 1883/1883/1883 1899/1899/1899
f 1899/1899/1899 1883/1883/1883 1900/1900/1900
f 1883/1883/1883 1884/1884/1884 1900/1900/1900
f 1900/1900/1900 1884/1884/1884 1901/1901/1901
f 1884/1884/1884 1885/1885/1885 1901/1901/1901
f 1901/1901/1901 1885/1885/1885 1902/1902/1902
f 1885/1885/1885 1886/1886/1886 1902/1902/1902
f 1902/1902/1902 1886/1886/1886 1903/1903/1903
f 1886/1886/1886 1887/1887/1887 1903/1903/1903
f 1903/1903/1903 1887/1887/1887 1904/1904/1904
f 1888/1888/1888 1889/1889/1889 1905/1905/1905
f 1905/1905/1905 1889/1889/1889 1906/1906/1906
f 1889/1889/1889 1890/1890/1890 1906/1906/1906
f 1906/1906/1906 1890/1890/1890 1907/1907/1907
f 1890/1890/1890 1891/1891/1891 1907/1907/1907
f 1907/1907/1907 1891/1891/1891 1908/1908/1908
f 1891/1891/1891 1892/1892/1892 1908/1908/1908
f 1908/1908/1908 1892/1892/1892 1909/1909/1909
f 1892/1892/1892 1893/1893/1893 1909/1909/1909
f 1909/1909/1909 1893/1893/1893 1910/1910/1910
f 1893/1893/1893 1894/1894/1894 1910/1910/1910
f 1910/1910/1910 1894/1894/1894 1911/1911/1911
f 1894/1894/1894 1895/1895/1895 1911/1911/1911
f 1911/1911/1911 1895/1895/1895 1912/1912/1912
f 1895/1895/1895 1896/1896/1896 1912/1912/1912
f 1912/1912/1912 1896/1896/1896 1913/1913/1913
f 1896/1896/1896 1897/1897/1897 1913/1913/1913
f 1913/1913/1913 1897/1897/1897 1914/1914/1914
f 1897/1897/1897 1898/1898/1898 1914/1914/1914
f 1914/1914/1914 1898/1898/1898 1915/1915/1915
f 1898/1898/1898 1899/1899/1899 1915/1915/1915
f 1915/1915/1915 1899/1899/1899 1916/1916/1916
f 1899/1899/1899 1900/1900/1900 1916/1916/1916
f 1916/1916/1916 1900/1900/1900 1917/1917/1917
f 1900/1900/1900 1901/1901/1901 1917/1917/1917
f 1917/1917/1917 1901/1901/1901 1918/1918/1918
f 1901/1901/1901 1902/1902/1902 1918/1918/1918
f 1918/1918/1918 1902/1902/1902 1919/1919/1919
f 1902/1902/1902 1903/1903/1903 1919/1919/1919
f 1919/1919/1919 1903/1903/1903 1920/1920/1920
f 1903/1903/1903 1904/1904/1904 1920/1920/1920
f 1920/1920/1920 1904/1904/1904 1921/1921/1921
f 1905/1905/1905 1906/1906/1906 1922/1922/1922
f 1922/1922/1922 1906/1906/1906 1923/1923/1923
f 1906/1906/1906 1907/1907/1907 1923/1923/1923
f 1923/1923/1923 1907/1907/1907 1924/1924/1924
f 1907/1907/1907 1908/1908/1908 1924/1924/1924
f 1924/1924/1924 1908/1908/1908 1925/1925/1925
f 1908/1908/1908 1909/1909/1909 1925/1925/1925
f 1925/1925/1925 1909/1909/1909 1926/1926/1926
f 1909/1909/1909 1910/1910/1910 1926/1926/1926
f 1926/1926/1926 1910/1910/1910 1927/1927/1927
f 1910/1910/1910 1911/1911/1911 1927/1927/1927
f 1927/1927/1927 1911/1911/1911 1928/1928/1928
f 1911/1911/1911 1912/1912/1912 1928/1928/1928
f 1928/1928/1928 1912/1912/1912 1929/1929/1929
f 1912/1912/1912 1913/1913/1913 1929/1929/1929
f 1929/1929/1929 1913/1913/1913 1930/1930/1930
f 1913/1913/1913 1914/1914/1914 1930/1930/1930
f 1930/1930/1930 1914/1914/1914 1931/1931/1931
f 1914/1914/1914 1915/1915/1915 1931/1931/1931
f 1931/1931/1931 1915/1915/1915 1932/1932/1932
f 1915/1915/1915 1916/1916/1916 1932/1932/1932
f 1932/1932/1932 1916/1916/1916 1933/1933/1933
f 1916/1916/1916 1917/1917/1917 1933/1933/1933
f 1933/1933/1933 1917/1917/1917 1934/1934/1934
f 1917/1917/1917 1918/1918/1918 1934/1934/1934
f 1934/1934/1934 1918/1918/1918 1935/1935/1935
f 1918/1918/1918 1919/1919/1919 1935/1935/1935
f 1935/1935/1935 1919/1919/1919 1936/1936/1936
f 1919/1919/1919 1920/1920/1920 1936/1936/1936
f 1936/1936/1936 1920/1920/1920 1937/1937/1937
f 1920/1920/1920 1921/1921/1921 1937/1937/1937
f 1937/1937/1937 1921/1921/1921 1938/1938/1938
f 1922/1922/1922 1923/1923/1923 1939/1939/1939
f 1939/1939/1939 1923/1923/1923 1940/1940/1940
f 1923/1923/1923 1924/1924/1924 1940/1940/1940
f 1940/1940/1940 1924/1924/1924 1941/1941/1941
f 1924/1924/1924 1925/1925/1925 1941/1941/1941
f 1941/1941/1941 1925/1925/1925 1942/1942/1942
f 1925/1925/1925 1926/1926/1926 1942/1942/1942
f 1942/1942/1942 1926/1926/1926 1943/1943/1943
f 1926/1926/1926 1927/1927/1927 1943/1943/1943
f 1943/1943/1943 1927/1927/1927 1944/1944/1944
f 1927/1927/1927 1928/1928/1928 1944/1944/1944
f 1944/1944/1944 1928/1928/1928 1945/1945/1945
f 1928/1928/1928 1929/1929/1929 1945/1945/1945
f 1945/1945/1945 1929/1929/1929 1946/1946/1946
f 1929/1929/1929 1930/1930/1930 1946/1946/1946
f 1946/1946/1946 1930/1930/1930 1947/1947/1947
f 1930/1930/1930 1931/1931/1931 1947/1947/1947
f 1947/1947/1947 1931/1931/1931 1948/1948/1948
f 1931/1931/1931 1932/1932/1932 1948/1948/1948
f 1948/1948/1948 1932/1932/1932 1949/1949/1949
f 1932/1932/1932 1933/1933/1933 1949/1949/1949
f 1949/1949/1949 1933/1933/1933 1950/1950/1950
f 1933/1933/1933 1934/1934/1934 1950/1950/1950
f 1950/1950/1950 1934/1934/1934 1951/1951/1951
f 1934/1934/1934 1935/1935/1935 1951/1951/1951
f 1951/1951/1951 1935/1935/1935 1952/1952/1952
f 1935/1935/1935 1936/1936/1936 1952/1952/1952
f 1952/1952/1952 1936/1936/1936 1953/1953/1953
f 1936/1936/1936 1937/1937/1937 1953/1953/1953
f 1953/1953/1953 1937/1937/1937 1954/1954/1954
f 1937/1937/1937 1938/1938/1938 1954/1954/1954
f 1954/1954/1954 1938/1938/1938 1955/1955/1955
f 1939/1939/1939 1940/1940/1940 1956/1956/1956
f 1956/1956/1956 1940/1940/1940 1957/1957/1957
f 1940/1940/1940 1941/1941/1941 1957/1957/1957
f 1957/1957/1957 1941/1941/1941 1958/1958/1958
f 1941/1941/1941 1942/1942/1942 1958/1958/1958
f 1958/1958/1958 1942/1942/1942 1959/1959/1959
f 1942/1942/1942 1943/1943/1943 1959/1959/1959
f 1959/1959/1959 1943/1943/1943 1960/1960/1960
f 1943/1943/1943 1944/1944/1944 1960/1960/1960
f 1960/1960/1960 1944/1944/1944 1961/1961/1961
f 1944/1944/1944 1945/1945/1945 1961/1961/1961
f 1961/1961/1961 1945/1945/1945 1962/1962/1962
f 1945/1945/1945 1946/1946/1946 1962/1962/1962
f 1962/1962/1962 1946/1946/1946 1963/1963/1963
f 1946/1946/1946 1947/1947/1947 1963/1963/1963
f 1963/1963/1963 1947/1947/1947 1964/1964/1964
f 1947/1947/1947 1948/1948/1948 1964/1964/1964
f 1964/1964/1964 1948/1948/1948 1965/1965/1965
f 1948/1948/1948 1949/1949/1949 1965/1965/1965
f 1965/1965/1965 1949/1949/1949 1966/1966/1966
f 1949/1949/1949 1950/1950/1950 1966/1966/1966
f 1966/1966/1966 1950/1950/1950 1967/1967/1967
f 1950/1950/1950 1951/1951/1951 1967/1967/1967
f 1967/1967/1967 1951/1951/1951 1968/1968/1968
f 1951/1951/1951 1952/1952/1952 1968/1968/1968
f 1968/1968/1968 1952/1952/1952 1969/1969/1969
f 1952/1952/1952 1953/1953/1953 1969/1969/1969
f 1969/1969/1969 1953/1953/1953 1970/1970/1970
f 1953/1953/1953 1954/1954/1954 1970/1970/1970
f 1970/1970/1970 1954/1954/1954 1971/1971/1971
f 1954/1954/1954 1955/1955/1955 1971/1971/1971
f 1971/1971/1971 1955/1955/1955 1972/1972/1972
f 1956/1956/1956 1957/1957/1957 1973/1973/1973
f 1973/1973/1973 1957/1957/1957 1974/1974/1974
f 1957/1957/1957 1958/1958/1958 1974/1974/1974
f 1974/1974/1974 1958/1958/1958 1975/1975/1975
f 1958/1958/1958 1959/1959/1959 1975/1975/1975
f 1975/1975/1975 1959/1959/1959 1976/1976/1976
f 1959/1959/1959 1960/1960/1960 1976/1976/1976
f 1976/1976/1976 1960/1960/1960 1977/1977/1977
f 1960/1960/1960 1961/1961/1961 1977/1977/1977
f 1977/1977/1977 1961/1961/1961 1978/1978/1978
f 1961/1961/1961 1962/1962/1962 1978/1978/1978
f 1978/1978/1978 1962/1962/1962 1979/1979/1979
f 1962/1962/1962 1963/1963/1963 1979/1979/1979
f 1979/1979/1979 1963/1963/1963 1980/1980/1980
f 1963/1963/1963 1964/1964/1964 1980/1980/1980
f 1980/1980/1980 1964/1964/1964 1981/1981/1981
f 1964/1964/1964 1965/1965/1965 1981/1981/1981
f 1981/1981/1981 1965/1965/1965 1982/1982/1982
f 1965/1965/1965 1966/1966/1966 1982/1982/1982
f 1982/1982/1982 1966/1966/1966 1983/1983/1983
f 1966/1966/1966 1967/1967/1967 1983/1983/1983
f 1983/1983/1983 1967/1967/1967 1984/1984/1984
f 1967/1967/1967 1968/1968/1968 1984/1984/1984
f 1984/1984/1984 1968/1968/1968 1985/1985/1985
f 1968/1968/1968 1969/1969/1969 1985/1985/1985
f 1985/1985/1985 1969/1969/1969 1986/1986/1986
f 1969/1969/1969 1970/1970/1970 1986/1986/1986
f 1986/1986/1986 1970/1970/1970 1987/1987/1987
f 1970/1970/1970 1971/1971/1971 1987/1987/1987
f 1987/1987/1987 1971/1971/1971 1988/1988/1988
f 1971/1971/1971 1972/1972/1972 1988/1988/1988
f 1988/1988/1988 1972/1972/1972 1989/1989/1989
f 1973/1973/1973 1974/1974/1974 1990/1990/1990
f 1990/1990/1990 1974/1974/1974 1991/1991/1991
f 1974/1974/1974 1975/1975/1975 1991/1991/1991
f 1991/1991/1991 1975/1975/1975 1992/1992/1992
f 1975/1975/1975 1976/1976/1976 1992/1992/1992
f 1992/1992/1992 1976/1976/1976 1993/1993/1993
f 1976/1976/1976 1977/1977/1977 1993/1993/1993
f 1993/1993/1993 1977/1977/1977 1994/1994/1994
f 1977/1977/1977 1978/1978/1978 1994/1994/1994
f 1994/1994/1994 1978/1978/1978 1995/1995/1995
f 1978/1978/1978 1979/1979/1979 1995/1995/1995
f 1995/1995/1995 1979/1979/1979 1996/1996/1996
f 1979/1979/1979 1980/1980/1980 1996/1996/1996
f 1996/1996/1996 1980/1980/1980 1997/1997/1997
f 1980/1980/1980 1981/1981/1981 1997/1997/1997
f 1997/1997/1997 1981/1981/1981 1998/1998/1998
f 1981/1981/1981 1982/1982/1982 1998/1998/1998
f 1998/1998/1998 1982/1982/1982 1999/1999/1999
f 1982/1982/1982 1983/1983/1983 1999/1999/1999
f 1999/1999/1999 1983/1983/1983 2000/2000/2000
f 1983/1983/1983 1984/1984/1984 2000/2000/2000
f 2000/2000/2000 1984/1984/1984 2001/2001/2001
f 1984/1984/1984 1985/1985/1985 2001/2001/2001
f 2001/2001/2001 1985/1985/1985 2002/2002/2002
f 1985/1985/1985 1986/1986/1986 2002/2002/2002
f 2002/2002/2002 1986/1986/1986 2003/2003/2003
f 1986/1986/1986 1987/1987/1987 2003/2003/2003
f 2003/2003/2003 1987/1987/1987 2004/2004/2004
f 1987/1987/1987 1988/1988/1988 2004/2004/2004
f 2004/2004/2004 1988/1988/1988 2005/2005/2005
f 1988/1988/1988 1989/1989/1989 2005/2005/2005
f 2005/2005/2005 1989/1989/1989 2006/2006/2006
f 1990/1990/1990 1991/1991/1991 2007/2007/2007
f 2007/2007/2007 1991/1991/1991 2008/2008/2008
f 1991/1991/1991 1992/1992/1992 2008/2008/2008
f 2008/2008/2008 1992/1992/1992 2009/2009/2009
f 1992/1992/1992 1993/1993/1993 2009/2009/2009
f 2009/2009/2009 1993/1993/1993 2010/2010/2010
f 1993/1993/1993 1994/1994/1994 2010/2010/2010
f 2010/2010/2010 1994/1994/1994 2011/2011/2011
f 1994/1994/1994 1995/1995/1995 2011/2011/2011
f 2011/2011/2011 1995/1995/1995 2012/2012/2012
f 1995/1995/1995 1996/1996/1996 2012/2012/2012
f 2012/2012/2012 1996/1996/1996 2013/2013/2013
f 1996/1996/1996 1997/1997/1997 2013/2013/2013
f 2013/2013/2013 1997/1997/1997 2014/2014/2014
f 1997/1997/1997 1998/1998/1998 2014/2014/2014
f 2014/2014/2014 1998/1998/1998 2015/2015/2015
f 1998/1998/1998 1999/1999/1999 2015/2015/2015
f 2015/2015/2015 1999/1999/1999 2016/2016/2016
f 1999/1999/1999 2000/2000/2000 2016/2016/2016
f 2016/2016/2016 2000/2000/2000 2017/2017/2017
f 2000/2000/2000 2001/2001/2001 2017/2017/2017
f 2017/2017/2017 2001/2001/2001 2018/2018/2018
f 2001/2001/2001 2002/2002/2002 2018/2018/2018
f 2018/2018/2018 2002/2002/2002 2019/2019/2019
f 2002/2002/2002 2003/2003/2003 2019/2019/2019
f 2019/2019/2019 2003/2003/2003 2020/2020/2020
f 2003/2003/2003 2004/2004/2004 2020/2020/2020
f 2020/2020/2020 2004/2004/2004 2021/2021/2021
f 2004/2004/2004 2005/2005/2005 2021/2021/2021
f 2021/2021/2021 2005/2005/2005 2022/2022/2022
f 2005/2005/2005 2006/2006/2006 2022/2022/2022
f 2022/2022/2022 2006/2006/2006 2023/2023/2023
f 2007/2007/2007 2008/2008/2008 2024/2024/2024
f 2024/2024/2024 2008/2008/2008 2025/2025/2025
f 2008/2008/2008 2009/2009/2009 2025/2025/2025
f 2025/2025/2025 2009/2009/2009 2026/2026/2026
f 2009/2009/2009 2010/2010/2010 2026/2026/2026
f 2026/2026/2026 2010/2010/2010 2027/2027/2027
f 2010/2010/2010 2011/2011/2011 2027/2027/2027
f 2027/2027/2027 2011/2011/2011 2028/2028/2028
f 2011/2011/2011 2012/2012/2012 2028/2028/2028
f 2028/2028/2028 2012/2012/2012 2029/2029/2029
f 2012/2012/2012 2013/2013/2013 2029/2029/2029
f 2029/2029/2029 2013/2013/2013 2030/2030/2030
f 2013/2013/2013 2014/2014/2014 2030/2030/2030
f 2030/2030/2030 2014/2014/2014 2031/2031/2031
f 2014/2014/2014 2015/2015/2015 2031/2031/2031
f 2031/2031/2031 2015/2015/2015 2032/2032/2032
f 2015/2015/2015 2016/2016/2016 2032/2032/2032
f 2032/2032/2032 2016/2016/2016 2033/2033/2033
f 2016/2016/2016 2017/2017/2017 2033/2033/2033
f 2033/2033/2033 2017/2017/2017 2034/2034/2034
f 2017/2017/2017 2018/2018/2018 2034/2034/2034
f 2034/2034/2034 2018/2018/2018 2035/2035/2035
f 2018/2018/2018 2019/2019/2019 2035/2035/2035
f 2035/2035/2035 2019/2019/2019 2036/2036/2036
f 2019/2019/2019 2020/2020/2020 2036/2036/2036
f 2036/2036/2036 2020/2020/2020 2037/2037/2037
f 2020/2020/2020 2021/2021/2021 2037/2037/2037
f 2037/2037/2037 2021/2021/2021 2038/2038/2038
f 2021/2021/2021 2022/2022/2022 2038/2038/2038
f 2038/2038/2038 2022/2022/2022 2039/2039/2039
f 2022/2022/2022 2023/2023/2023 2039/2039/2039
f 2039/2039/2039 2023/2023/2023 2040/2040/2040
f 2024/2024/2024 2025/2025/2025 2041/2041/2041
f 2041/2041/2041 2025/2025/2025 2042/2042/2042
f 2025/2025/2025 2026/2026/2026 2042/2042/2042
f 2042/2042/2042 2026/2026/2026 2043/2043/2043
f 2026/2026/2026 2027/2027/2027 2043/2043/2043
f 2043/2043/2043 2027/2027/2027 2044/2044/2044
f 2027/2027/2027 2028/2028/2028 2044/2044/2044
f 2044/2044/2044 2028/2028/2028 2045/2045/2045
f 2028/2028/2028 2029/2029/2029 2045/2045/2045
f 2045/2045/2045 2029/2029/2029 2046/2046/2046
f 2029/2029/2029 2030/2030/2030 2046/2046/2046
f 2046/2046/2046 2030/2030/2030 2047/2047/2047
f 2030/2030/2030 2031/2031/2031 2047/2047/2047
f 2047/2047/2047 2031/2031/2031 2048/2048/2048
f 2031/2031/2031 2032/2032/2032 2048/2048/2048
f 2048/2048/2048 2032/2032/2032 2049/2049/2049
f 2032/2032/2032 2033/2033/2033 2049/2049/2049
f 2049/2049/2049 2033/2033/2033 2050/2050/2050
f 2033/2033/2033 2034/2034/2034 2050/2050/2050
f 2050/2050/2050 2034/2034/2034 2051/2051/2051
f 2034/2034/2034 2035/2035/2035 2051/2051/2051
f 2051/2051/2051 2035/2035/2035 2052/2052/2052
f 2035/2035/2035 2036/2036/2036 2052/2052/2052
f 2052/2052/2052 2036/2036/2036 2053/2053/2053
f 2036/2036/2036 2037/2037/2037 2053/2053/2053
f 2053/2053/2053 2037/2037/2037 2054/2054/2054
f 2037/2037/2037 2038/2038/2038 2054/2054/2054
f 2054/2054/2054 2038/2038/2038 2055/2055/2055
f 2038/2038/2038 2039/2039/2039 2055/2055/2055
f 2055/2055/2055 2039/2039/2039 2056/2056/2056
f 2039/2039/2039 2040/2040/2040 2056/2056/2056
f 2056/2056/2056 2040/2040/2040 2057/2057/2057
f 2041/2041/2041 2042/2042/2042 2058/2058/2058
f 2058/2058/2058 2042/2042/2042 2059/2059/2059
f 2042/2042/2042 2043/2043/2043 2059/2059/2059
f 2059/2059/2059 2043/2043/2043 2060/2060/2060
f 2043/2043/2043 2044/2044/2044 2060/2060/2060
f 2060/2060/2060 2044/2044/2044 2061/2061/2061
f 2044/2044/2044 2045/2045/2045 2061/2061/2061
f 2061/2061/2061 2045/2045/2045 2062/2062/2062
f 2045/2045/2045 2046/2046/2046 2062/2062/2062
f 2062/2062/2062 2046/2046/2046 2063/2063/2063
f 2046/2046/2046 2047/2047/2047 2063/2063/2063
f 2063/2063/2063 2047/2047/2047 2064/2064/2064
f 2047/2047/2047 2048/2048/2048 2064/2064/2064
f 2064/2064/2064 2048/2048/2048 2065/2065/2065
f 2048/2048/2048 2049/2049/2049 2065/2065/2065
f 2065/2065/2065 2049/2049/2049 2066/2066/2066
f 2049/2049/2049 2050/2050/2050 2066/2066/2066
f 2066/2066/2066 2050/2050/2050 2067/2067/2067
f 2050/2050/2050 2051/2051/2051 2067/2067/2067
f 2067/2067/2067 2051/2051/2051 2068/2068/2068
f 2051/2051/2051 2052/2052/2052 2068/2068/2068
f 2068/2068/2068 2052/2052/2052 2069/2069/2069
f 2052/2052/2052 2053/2053/2053 2069/2069/2069
f 2069/2069/2069 2053/2053/2053 2070/2070/2070
f 2053/2053/2053 2054/2054/2054 2070/2070/2070
f 2070/2070/2070 2054/2054/2054 2071/2071/2071
f 2054/2054/2054 2055/2055/2055 2071/2071/2071
f 2071/2071/2071 2055/2055/2055 2072/2072/2072
f 2055/2055/2055 2056/2056/2056 2072/2072/2072
f 2072/2072/2072 2056/2056/2056 2073/2073/2073
f 2056/2056/2056 2057/2057/2057 2073/2073/2073
f 2073/2073/2073 2057/2057/2057 2074/2074/2074
f 2058/2058/2058 2059/2059/2059 2075/2075/2075
f 2075/2075/2075 2059/2059/2059 2076/2076/2076
f 2059/2059/2059 2060/2060/2060 2076/2076/2076
f 2076/2076/2076 2060/2060/2060 2077/2077/2077
f 2060/2060/2060 2061/2061/2061 2077/2077/2077
f 2077/2077/2077 2061/2061/2061 2078/2078/2078
f 2061/2061/2061 2062/2062/2062 2078/2078/2078
f 2078/2078/2078 2062/2062/2062 2079/2079/2079
f 2062/2062/2062 2063/2063/2063 2079/2079/2079
f 2079/2079/2079 2063/2063/2063 2080/2080/2080
f 2063/2063/2063 2064/2064/2064 2080/2080/2080
f 2080/2080/2080 2064/2064/2064 2081/2081/2081
f 2064/2064/2064 2065/2065/2065 2081/2081/2081
f 2081/2081/2081 2065/2065/2065 2082/2082/2082
f 2065/2065/2065 2066/2066/2066 2082/2082/2082
f 2082/2082/2082 2066/2066/2066 2083/2083/2083
f 2066/2066/2066 2067/2067/2067 2083/2083/2083
f 2083/2083/2083 2067/2067/2067 2084/2084/2084
f 2067/2067/2067 2068/2068/2068 2084/2084/2084
f 2084/2084/2084 2068/2068/2068 2085/2085/2085
f 2068/2068/2068 2069/2069/2069 2085/2085/2085
f 2085/2085/2085 2069/2069/2069 2086/2086/2086
f 2069/2069/2069 2070/2070/2070 2086/2086/2086
f 2086/2086/2086 2070/2070/2070 2087/2087/2087
f 2070/2070/2070 2071/2071/2071 2087/2087/2087
f 2087/2087/2087 2071/2071/2071 2088/2088/2088
f 2071/2071/2071 2072/2072/2072 2088/2088/2088
f 2088/2088/2088 2072/2072/2072 2089/2089/2089
f 2072/2072/2072 2073/2073/2073 2089/2089/2089
f 2089/2089/2089 2073/2073/2073 2090/2090/2090
f 2073/2073/2073 2074/2074/2074 2090/2090/2090
f 2090/2090/2090 2074/2074/2074 2091/2091/2091
f 2075/2075/2075 2076/2076/2076 2092/2092/2092
f 2092/2092/2092 2076/2076/2076 2093/2093/2093
f 2076/2076/2076 2077/2077/2077 2093/2093/2093
f 2093/2093/2093 2077/2077/2077 2094/2094/2094
f 2077/2077/2077 2078/2078/2078 2094/2094/2094
f 2094/2094/2094 2078/2078/2078 2095/2095/2095
f 2078/2078/2078 2079/2079/2079 2095/2095/2095
f 2095/2095/2095 2079/2079/2079 2096/2096/2096
f 2079/2079/2079 2080/2080/2080 2096/2096/2096
f 2096/2096/2096 2080/2080/2080 2097/2097/2097
f 2080/2080/2080 2081/2081/2081 2097/2097/2097
f 2097/2097/2097 2081/2081/2081 2098/2098/2098
f 2081/2081/2081 2082/2082/2082 2098/2098/2098
f 2098/2098/2098 2082/2082/2082 2099/2099/2099
f 2082/2082/2082 2083/2083/2083 2099/2099/2099
f 2099/2099/2099 2083/2083/2083 2100/2100/2100
f 2083/2083/2083 2084/2084/2084 2100/2100/2100
f 2100/2100/2100 2084/2084/2084 2101/2101/2101
f 2084/2084/2084 2085/2085/2085 2101/2101/2101
f 2101/2101/2101 2085/2085/2085 2102/2102/2102
f 2085/2085/2085 2086/2086/2086 2102/2102/2102
f 2102/2102/2102 2086/2086/2086 2103/2103/2103
f 2086/2086/2086 2087/2087/2087 2103/2103/2103
f 2103/2103/2103 2087/2087/2087 2104/2104/2104
f 2087/2087/2087 2088/2088/2088 2104/2104/2104
f 2104/2104/2104 2088/2088/2088 2105/2105/2105
f 2088/2088/2088 2089/2089/2089 2105/2105/2105
f 2105/2105/2105 2089/2089/2089 2106/2106/2106
f 2089/2089/2089 2090/2090/2090 2106/2106/2106
f 2106/2106/2106 2090/2090/2090 2107/2107/2107
f 2090/2090/2090 2091/2091/2091 2107/2107/2107
f 2107/2107/2107 2091/2091/2091 2108/2108/2108
f 2092/2092/2092 2093/2093/2093 2109/2109/2109
f 2109/2109/2109 2093/2093/2093 2110/2110/2110
f 2093/2093/2093 2094/2094/2094 2110/2110/2110
f 2110/2110/2110 2094/2094/2094 2111/2111/2111
f 2094/2094/2094 2095/2095/2095 2111/2111/2111
f 2111/2111/2111 2095/2095/2095 2112/2112/2112
f 2095/2095/2095 2096/2096/2096 2112/2112/2112
f 2112/2112/2112 2096/2096/2096 2113/2113/2113
f 2096/2096/2096 2097/2097/2097 2113/2113/2113
f 2113/2113/2113 2097/2097/2097 2114/2114/2114
f 2097/2097/2097 2098/2098/2098 2114/2114/2114
f 2114/2114/2114 2098/2098/2098 2115/2115/2115
f 2098/2098/2098 2099/2099/2099 2115/2115/2115
f 2115/2115/2115 2099/2099/2099 2116/2116/2116
f 2099/2099/2099 2100/2100/2100 2116/2116/2116
f 2116/2116/2116 2100/2100/2100 2117/2117/2117
f 2100/2100/2100 2101/2101/2101 2117/2117/2117
f 2117/2117/2117 2101/2101/2101 2118/2118/2118
f 2101/2101/2101 2102/2102/2102 2118/2118/2118
f 2118/2118/2118 2102/2102/2102 2119/2119/2119
f 2102/2102/2102 2103/2103/2103 2119/2119/2119
f 2119/2119/2119 2103/2103/2103 2120/2120/2120
f 2103/2103/2103 2104/2104/2104 2120/2120/2120
f 2120/2120/2120 2104/2104/2104 2121/2121/2121
f 2104/2104/2104 2105/2105/2105 2121/2121/2121
f 2121/2121/2121 2105/2105/2105 2122/2122/2122
f 2105/2105/2105 2106/2106/2106 2122/2122/2122
f 2122/2122/2122 2106/2106/2106 2123/2123/2123
f 2106/2106/2106 2107/2107/2107 2123/2123/2123
f 2123/2123/2123 2107/2107/2107 2124/2124/2124
f 2107/2107/2107 2108/2108/2108 2124/2124/2124
f 2124/2124/2124 2108/2108/2108 2125/2125/2125
f 2109/2109/2109 2110/2110/2110 2126/2126/2126
f 2126/2126/2126 2110/2110/2110 2127/2127/2127
f 2110/2110/2110 2111/2111/2111 2127/2127/2127
f 2127/2127/2127 2111/2111/2111 2128/2128/2128
f 2111/2111/2111 2112/2112/2112 2128/2128/2128
f 2128/2128/2128 2112/2112/2112 2129/2129/2129
f 2112/2112/2112 2113/2113/2113 2129/2129/2129
f 2129/2129/2129 2113/2113/2113 2130/2130/2130
f 2113/2113/2113 2114/2114/2114 2130/2130/2130
f 2130/2130/2130 2114/2114/2114 2131/2131/2131
f 2114/2114/2114 2115/2115/2115 2131/2131/2131
f 2131/2131/2131 2115/2115/2115 2132/2132/2132
f 2115/2115/2115 2116/2116/2116 2132/2132/2132
f 2132/2132/2132 2116/2116/2116 2133/2133/2133
f 2116/2116/2116 2117/2117/2117 2133/2133/2133
f 2133/2133/2133 2117/2117/2117 2134/2134/2134
f 2117/2117/2117 2118/2118/2118 2134/2134/2134
f 2134/2134/2134 2118/2118/2118 2135/2135/2135
f 2118/2118/2118 2119/2119/2119 2135/2135/2135
f 2135/2135/2135 2119/2119/2119 2136/2136/2136
f 2119/2119/2119 2120/2120/2120 2136/2136/2136
f 2136/2136/2136 2120/2120/2120 2137/2137/2137
f 2120/2120/2120 2121/2121/2121 2137/2137/2137
f 2137/2137/2137 2121/2121/2121 2138/2138/2138
f 2121/2121/2121 2122/2122/2122 2138/2138/2138
f 2138/2138/2138 2122/2122/2122 2139/2139/2139
f 2122/2122/2122 2123/2123/2123 2139/2139/2139
f 2139/2139/2139 2123/2123/2123 2140/2140/2140
f 2123/2123/2123 2124/2124/2124 2140/2140/2140
f 2140/2140/2140 2124/2124/2124 2141/2141/2141
f 2124/2124/2124 2125/2125/2125 2141/2141/2141
f 2141/2141/2141 2125/2125/2125 2142/2142/2142
f 2126/2126/2126 2127/2127/2127 2143/2143/2143
f 2143/2143/2143 2127/2127/2127 2144/2144/2144
f 2127/2127/2127 2128/2128/2128 2144/2144/2144
f 2144/2144/2144 2128/2128/2128 2145/2145/2145
f 2128/2128/2128 2129/2129/2129 2145/2145/2145
f 2145/2145/2145 2129/2129/2129 2146/2146/2146
f 2129/2129/2129 2130/2130/2130 2146/2146/2146
f 2146/2146/2146 2130/2130/2130 2147/2147/2147
f 2130/2130/2130 2131/2131/2131 2147/2147/2147
f 2147/2147/2147 2131/2131/2131 2148/2148/2148
f 2131/2131/2131 2132/2132/2132 2148/2148/2148
f 2148/2148/2148 2132/2132/2132 2149/2149/2149
f 2132/2132/2132 2133/2133/2133 2149/2149/2149
f 2149/2149/2149 2133/2133/2133 2150/2150/2150
f 2133/2133/2133 2134/2134/2134 2150/2150/2150
f 2150/2150/2150 2134/2134/2134 2151/2151/2151
f 2134/2134/2134 2135/2135/2135 2151/2151/2151
f 2151/2151/2151 2135/2135/2135 2152/2152/2152
f 2135/2135/2135 2136/2136/2136 2152/2152/2152
f 2152/2152/2152 2136/2136/2136 2153/2153/2153
f 2136/2136/2136 2137/2137/2137 2153/2153/2153
f 2153/2153/2153 2137/2137/2137 2154/2154/2154
f 2137/2137/2137 2138/2138/2138 2154/2154/2154
f 2154/2154/2154 2138/2138/2138 2155/2155/2155
f 2138/2138/2138 2139/2139/2139 2155/2155/2155
f 2155/2155/2155 2139/2139/2139 2156/2156/2156
f 2139/2139/2139 2140/2140/2140 2156/2156/2156
f 2156/2156/2156 2140/2140/2140 2157/2157/2157
f 2140/2140/2140 2141/2141/2141 2157/2157/2157
f 2157/2157/2157 2141/2141/2141 2158/2158/2158
f 2141/2141/2141 2142/2142/2142 2158/2158/2158
f 2158/2158/2158 2142/2142/2142 2159/2159/2159
f 2143/2143/2143 2144/2144/2144 2160/2160/2160
f 2160/2160/2160 2144/2144/2144 2161/2161/2161
f 2144/2144/2144 2145/2145/2145 2161/2161/2161
f 2161/2161/2161 2145/2145/2145 2162/2162/2162
f 2145/2145/2145 2146/2146/2146 2162/2162/2162
f 2162/2162/2162 2146/2146/2146 2163/2163/2163
f 2146/2146/2146 2147/2147/2147 2163/2163/2163
f 2163/2163/2163 2147/2147/2147 2164/2164/2164
f 2147/2147/2147 2148/2148/2148 2164/2164/2164
f 2164/2164/2164 2148/2148/2148 2165/2165/2165
f 2148/2148/2148 2149/2149/2149 2165/2165/2165
f 2165/2165/2165 2149/2149/2149 2166/2166/2166
f 2149/2149/2149 2150/2150/2150 2166/2166/2166
f 2166/2166/2166 2150/2150/2150 2167/2167/2167
f 2150/2150/2150 2151/2151/2151 2167/2167/2167
f 2167/2167/2167 2151/2151/2151 2168/2168/2168
f 2151/2151/2151 2152/2152/2152 2168/2168/2168
f 2168/2168/2168 2152/2152/2152 2169/2169/2169
f 2152/2152/2152 2153/2153/2153 2169/2169/2169
f 2169/2169/2169 2153/2153/2153 2170/2170/2170
f 2153/2153/2153 2154/2154/2154 2170/2170/2170
f 2170/2170/2170 2154/2154/2154 2171/2171/2171
f 2154/2154/2154 2155/2155/2155 2171/2171/2171
f 2171/2171/2171 2155/2155/2155 2172/2172/2172
f 2155/2155/2155 2156/2156/2156 2172/2172/2172
f 2172/2172/2172 2156/2156/2156 2173/2173/2173
f 2156/2156/2156 2157/2157/2157 2173/2173/2173
f 2173/2173/2173 2157/2157/2157 2174/2174/2174
f 2157/2157/2157 2158/2158/2158 2174/2174/2174
f 2174/2174/2174 2158/2158/2158 2175/2175/2175
f 2158/2158/2158 2159/2159/2159 2175/2175/2175
f 2175/2175/2175 2159/2159/2159 2176/2176/2176
f 2160/2160/2160 2161/2161/2161 2177/2177/2177
f 2177/2177/2177 2161/2161/2161 2178/2178/2178
f 2161/2161/2161 2162/2162/2162 2178/2178/2178
f 2178/2178/2178 2162/2162/2162 2179/2179/2179
f 2162/2162/2162 2163/2163/2163 2179/2179/2179
f 2179/2179/2179 2163/2163/2163 2180/2180/2180
f 2163/2163/2163 2164/2164/2164 2180/2180/2180
f 2180/2180/2180 2164/2164/2164 2181/2181/2181
f 2164/2164/2164 2165/2165/2165 2181/2181/2181
f 2181/2181/2181 2165/2165/2165 2182/2182/2182
f 2165/2165/2165 2166/2166/2166 2182/2182/2182
f 2182/2182/2182 2166/2166/2166 2183/2183/2183
f 2166/2166/2166 2167/2167/2167 2183/2183/2183
f 2183/2183/2183 2167/2167/2167 2184/2184/2184
f 2167/2167/2167 2168/2168/2168 2184/2184/2184
f 2184/2184/2184 2168/2168/2168 2185/2185/2185
f 2168/2168/2168 2169/2169/2169 2185/2185/2185
f 2185/2185/2185 2169/2169/2169 2186/2186/2186
f 2169/2169/2169 2170/2170/2170 2186/2186/2186
f 2186/2186/2186 2170/2170/2170 2187/2187/2187
f 2170/2170/2170 2171/2171/2171 2187/2187/2187
f 2187/2187/2187 2171/2171/2171 2188/2188/2188
f 2171/2171/2171 2172/2172/2172 2188/2188/2188
f 2188/2188/2188 2172/2172/2172 2189/2189/2189
f 2172/2172/2172 2173/2173/2173 2189/2189/2189
f 2189/2189/2189 2173/2173/2173 2190/2190/2190
f 2173/2173/2173 2174/2174/2174 2190/2190/2190
f 2190/2190/2190 2174/2174/2174 2191/2191/2191
f 2174/2174/2174 2175/2175/2175 2191/2191/2191
f 2191/2191/2191 2175/2175/2175 2192/2192/2192
f 2175/2175/2175 2176/2176/2176 2192/2192/2192
f 2192/2192/2192 2176/2176/2176 2193/2193/2193
f 2177/2177/2177 2178/2178/2178 2194/2194/2194
f 2194/2194/2194 2178/2178/2178 2195/2195/2195
f 2178/2178/2178 2179/2179/2179 2195/2195/2195
f 2195/2195/2195 2179/2179/2179 2196/2196/2196
f 2179/2179/2179 2180/2180/2180 2196/2196/2196
f 2196/2196/2196 2180/2180/2180 2197/2197/2197
f 2180/2180/2180 2181/2181/2181 2197/2197/2197
f 2197/2197/2197 2181/2181/2181 2198/2198/2198
f 2181/2181/2181 2182/2182/2182 2198/2198/2198
f 2198/2198/2198 2182/2182/2182 2199/2199/2199
f 2182/2182/2182 2183/2183/2183 2199/2199/2199
f 2199/2199/2199 2183/2183/2183 2200/2200/2200
f 2183/2183/2183 2184/2184/2184 2200/2200/2200
f 2200/2200/2200 2184/2184/2184 2201/2201/2201
f 2184/2184/2184 2185/2185/2185 2201/2201/2201
f 2201/2201/2201 2185/2185/2185 2202/2202/2202
f 2185/2185/2185 2186/2186/2186 2202/2202/2202
f 2202/2202/2202 2186/2186/2186 2203/2203/2203
f 2186/2186/2186 2187/2187/2187 2203/2203/2203
f 2203/2203/2203 2187/2187/2187 2204/2204/2204
f 2187/2187/2187 2188/2188/2188 2204/2204/2204
f 2204/2204/2204 2188/2188/2188 2205/2205/2205
f 2188/2188/2188 2189/2189/2189 2205/2205/2205
f 2205/2205/2205 2189/2189/2189 2206/2206/2206
f 2189/2189/2189 2190/2190/2190 2206/2206/2206
f 2206/2206/2206 2190/2190/2190 2207/2207/2207
f 2190/2190/2190 2191/2191/2191 2207/2207/2207
f 2207/2207/2207 2191/2191/2191 2208/2208/2208
f 2191/2191/2191 2192/2192/2192 2208/2208/2208
f 2208/2208/2208 2192/2192/2192 2209/2209/2209
f 2192/2192/2192 2193/2193/2193 2209/2209/2209
f 2209/2209/2209 2193/2193/2193 2210/2210/2210
f 2194/2194/2194 2195/2195/2195 2211/2211/2211
f 2211/2211/2211 2195/2195/2195 2212/2212/2212
f 2195/2195/2195 2196/2196/2196 2212/2212/2212
f 2212/2212/2212 2196/2196/2196 2213/2213/2213
f 2196/2196/2196 2197/2197/2197 2213/2213/2213
f 2213/2213/2213 2197/2197/2197 2214/2214/2214
f 2197/2197/2197 2198/2198/2198 2214/2214/2214
f 2214/2214/2214 2198/2198/2198 2215/2215/2215
f 2198/2198/2198 2199/2199/2199 2215/2215/2215
f 2215/2215/2215 2199/2199/2199 2216/2216/2216
f 2199/2199/2199 2200/2200/2200 2216/2216/2216
f 2216/2216/2216 2200/2200/2200 2217/2217/2217
f 2200/2200/2200 2201/2201/2201 2217/2217/2217
f 2217/2217/2217 2201/2201/2201 2218/2218/2218
f 2201/2201/2201 2202/2202/2202 2218/2218/2218
f 2218/2218/2218 2202/2202/2202 2219/2219/2219
f 2202/2202/2202 2203/2203/2203 2219/2219/2219
f 2219/2219/2219 2203/2203/2203 2220/2220/2220
f 2203/2203/2203 2204/2204/2204 2220/2220/2220
f 2220/2220/2220 2204/2204/2204 2221/2221/2221
f 2204/2204/2204 2205/2205/2205 2221/2221/2221
f 2221/2221/2221 2205/2205/2205 2222/2222/2222
f 2205/2205/2205 2206/2206/2206 2222/2222/2222
f 2222/2222/2222 2206/2206/2206 2223/2223/2223
f 2206/2206/2206 2207/2207/2207 2223/2223/2223
f 2223/2223/2223 2207/2207/2207 2224/2224/2224
f 2207/2207/2207 2208/2208/2208 2224/2224/2224
f 2224/2224/2224 2208/2208/2208 2225/2225/2225
f 2208/2208/2208 2209/2209/2209 2225/2225/2225
f 2225/2225/2225 2209/2209/2209 2226/2226/2226
f 2209/2209/2209 2210/2210/2210 2226/2226/2226
f 2226/2226/2226 2210/2210/2210 2227/2227/2227
f 2211/2211/2211 2212/2212/2212 2228/2228/2228
f 2228/2228/2228 2212/2212/2212 2229/2229/2229
f 2212/2212/2212 2213/2213/2213 2229/2229/2229
f 2229/2229/2229 2213/2213/2213 2230/2230/2230
f 2213/2213/2213 2214/2214/2214 2230/2230/2230
f 2230/2230/2230 2214/2214/2214 2231/2231/2231
f 2214/2214/2214 2215/2215/2215 2231/2231/2231
f 2231/2231/2231 2215/2215/2215 2232/2232/2232
f 2215/2215/2215 2216/2216/2216 2232/2232/2232
f 2232/2232/2232 2216/2216/2216 2233/2233/2233
f 2216/2216/2216 2217/2217/2217 2233/2233/2233
f 2233/2233/2233 2217/2217/2217 2234/2234/2234
f 2217/2217/2217 2218/2218/2218 2234/2234/2234
f 2234/2234/2234 2218/2218/2218 2235/2235/2235
f 2218/2218/2218 2219/2219/2219 2235/2235/2235
f 2235/2235/2235 2219/2219/2219 2236/2236/2236
f 2219/2219/2219 2220/2220/2220 2236/2236/2236
f 2236/2236/2236 2220/2220/2220 2237/2237/2237
f 2220/2220/2220 2221/2221/2221 2237/2237/2237
f 2237/2237/2237 2221/2221/2221 2238/2238/2238
f 2221/2221/2221 2222/2222/2222 2238/2238/2238
f 2238/2238/2238 2222/2222/2222 2239/2239/2239
f 2222/2222/2222 2223/2223/2223 2239/2239/2239
f 2239/2239/2239 2223/2223/2223 2240/2240/2240
f 2223/2223/2223 2224/2224/2224 2240/2240/2240
f 2240/2240/2240 2224/2224/2224 2241/2241/2241
f 2224/2224/2224 2225/2225/2225 2241/2241/2241
f 2241/2241/2241 2225/2225/2225 2242/2242/2242
f 2225/2225/2225 2226/2226/2226 2242/2242/2242
f 2242/2242/2242 2226/2226/2226 2243/2243/2243
f 2226/2226/2226 2227/2227/2227 2243/2243/2243
f 2243/2243/2243 2227/2227/2227 2244/2244/2244
f 2228/2228/2228 2229/2229/2229 2245/2245/2245
f 2245/2245/2245 2229/2229/2229 2246/2246/2246
f 2229/2229/2229 2230/2230/2230 2246/2246/2246
f 2246/2246/2246 2230/2230/2230 2247/2247/2247
f 2230/2230/2230 2231/2231/2231 2247/2247/2247
f 2247/2247/2247 2231/2231/2231 2248/2248/2248
f 2231/2231/2231 2232/2232/2232 2248/2248/2248
f 2248/2248/2248 2232/2232/2232 2249/2249/2249
f 2232/2232/2232 2233/2233/2233 2249/2249/2249
f 2249/2249/2249 2233/2233/2233 2250/2250/2250
f 2233/2233/2233 2234/2234/2234 2250/2250/2250
f 2250/2250/2250 2234/2234/2234 2251/2251/2251
f 2234/2234/2234 2235/2235/2235 2251/2251/2251
f 2251/2251/2251 2235/2235/2235 2252/2252/2252
f 2235/2235/2235 2236/2236/2236 2252/2252/2252
f 2252/2252/2252 2236/2236/2236 2253/2253/2253
f 2236/2236/2236 2237/2237/2237 2253/2253/2253
f 2253/2253/2253 2237/2237/2237 2254/2254/2254
f 2237/2237/2237 2238/2238/2238 2254/2254/2254
f 2254/2254/2254 2238/2238/2238 2255/2255/2255
f 2238/2238/2238 2239/2239/2239 2255/2255/2255
f 2255/2255/2255 2239/2239/2239 2256/2256/2256
f 2239/2239/2239 2240/2240/2240 2256/2256/2256
f 2256/2256/2256 2240/2240/2240 2257/2257/2257
f 2240/2240/2240 2241/2241/2241 2257/2257/2257
f 2257/2257/2257 2241/2241/2241 2258/2258/2258
f 2241/2241/2241 2242/2242/2242 2258/2258/2258
f 2258/2258/2258 2242/2242/2242 2259/2259/2259
f 2242/2242/2242 2243/2243/2243 2259/2259/2259
f 2259/2259/2259 2243/2243/2243 2260/2260/2260
f 2243/2243/2243 2244/2244/2244 2260/2260/2260
f 2260/2260/2260 2244/2244/2244 2261/2261/2261
f 2245/2245/2245 2246/2246/2246 2262/2262/2262
f 2262/2262/2262 2246/2246/2246 2263/2263/2263
f 2246/2246/2246 2247/2247/2247 2263/2263/2263
f 2263/2263/2263 2247/2247/2247 2264/2264/2264
f 2247/2247/2247 2248/2248/2248 2264/2264/2264
f 2264/2264/2264 2248/2248/2248 2265/2265/2265
f 2248/2248/2248 2249/2249/2249 2265/2265/2265
f 2265/2265/2265 2249/2249/2249 2266/2266/2266
f 2249/2249/2249 2250/2250/2250 2266/2266/2266
f 2266/2266/2266 2250/2250/2250 2267/2267/2267
f 2250/2250/2250 2251/2251/2251 2267/2267/2267
f 2267/2267/2267 2251/2251/2251 2268/2268/2268
f 2251/2251/2251 2252/2252/2252 2268/2268/2268
f 2268/2268/2268 2252/2252/2252 2269/2269/2269
f 2252/2252/2252 2253/2253/2253 2269/2269/2269
f 2269/2269/2269 2253/2253/2253 2270/2270/2270
f 2253/2253/2253 2254/2254/2254 2270/2270/2270
f 2270/2270/2270 2254/2254/2254 2271/2271/2271
f 2254/2254/2254 2255/2255/2255 2271/2271/2271
f 2271/2271/2271 2255/2255/2255 2272/2272/2272
f 2255/2255/2255 2256/2256/2256 2272/2272/2272
f 2272/2272/2272 2256/2256/2256 2273/2273/2273
f 2256/2256/2256 2257/2257/2257 2273/2273/2273
f 2273/2273/2273 2257/2257/2257 2274/2274/2274
f 2257/2257/2257 2258/2258/2258 2274/2274/2274
f 2274/2274/2274 2258/2258/2258 2275/2275/2275
f 2258/2258/2258 2259/2259/2259 2275/2275/2275
f 2275/2275/2275 2259/2259/2259 2276/2276/2276
f 2259/2259/2259 2260/2260/2260 2276/2276/2276
f 2276/2276/2276 2260/2260/2260 2277/2277/2277
f 2260/2260/2260 2261/2261/2261 2277/2277/2277
f 2277/2277/2277 2261/2261/2261 2278/2278/2278
f 2262/2262/2262 2263/2263/2263 2279/2279/2279
f 2279/2279/2279 2263/2263/2263 2280/2280/2280
f 2263/2263/2263 2264/2264/2264 2280/2280/2280
f 2280/2280/2280 2264/2264/2264 2281/2281/2281
f 2264/2264/2264 2265/2265/2265 2281/2281/2281
f 2281/2281/2281 2265/2265/2265 2282/2282/2282
f 2265/2265/2265 2266/2266/2266 2282/2282/2282
f 2282/2282/2282 2266/2266/2266 2283/2283/2283
f 2266/2266/2266 2267/2267/2267 2283/2283/2283
f 2283/2283/2283 2267/2267/2267 2284/2284/2284
f 2267/2267/2267 2268/2268/2268 2284/2284/2284
f 2284/2284/2284 2268/2268/2268 2285/2285/2285
f 2268/2268/2268 2269/2269/2269 2285/2285/2285
f 2285/2285/2285 2269/2269/2269 2286/2286/2286
f 2269/2269/2269 2270/2270/2270 2286/2286/2286
f 2286/2286/2286 2270/2270/2270 2287/2287/2287
f 2270/2270/2270 2271/2271/2271 2287/2287/2287
f 2287/2287/2287 2271/2271/2271 2288/2288/2288
f 2271/2271/2271 2272/2272/2272 2288/2288/2288
f 2288/2288/2288 2272/2272/2272 2289/2289/2289
f 2272/2272/2272 2273/2273/2273 2289/2289/2289
f 2289/2289/2289 2273/2273/2273 2290/2290/2290
f 2273/2273/2273 2274/2274/2274 2290/2290/2290
f 2290/2290/2290 2274/2274/2274 2291/2291/2291
f 2274/2274/2274 2275/2275/2275 2291/2291/2291
f 2291/2291/2291 2275/2275/2275 2292/2292/2292
f 2275/2275/2275 2276/2276/2276 2292/2292/2292
f 2292/2292/2292 2276/2276/2276 2293/2293/2293
f 2276/2276/2276 2277/2277/2277 2293/2293/2293
f 2293/2293/2293 2277/2277/2277 2294/2294/2294
f 2277/2277/2277 2278/2278/2278 2294/2294/2294
f 2294/2294/2294 2278/2278/2278 2295/2295/2295
f 2279/2279/2279 2280/2280/2280 2296/2296/2296
f 2296/2296/2296 2280/2280/2280 2297/2297/2297
f 2280/2280/2280 2281/2281/2281 2297/2297/2297
f 2297/2297/2297 2281/2281/2281 2298/2298/2298
f 2281/2281/2281 2282/2282/2282 2298/2298/2298
f 2298/2298/2298 2282/2282/2282 2299/2299/2299
f 2282/2282/2282 2283/2283/2283 2299/2299/2299
f 2299/2299/2299 2283/2283/2283 2300/2300/2300
f 2283/2283/2283 2284/2284/2284 2300/2300/2300
f 2300/2300/2300 2284/2284/2284 2301/2301/2301
f 2284/2284/2284 2285/2285/2285 2301/2301/2301
f 2301/2301/2301 2285/2285/2285 2302/2302/2302
f 2285/2285/2285 2286/2286/2286 2302/2302/2302
f 2302/2302/2302 2286/2286/2286 2303/2303/2303
f 2286/2286/2286 2287/2287/2287 2303/2303/2303
f 2303/2303/2303 2287/2287/2287 2304/2304/2304
f 2287/2287/2287 2288/2288/2288 2304/2304/2304
f 2304/2304/2304 2288/2288/2288 2305/2305/2305
f 2288/2288/2288 2289/2289/2289 2305/2305/2305
f 2305/2305/2305 2289/2289/2289 2306/2306/2306
f 2289/2289/2289 2290/2290/2290 2306/2306/2306
f 2306/2306/2306 2290/2290/2290 2307/2307/2307
f 2290/2290/2290 2291/2291/2291 2307/2307/2307
f 2307/2307/2307 2291/2291/2291 2308/2308/2308
f 2291/2291/2291 2292/2292/2292 2308/2308/2308
f 2308/2308/2308 2292/2292/2292 2309/2309/2309
f 2292/2292/2292 2293/2293/2293 2309/2309/2309
f 2309/2309/2309 2293/2293/2293 2310/2310/2310
f 2293/2293/2293 2294/2294/2294 2310/2310/2310
f 2310/2310/2310 2294/2294/2294 2311/2311/2311
f 2294/2294/2294 2295/2295/2295 2311/2311/2311
f 2311/2311/2311 2295/2295/2295 2312/2312/2312
f 2296/2296/2296 2297/2297/2297 2313/2313/2313
f 2313/2313/2313 2297/2297/2297 2314/2314/2314
f 2297/2297/2297 2298/2298/2298 2314/2314/2314
f 2314/2314/2314 2298/2298/2298 2315/2315/2315
f 2298/2298/2298 2299/2299/2299 2315/2315/2315
f 2315/2315/2315 2299/2299/2299 2316/2316/2316
f 2299/2299/2299 2300/2300/2300 2316/2316/2316
f 2316/2316/2316 2300/2300/2300 2317/2317/2317
f 2300/2300/2300 2301/2301/2301 2317/2317/2317
f 2317/2317/2317 2301/2301/2301 2318/2318/2318
f 2301/2301/2301 2302/2302/2302 2318/2318/2318
f 2318/2318/2318 2302/2302/2302 2319/2319/2319
f 2302/2302/2302 2303/2303/2303 2319/2319/2319
f 2319/2319/2319 2303/2303/2303 2320/2320/2320
f 2303/2303/2303 2304/2304/2304 2320/2320/2320
f 2320/2320/2320 2304/2304/2304 2321/2321/2321
f 2304/2304/2304 2305/2305/2305 2321/2321/2321
f 2321/2321/2321 2305/2305/2305 2322/2322/2322
f 2305/2305/2305 2306/2306/2306 2322/2322/2322
f 2322/2322/2322 2306/2306/2306 2323/2323/2323
f 2306/2306/2306 2307/2307/2307 2323/2323/2323
f 2323/2323/2323 2307/2307/2307 2324/2324/2324
f 2307/2307/2307 2308/2308/2308 2324/2324/2324
f 2324/2324/2324 2308/2308/2308 2325/2325/2325
f 2308/2308/2308 2309/2309/2309 2325/2325/2325
f 2325/2325/2325 2309/2309/2309 2326/2326/2326
f 2309/2309/2309 2310/2310/2310 2326/2326/2326
f 2326/2326/2326 2310/2310/2310 2327/2327/2327
f 2310/2310/2310 2311/2311/2311 2327/2327/2327
f 2327/2327/2327 2311/2311/2311 2328/2328/2328
f 2311/2311/2311 2312/2312/2312 2328/2328/2328
f 2328/2328/2328 2312/2312/2312 2329/2329/2329
f 2313/2313/2313 2314/2314/2314 2330/2330/2330
f 2330/2330/2330 2314/2314/2314 2331/2331/2331
f 2314/2314/2314 2315/2315/2315 2331/2331/2331
f 2331/2331/2331 2315/2315/2315 2332/2332/2332
f 2315/2315/2315 2316/2316/2316 2332/2332/2332
f 2332/2332/2332 2316/2316/2316 2333/2333/2333
f 2316/2316/2316 2317/2317/2317 2333/2333/2333
f 2333/2333/2333 2317/2317/2317 2334/2334/2334
f 2317/2317/2317 2318/2318/2318 2334/2334/2334
f 2334/2334/2334 2318/2318/2318 2335/2335/2335
f 2318/2318/2318 2319/2319/2319 2335/2335/2335
f 2335/2335/2335 2319/2319/2319 2336/2336/2336
f 2319/2319/2319 2320/2320/2320 2336/2336/2336
f 2336/2336/2336 2320/2320/2320 2337/2337/2337
f 2320/2320/2320 2321/2321/2321 2337/2337/2337
f 2337/2337/2337 2321/2321/2321 2338/2338/2338
f 2321/2321/2321 2322/2322/2322 2338/2338/2338
f 2338/2338/2338 2322/2322/2322 2339/2339/2339
f 2322/2322/2322 2323/2323/2323 2339/2339/2339
f 2339/2339/2339 2323/2323/2323 2340/2340/2340
f 2323/2323/2323 2324/2324/2324 2340/2340/2340
f 2340/2340/2340 2324/2324/2324 2341/2341/2341
f 2324/2324/2324 2325/2325/2325 2341/2341/2341
f 2341/2341/2341 2325/2325/2325 2342/2342/2342
f 2325/2325/2325 2326/2326/2326 2342/2342/2342
f 2342/2342/2342 2326/2326/2326 2343/2343/2343
f 2326/2326/2326 2327/2327/2327 2343/2343/2343
f 2343/2343/2343 2327/2327/2327 2344/2344/2344
f 2327/2327/2327 2328/2328/2328 2344/2344/2344
f 2344/2344/2344 2328/2328/2328 2345/2345/2345
f 2328/2328/2328 2329/2329/2329 2345/2345/2345
f 2345/2345/2345 2329/2329/2329 2346/2346/2346
f 2330/2330/2330 2331/2331/2331 2347/2347/2347
f 2347/2347/2347 2331/2331/2331 2348/2348/2348
f 2331/2331/2331 2332/2332/2332 2348/2348/2348
f 2348/2348/2348 2332/2332/2332 2349/2349/2349
f 2332/2332/2332 2333/2333/2333 2349/2349/2349
f 2349/2349/2349 2333/2333/2333 2350/2350/2350
f 2333/2333/2333 2334/2334/2334 2350/2350/2350
f 2350/2350/2350 2334/2334/2334 2351/2351/2351
f 2334/2334/2334 2335/2335/2335 2351/2351/2351
f 2351/2351/2351 2335/2335/2335 2352/2352/2352
f 2335/2335/2335 2336/2336/2336 2352/2352/2352
f 2352/2352/2352 2336/2336/2336 2353/2353/2353
f 2336/2336/2336 2337/2337/2337 2353/2353/2353
f 2353/2353/2353 2337/2337/2337 2354/2354/2354
f 2337/2337/2337 2338/2338/2338 2354/2354/2354
f 2354/2354/2354 2338/2338/2338 2355/2355/2355
f 2338/2338/2338 2339/2339/2339 2355/2355/2355
f 2355/2355/2355 2339/2339/2339 2356/2356/2356
f 2339/2339/2339 2340/2340/2340 2356/2356/2356
f 2356/2356/2356 2340/2340/2340 2357/2357/2357
f 2340/2340/2340 2341/2341/2341 2357/2357/2357
f 2357/2357/2357 2341/2341/2341 2358/2358/2358
f 2341/2341/2341 2342/2342/2342 2358/2358/2358
f 2358/2358/2358 2342/2342/2342 2359/2359/2359
f 2342/2342/2342 2343/2343/2343 2359/2359/2359
f 2359/2359/2359 2343/2343/2343 2360/2360/2360
f 2343/2343/2343 2344/2344/2344 2360/2360/2360
f 2360/2360/2360 2344/2344/2344 2361/2361/2361
f 2344/2344/2344 2345/2345/2345 2361/2361/2361
f 2361/2361/2361 2345/2345/2345 2362/2362/2362
f 2345/2345/2345 2346/2346/2346 2362/2362/2362
f 2362/2362/2362 2346/2346/2346 2363/2363/2363
f 2347/2347/2347 2348/2348/2348 2364/2364/2364
f 2364/2364/2364 2348/2348/2348 2365/2365/2365
f 2348/2348/2348 2349/2349/2349 2365/2365/2365
f 2365/2365/2365 2349/2349/2349 2366/2366/2366
f 2349/2349/2349 2350/2350/2350 2366/2366/2366
f 2366/2366/2366 2350/2350/2350 2367/2367/2367
f 2350/2350/2350 2351/2351/2351 2367/2367/2367
f 2367/2367/2367 2351/2351/2351 2368/2368/2368
f 2351/2351/2351 2352/2352/2352 2368/2368/2368
f 2368/2368/2368 2352/2352/2352 2369/2369/2369
f 2352/2352/2352 2353/2353/2353 2369/2369/2369
f 2369/2369/2369 2353/2353/2353 2370/2370/2370
f 2353/2353/2353 2354/2354/2354 2370/2370/2370
f 2370/2370/2370 2354/2354/2354 2371/2371/2371
f 2354/2354/2354 2355/2355/2355 2371/2371/2371
f 2371/2371/2371 2355/2355/2355 2372/2372/2372
f 2355/2355/2355 2356/2356/2356 2372/2372/2372
f 2372/2372/2372 2356/2356/2356 2373/2373/2373
f 2356/2356/2356 2357/2357/2357 2373/2373/2373
f 2373/2373/2373 2357/2357/2357 2374/2374/2374
f 2357/2357/2357 2358/2358/2358 2374/2374/2374
f 2374/2374/2374 2358/2358/2358 2375/2375/2375
f 2358/2358/2358 2359/2359/2359 2375/2375/2375
f 2375/2375/2375 2359/2359/2359 2376/2376/2376
f 2359/2359/2359 2360/2360/2360 2376/2376/2376
f 2376/2376/2376 2360/2360/2360 2377/2377/2377
f 2360/2360/2360 2361/2361/2361 2377/2377/2377
f 2377/2377/2377 2361/2361/2361 2378/2378/2378
f 2361/2361/2361 2362/2362/2362 2378/2378/2378
f 2378/2378/2378 2362/2362/2362 2379/2379/2379
f 2362/2362/2362 2363/2363/2363 2379/2379/2379
f 2379/2379/2379 2363/2363/2363 2380/2380/2380
f 2364/2364/2364 2365/2365/2365 2381/2381/2381
f 2381/2381/2381 2365/2365/2365 2382/2382/2382
f 2365/2365/2365 2366/2366/2366 2382/2382/2382
f 2382/2382/2382 2366/2366/2366 2383/2383/2383
f 2366/2366/2366 2367/2367/2367 2383/2383/2383
f 2383/2383/2383 2367/2367/2367 2384/2384/2384
f 2367/2367/2367 2368/2368/2368 2384/2384/2384
f 2384/2384/2384 2368/2368/2368 2385/2385/2385
f 2368/2368/2368 2369/2369/2369 2385/2385/2385
f 2385/2385/2385 2369/2369/2369 2386/2386/2386
f 2369/2369/2369 2370/2370/2370 2386/2386/2386
f 2386/2386/2386 2370/2370/2370 2387/2387/2387
f 2370/2370/2370 2371/2371/2371 2387/2387/2387
f 2387/2387/2387 2371/2371/2371 2388/2388/2388
f 2371/2371/2371 2372/2372/2372 2388/2388/2388
f 2388/2388/2388 2372/2372/2372 2389/2389/2389
f 2372/2372/2372 2373/2373/2373 2389/2389/2389
f 2389/2389/2389 2373/2373/2373 2390/2390/2390
f 2373/2373/2373 2374/2374/2374 2390/2390/2390
f 2390/2390/2390 2374/2374/2374 2391/2391/2391
f 2374/2374/2374 2375/2375/2375 2391/2391/2391
f 2391/2391/2391 2375/2375/2375 2392/2392/2392
f 2375/2375/2375 2376/2376/2376 2392/2392/2392
f 2392/2392/2392 2376/2376/2376 2393/2393/2393
f 2376/2376/2376 2377/2377/2377 2393/2393/2393
f 2393/2393/2393 2377/2377/2377 2394/2394/2394
f 2377/2377/2377 2378/2378/2378 2394/2394/2394
f 2394/2394/2394 2378/2378/2378 2395/2395/2395
f 2378/2378/2378 2379/2379/2379 2395/2395/2395
f 2395/2395/2395 2379/2379/2379 2396/2396/2396
f 2379/2379/2379 2380/2380/2380 2396/2396/2396
f 2396/2396/2396 2380/2380/2380 2397/2397/2397
f 2381/2381/2381 2382/2382/2382 2398/2398/2398
f 2398/2398/2398 2382/2382/2382 2399/2399/2399
f 2382/2382/2382 2383/2383/2383 2399/2399/2399
f 2399/2399/2399 2383/2383/2383 2400/2400/2400
f 2383/2383/2383 2384/2384/2384 2400/2400/2400
f 2400/2400/2400 2384/2384/2384 2401/2401/2401
f 2384/2384/2384 2385/2385/2385 2401/2401/2401
f 2401/2401/2401 2385/2385/2385 2402/2402/2402
f 2385/2385/2385 2386/2386/2386 2402/2402/2402
f 2402/2402/2402 2386/2386/2386 2403/2403/2403
f 2386/2386/2386 2387/2387/2387 2403/2403/2403
f 2403/2403/2403 2387/2387/2387 2404/2404/2404
f 2387/2387/2387 2388/2388/2388 2404/2404/2404
f 2404/2404/2404 2388/2388/2388 2405/2405/2405
f 2388/2388/2388 2389/2389/2389 2405/2405/2405
f 2405/2405/2405 2389/2389/2389 2406/2406/2406
f 2389/2389/2389 2390/2390/2390 2406/2406/2406
f 2406/2406/2406 2390/2390/2390 2407/2407/2407
f 2390/2390/2390 2391/2391/2391 2407/2407/2407
f 2407/2407/2407 2391/2391/2391 2408/2408/2408
f 2391/2391/2391 2392/2392/2392 2408/2408/2408
f 2408/2408/2408 2392/2392/2392 2409/2409/2409
f 2392/2392/2392 2393/2393/2393 2409/2409/2409
f 2409/2409/2409 2393/2393/2393 2410/2410/2410
f 2393/2393/2393 2394/2394/2394 2410/2410/2410
f 2410/2410/2410 2394/2394/2394 2411/2411/2411
f 2394/2394/2394 2395/2395/2395 2411/2411/2411
f 2411/2411/2411 2395/2395/2395 2412/2412/2412
f 2395/2395/2395 2396/2396/2396 2412/2412/2412
f 2412/2412/2412 2396/2396/2396 2413/2413/2413
f 2396/2396/2396 2397/2397/2397 2413/2413/2413
f 2413/2413/2413 2397/2397/2397 2414/2414/2414
f 2398/2398/2398 2399/2399/2399 2415/2415/2415
f 2415/2415/2415 2399/2399/2399 2416/2416/2416
f 2399/2399/2399 2400/2400/2400 2416/2416/2416
f 2416/2416/2416 2400/2400/2400 2417/2417/2417
f 2400/2400/2400 2401/2401/2401 2417/2417/2417
f 2417/2417/2417 2401/2401/2401 2418/2418/2418
f 2401/2401/2401 2402/2402/2402 2418/2418/2418
f 2418/2418/2418 2402/2402/2402 2419/2419/2419
f 2402/2402/2402 2403/2403/2403 2419/2419/2419
f 2419/2419/2419 2403/2403/2403 2420/2420/2420
f 2403/2403/2403 2404/2404/2404 2420/2420/2420
f 2420/2420/2420 2404/2404/2404 2421/2421/2421
f 2404/2404/2404 2405/2405/2405 2421/2421/2421
f 2421/2421/2421 2405/2405/2405 2422/2422/2422
f 2405/2405/2405 2406/2406/2406 2422/2422/2422
f 2422/2422/2422 2406/2406/2406 2423/2423/2423
f 2406/2406/2406 2407/2407/2407 2423/2423/2423
f 2423/2423/2423 2407/2407/2407 2424/2424/2424
f 2407/2407/2407 2408/2408/2408 2424/2424/2424
f 2424/2424/2424 2408/2408/2408 2425/2425/2425
f 2408/2408/2408 2409/2409/2409 2425/2425/2425
f 2425/2425/2425 2409/2409/2409 2426/2426/2426
f 2409/2409/2409 2410/2410/2410 2426/2426/2426
f 2426/2426/2426 2410/2410/2410 2427/2427/2427
f 2410/2410/2410 2411/2411/2411 2427/2427/2427
f 2427/2427/2427 2411/2411/2411 2428/2428/2428
f 2411/2411/2411 2412/2412/2412 2428/2428/2428
f 2428/2428/2428 2412/2412/2412 2429/2429/2429
f 2412/2412/2412 2413/2413/2413 2429/2429/2429
f 2429/2429/2429 2413/2413/2413 2430/2430/2430
f 2413/2413/2413 2414/2414/2414 2430/2430/2430
f 2430/2430/2430 2414/2414/2414 2431/2431/2431
f 2415/2415/2415 2416/2416/2416 2432/2432/2432
f 2432/2432/2432 2416/2416/2416 2433/2433/2433
f 2416/2416/2416 2417/2417/2417 2433/2433/2433
f 2433/2433/2433 2417/2417/2417 2434/2434/2434
f 2417/2417/2417 2418/2418/2418 2434/2434/2434
f 2434/2434/2434 2418/2418/2418 2435/2435/2435
f 2418/2418/2418 2419/2419/2419 2435/2435/2435
f 2435/2435/2435 2419/2419/2419 2436/2436/2436
f 2419/2419/2419 2420/2420/2420 2436/2436/2436
f 2436/2436/2436 2420/2420/2420 2437/2437/2437
f 2420/2420/2420 2421/2421/2421 2437/2437/2437
f 2437/2437/2437 2421/2421/2421 2438/2438/2438
f 2421/2421/2421 2422/2422/2422 2438/2438/2438
f 2438/2438/2438 2422/2422/2422 2439/2439/2439
f 2422/2422/2422 2423/2423/2423 2439/2439/2439
f 2439/2439/2439 2423/2423/2423 2440/2440/2440
f 2423/2423/2423 2424/2424/2424 2440/2440/2440
f 2440/2440/2440 2424/2424/2424 2441/2441/2441
f 2424/2424/2424 2425/2425/2425 2441/2441/2441
f 2441/2441/2441 2425/2425/2425 2442/2442/2442
f 2425/2425/2425 2426/2426/2426 2442/2442/2442
f 2442/2442/2442 2426/2426/2426 2443/2443/2443
f 2426/2426/2426 2427/2427/2427 2443/2443/2443
f 2443/2443/2443 2427/2427/2427 2444/2444/2444
f 2427/2427/2427 2428/2428/2428 2444/2444/2444
f 2444/2444/2444 2428/2428/2428 2445/2445/2445
f 2428/2428/2428 2429/2429/2429 2445/2445/2445
f 2445/2445/2445 2429/2429/2429 2446/2446/2446
f 2429/2429/2429 2430/2430/2430 2446/2446/2446
f 2446/2446/2446 2430/2430/2430 2447/2447/2447
f 2430/2430/2430 2431/2431/2431 2447/2447/2447
f 2447/2447/2447 2431/2431/2431 2448/2448/2448
f 2432/2432/2432 2433/2433/2433 2449/2449/2449
f 2449/2449/2449 2433/2433/2433 2450/2450/2450
f 2433/2433/2433 2434/2434/2434 2450/2450/2450
f 2450/2450/2450 2434/2434/2434 2451/2451/2451
f 2434/2434/2434 2435/2435/2435 2451/2451/2451
f 2451/2451/2451 2435/2435/2435 2452/2452/2452
f 2435/2435/2435 2436/2436/2436 2452/2452/2452
f 2452/2452/2452 2436/2436/2436 2453/2453/2453
f 2436/2436/2436 2437/2437/2437 2453/2453/2453
f 2453/2453/2453 2437/2437/2437 2454/2454/2454
f 2437/2437/2437 2438/2438/2438 2454/2454/2454
f 2454/2454/2454 2438/2438/2438 2455/2455/2455
f 2438/2438/2438 2439/2439/2439 2455/2455/2455
f 2455/2455/2455 2439/2439/2439 2456/2456/2456
f 2439/2439/2439 2440/2440/2440 2456/2456/2456
f 2456/2456/2456 2440/2440/2440 2457/2457/2457
f 2440/2440/2440 2441/2441/2441 2457/2457/2457
f 2457/2457/2457 2441/2441/2441 2458/2458/2458
f 2441/2441/2441 2442/2442/2442 2458/2458/2458
f 2458/2458/2458 2442/2442/2442 2459/2459/2459
f 2442/2442/2442 2443/2443/2443 2459/2459/2459
f 2459/2459/2459 2443/2443/2443 2460/2460/2460
f 2443/2443/2443 2444/2444/2444 2460/2460/2460
f 2460/2460/2460 2444/2444/2444 2461/2461/2461
f 2444/2444/2444 2445/2445/2445 2461/2461/2461
f 2461/2461/2461 2445/2445/2445 2462/2462/2462
f 2445/2445/2445 2446/2446/2446 2462/2462/2462
f 2462/2462/2462 2446/2446/2446 2463/2463/2463
f 2446/2446/2446 2447/2447/2447 2463/2463/2463
f 2463/2463/2463 2447/2447/2447 2464/2464/2464
f 2447/2447/2447 2448/2448/2448 2464/2464/2464
f 2464/2464/2464 2448/2448/2448 2465/2465/2465
f 2449/2449/2449 2450/2450/2450 2466/2466/2466
f 2466/2466/2466 2450/2450/2450 2467/2467/2467
f 2450/2450/2450 2451/2451/2451 2467/2467/2467
f 2467/2467/2467 2451/2451/2451 2468/2468/2468
f 2451/2451/2451 2452/2452/2452 2468/2468/2468
f 2468/2468/2468 2452/2452/2452 2469/2469/2469
f 2452/2452/2452 2453/2453/2453 2469/2469/2469
f 2469/2469/2469 2453/2453/2453 2470/2470/2470
f 2453/2453/2453 2454/2454/2454 2470/2470/2470
f 2470/2470/2470 2454/2454/2454 2471/2471/2471
f 2454/2454/2454 2455/2455/2455 2471/2471/2471
f 2471/2471/2471 2455/2455/2455 2472/2472/2472
f 2455/2455/2455 2456/2456/2456 2472/2472/2472
f 2472/2472/2472 2456/2456/2456 2473/2473/2473
f 2456/2456/2456 2457/2457/2457 2473/2473/2473
f 2473/2473/2473 2457/2457/2457 2474/2474/2474
f 2457/2457/2457 2458/2458/2458 2474/2474/2474
f 2474/2474/2474 2458/2458/2458 2475/2475/2475
f 2458/2458/2458 2459/2459/2459 2475/2475/2475
f 2475/2475/2475 2459/2459/2459 2476/2476/2476
f 2459/2459/2459 2460/2460/2460 2476/2476/2476
f 2476/2476/2476 2460/2460/2460 2477/2477/2477
f 2460/2460/2460 2461/2461/2461 2477/2477/2477
f 2477/2477/2477 2461/2461/2461 2478/2478/2478
f 2461/2461/2461 2462/2462/2462 2478/2478/2478
f 2478/2478/2478 2462/2462/2462 2479/2479/2479
f 2462/2462/2462 2463/2463/2463 2479/2479/2479
f 2479/2479/2479 2463/2463/2463 2480/2480/2480
f 2463/2463/2463 2464/2464/2464 2480/2480/2480
f 2480/2480/2480 2464/2464/2464 2481/2481/2481
f 2464/2464/2464 2465/2465/2465 2481/2481/2481
f 2481/2481/2481 2465/2465/2465 2482/2482/2482
f 2466/2466/2466 2467/2467/2467 2483/2483/2483
f 2483/2483/2483 2467/2467/2467 2484/2484/2484
f 2467/2467/2467 2468/2468/2468 2484/2484/2484
f 2484/2484/2484 2468/2468/2468 2485/2485/2485
f 2468/2468/2468 2469/2469/2469 2485/2485/2485
f 2485/2485/2485 2469/2469/2469 2486/2486/2486
f 2469/2469/2469 2470/2470/2470 2486/2486/2486
f 2486/2486/2486 2470/2470/2470 2487/2487/2487
f 2470/2470/2470 2471/2471/2471 2487/2487/2487
f 2487/2487/2487 2471/2471/2471 2488/2488/2488
f 2471/2471/2471 2472/2472/2472 2488/2488/2488
f 2488/2488/2488 2472/2472/2472 2489/2489/2489
f 2472/2472/2472 2473/2473/2473 2489/2489/2489
f 2489/2489/2489 2473/2473/2473 2490/2490/2490
f 2473/2473/2473 2474/2474/2474 2490/2490/2490
f 2490/2490/2490 2474/2474/2474 2491/2491/2491
f 2474/2474/2474 2475/2475/2475 2491/2491/2491
f 2491/2491/2491 2475/2475/2475 2492/2492/2492
f 2475/2475/2475 2476/2476/2476 2492/2492/2492
f 2492/2492/2492 2476/2476/2476 2493/2493/2493
f 2476/2476/2476 2477/2477/2477 2493/2493/2493
f 2493/2493/2493 2477/2477/2477 2494/2494/2494
f 2477/2477/2477 2478/2478/2478 2494/2494/2494
f 2494/2494/2494 2478/2478/2478 2495/2495/2495
f 2478/2478/2478 2479/2479/2479 2495/2495/2495
f 2495/2495/2495 2479/2479/2479 2496/2496/2496
f 2479/2479/2479 2480/2480/2480 2496/2496/2496
f 2496/2496/2496 2480/2480/2480 2497/2497/2497
f 2480/2480/2480 2481/2481/2481 2497/2497/2497
f 2497/2497/2497 2481/2481/2481 2498/2498/2498
f 2481/2481/2481 2482/2482/2482 2498/2498/2498
f 2498/2498/2498 2482/2482/2482 2499/2499/2499
f 2483/2483/2483 2484/2484/2484 2500/2500/2500
f 2500/2500/2500 2484/2484/2484 2501/2501/2501
f 2484/2484/2484 2485/2485/2485 2501/2501/2501
f 2501/2501/2501 2485/2485/2485 2502/2502/2502
f 2485/2485/2485 2486/2486/2486 2502/2502/2502
f 2502/2502/2502 2486/2486/2486 2503/2503/2503
f 2486/2486/2486 2487/2487/2487 2503/2503/2503
f 2503/2503/2503 2487/2487/2487 2504/2504/2504
f 2487/2487/2487 2488/2488/2488 2504/2504/2504
f 2504/2504/2504 2488/2488/2488 2505/2505/2505
f 2488/2488/2488 2489/2489/2489 2505/2505/2505
f 2505/2505/2505 2489/2489/2489 2506/2506/2506
f 2489/2489/2489 2490/2490/2490 2506/2506/2506
f 2506/2506/2506 2490/2490/2490 2507/2507/2507
f 2490/2490/2490 2491/2491/2491 2507/2507/2507
f 2507/2507/2507 2491/2491/2491 2508/2508/2508
f 2491/2491/2491 2492/2492/2492 2508/2508/2508
f 2508/2508/2508 2492/2492/2492 2509/2509/2509
f 2492/2492/2492 2493/2493/2493 2509/2509/2509
f 2509/2509/2509 2493/2493/2493 2510/2510/2510
f 2493/2493/2493 2494/2494/2494 2510/2510/2510
f 2510/2510/2510 2494/2494/2494 2511/2511/2511
f 2494/2494/2494 2495/2495/2495 2511/2511/2511
f 2511/2511/2511 2495/2495/2495 2512/2512/2512
f 2495/2495/2495 2496/2496/2496 2512/2512/2512
f 2512/2512/2512 2496/2496/2496 2513/2513/2513
f 2496/2496/2496 2497/2497/2497 2513/2513/2513
f 2513/2513/2513 2497/2497/2497 2514/2514/2514
f 2497/2497/2497 2498/2498/2498 2514/2514/2514
f 2514/2514/2514 2498/2498/2498 2515/2515/2515
f 2498/2498/2498 2499/2499/2499 2515/2515/2515
f 2515/2515/2515 2499/2499/2499 2516/2516/2516
f 2500/2500/2500 2501/2501/2501 2517/2517/2517
f 2517/2517/2517 2501/2501/2501 2518/2518/2518
f 2501/2501/2501 2502/2502/2502 2518/2518/2518
f 2518/2518/2518 2502/2502/2502 2519/2519/2519
f 2502/2502/2502 2503/2503/2503 2519/2519/2519
f 2519/2519/2519 2503/2503/2503 2520/2520/2520
f 2503/2503/2503 2504/2504/2504 2520/2520/2520
f 2520/2520/2520 2504/2504/2504 2521/2521/2521
f 2504/2504/2504 2505/2505/2505 2521/2521/2521
f 2521/2521/2521 2505/2505/2505 2522/2522/2522
f 2505/2505/2505 2506/2506/2506 2522/2522/2522
f 2522/2522/2522 2506/2506/2506 2523/2523/2523
f 2506/2506/2506 2507/2507/2507 2523/2523/2523
f 2523/2523/2523 2507/2507/2507 2524/2524/2524
f 2507/2507/2507 2508/2508/2508 2524/2524/2524
f 2524/2524/2524 2508/2508/2508 2525/2525/2525
f 2508/2508/2508 2509/2509/2509 2525/2525/2525
f 2525/2525/2525 2509/2509/2509 2526/2526/2526
f 2509/2509/2509 2510/2510/2510 2526/2526/2526
f 2526/2526/2526 2510/2510/2510 2527/2527/2527
f 2510/2510/2510 2511/2511/2511 2527/2527/2527
f 2527/2527/2527 2511/2511/2511 2528/2528/2528
f 2511/2511/2511 2512/2512/2512 2528/2528/2528
f 2528/2528/2528 2512/2512/2512 2529/2529/2529
f 2512/2512/2512 2513/2513/2513 2529/2529/2529
f 2529/2529/2529 2513/2513/2513 2530/2530/2530
f 2513/2513/2513 2514/2514/2514 2530/2530/2530
f 2530/2530/2530 2514/2514/2514 2531/2531/2531
f 2514/2514/2514 2515/2515/2515 2531/2531/2531
f 2531/2531/2531 2515/2515/2515 2532/2532/2532
f 2515/2515/2515 2516/2516/2516 2532/2532/2532
f 2532/2532/2532 2516/2516/2516 2533/2533/2533
f 2517/2517/2517 2518/2518/2518 2534/2534/2534
f 2534/2534/2534 2518/2518/2518 2535/2535/2535
f 2518/2518/2518 2519/2519/2519 2535/2535/2535
f 2535/2535/2535 2519/2519/2519 2536/2536/2536
f 2519/2519/2519 2520/2520/2520 2536/2536/2536
f 2536/2536/2536 2520/2520/2520 2537/2537/2537
f 2520/2520/2520 2521/2521/2521 2537/2537/2537
f 2537/2537/2537 2521/2521/2521 2538/2538/2538
f 2521/2521/2521 2522/2522/2522 2538/2538/2538
f 2538/2538/2538 2522/2522/2522 2539/2539/2539
f 2522/2522/2522 2523/2523/2523 2539/2539/2539
f 2539/2539/2539 2523/2523/2523 2540/2540/2540
f 2523/2523/2523 2524/2524/2524 2540/2540/2540
f 2540/2540/2540 2524/2524/2524 2541/2541/2541
f 2524/2524/2524 2525/2525/2525 2541/2541/2541
f 2541/2541/2541 2525/2525/2525 2542/2542/2542
f 2525/2525/2525 2526/2526/2526 2542/2542/2542
f 2542/2542/2542 2526/2526/2526 2543/2543/2543
f 2526/2526/2526 2527/2527/2527 2543/2543/2543
f 2543/2543/2543 2527/2527/2527 2544/2544/2544
f 2527/2527/2527 2528/2528/2528 2544/2544/2544
f 2544/2544/2544 2528/2528/2528 2545/2545/2545
f 2528/2528/2528 2529/2529/2529 2545/2545/2545
f 2545/2545/2545 2529/2529/2529 2546/2546/2546
f 2529/2529/2529 2530/2530/2530 2546/2546/2546
f 2546/2546/2546 2530/2530/2530 2547/2547/2547
f 2530/2530/2530 2531/2531/2531 2547/2547/2547
f 2547/2547/2547 2531/2531/2531 2548/2548/2548
f 2531/2531/2531 2532/2532/2532 2548/2548/2548
f 2548/2548/2548 2532/2532/2532 2549/2549/2549
f 2532/2532/2532 2533/2533/2533 2549/2549/2549
f 2549/2549/2549 2533/2533/2533 2550/2550/2550
f 2534/2534/2534 2535/2535/2535 2551/2551/2551
f 2551/2551/2551 2535/2535/2535 2552/2552/2552
f 2535/2535/2535 2536/2536/2536 2552/2552/2552
f 2552/2552/2552 2536/2536/2536 2553/2553/2553
f 2536/2536/2536 2537/2537/2537 2553/2553/2553
f 2553/2553/2553 2537/2537/2537 2554/2554/2554
f 2537/2537/2537 2538/2538/2538 2554/2554/2554
f 2554/2554/2554 2538/2538/2538 2555/2555/2555
f 2538/2538/2538 2539/2539/2539 2555/2555/2555
f 2555/2555/2555 2539/2539/2539 2556/2556/2556
f 2539/2539/2539 2540/2540/2540 2556/2556/2556
f 2556/2556/2556 2540/2540/2540 2557/2557/2557
f 2540/2540/2540 2541/2541/2541 2557/2557/2557
f 2557/2557/2557 2541/2541/2541 2558/2558/2558
f 2541/2541/2541 2542/2542/2542 2558/2558/2558
f 2558/2558/2558 2542/2542/2542 2559/2559/2559
f 2542/2542/2542 2543/2543/2543 2559/2559/2559
f 2559/2559/2559 2543/2543/2543 2560/2560/2560
f 2543/2543/2543 2544/2544/2544 2560/2560/2560
f 2560/2560/2560 2544/2544/2544 2561/2561/2561
f 2544/2544/2544 2545/2545/2545 2561/2561/2561
f 2561/2561/2561 2545/2545/2545 2562/2562/2562
f 2545/2545/2545 2546/2546/2546 2562/2562/2562
f 2562/2562/2562 2546/2546/2546 2563/2563/2563
f 2546/2546/2546 2547/2547/2547 2563/2563/2563
f 2563/2563/2563 2547/2547/2547 2564/2564/2564
f 2547/2547/2547 2548/2548/2548 2564/2564/2564
f 2564/2564/2564 2548/2548/2548 2565/2565/2565
f 2548/2548/2548 2549/2549/2549 2565/2565/2565
f 2565/2565/2565 2549/2549/2549 2566/2566/2566
f 2549/2549/2549 2550/2550/2550 2566/2566/2566
f 2566/2566/2566 2550/2550/2550 2567/2567/2567
f 2551/2551/2551 2552/2552/2552 2568/2568/2568
f 2568/2568/2568 2552/2552/2552 2569/2569/2569
f 2552/2552/2552 2553/2553/2553 2569/2569/2569
f 2569/2569/2569 2553/2553/2553 2570/2570/2570
f 2553/2553/2553 2554/2554/2554 2570/2570/2570
f 2570/2570/2570 2554/2554/2554 2571/2571/2571
f 2554/2554/2554 2555/2555/2555 2571/2571/2571
f 2571/2571/2571 2555/2555/2555 2572/2572/2572
f 2555/2555/2555 2556/2556/2556 2572/2572/2572
f 2572/2572/2572 2556/2556/2556 2573/2573/2573
f 2556/2556/2556 2557/2557/2557 2573/2573/2573
f 2573/2573/2573 2557/2557/2557 2574/2574/2574
f 2557/2557/2557 2558/2558/2558 2574/2574/2574
f 2574/2574/2574 2558/2558/2558 2575/2575/2575
f 2558/2558/2558 2559/2559/2559 2575/2575/2575
f 2575/2575/2575 2559/2559/2559 2576/2576/2576
f 2559/2559/2559 2560/2560/2560 2576/2576/2576
f 2576/2576/2576 2560/2560/2560 2577/2577/2577
f 2560/2560/2560 2561/2561/2561 2577/2577/2577
f 2577/2577/2577 2561/2561/2561 2578/2578/2578
f 2561/2561/2561 2562/2562/2562 2578/2578/2578
f 2578/2578/2578 2562/2562/2562 2579/2579/2579
f 2562/2562/2562 2563/2563/2563 2579/2579/2579
f 2579/2579/2579 2563/2563/2563 2580/2580/2580
f 2563/2563/2563 2564/2564/2564 2580/2580/2580
f 2580/2580/2580 2564/2564/2564 2581/2581/2581
f 2564/2564/2564 2565/2565/2565 2581/2581/2581
f 2581/2581/2581 2565/2565/2565 2582/2582/2582
f 2565/2565/2565 2566/2566/2566 2582/2582/2582
f 2582/2582/2582 2566/2566/2566 2583/2583/2583
f 2566/2566/2566 2567/2567/2567 2583/2583/2583
f 2583/2583/2583 2567/2567/2567 2584/2584/2584
f 2568/2568/2568 2569/2569/2569 2585/2585/2585
f 2585/2585/2585 2569/2569/2569 2586/2586/2586
f 2569/2569/2569 2570/2570/2570 2586/2586/2586
f 2586/2586/2586 2570/2570/2570 2587/2587/2587
f 2570/2570/2570 2571/2571/2571 2587/2587/2587
f 2587/2587/2587 2571/2571/2571 2588/2588/2588
f 2571/2571/2571 2572/2572/2572 2588/2588/2588
f 2588/2588/2588 2572/2572/2572 2589/2589/2589
f 2572/2572/2572 2573/2573/2573 2589/2589/2589
f 2589/2589/2589 2573/2573/2573 2590/2590/2590
f 2573/2573/2573 2574/2574/2574 2590/2590/2590
f 2590/2590/2590 2574/2574/2574 2591/2591/2591
f 2574/2574/2574 2575/2575/2575 2591/2591/2591
f 2591/2591/2591 2575/2575/2575 2592/2592/2592
f 2575/2575/2575 2576/2576/2576 2592/2592/2592
f 2592/2592/2592 2576/2576/2576 2593/2593/2593
f 2576/2576/2576 2577/2577/2577 2593/2593/2593
f 2593/2593/2593 2577/2577/2577 2594/2594/2594
f 2577/2577/2577 2578/2578/2578 2594/2594/2594
f 2594/2594/2594 2578/2578/2578 2595/2595/2595
f 2578/2578/2578 2579/2579/2579 2595/2595/2595
f 2595/2595/2595 2579/2579/2579 2596/2596/2596
f 2579/2579/2579 2580/2580/2580 2596/2596/2596
f 2596/2596/2596 2580/2580/2580 2597/2597/2597
f 2580/2580/2580 2581/2581/2581 2597/2597/2597
f 2597/2597/2597 2581/2581/2581 2598/2598/2598
f 2581/2581/2581 2582/2582/2582 2598/2598/2598
f 2598/2598/2598 2582/2582/2582 2599/2599/2599
f 2582/2582/2582 2583/2583/2583 2599/2599/2599
f 2599/2599/2599 2583/2583/2583 2600/2600/2600
f 2583/2583/2583 2584/2584/2584 2600/2600/2600
f 2600/2600/2600 2584/2584/2584 2601/2601/2601
f 2585/2585/2585 2586/2586/2586 2602/2602/2602
f 2602/2602/2602 2586/2586/2586 2603/2603/2603
f 2586/2586/2586 2587/2587/2587 2603/2603/2603
f 2603/2603/2603 2587/2587/2587 2604/2604/2604
f 2587/2587/2587 2588/2588/2588 2604/2604/2604
f 2604/2604/2604 2588/2588/2588 2605/2605/2605
f 2588/2588/2588 2589/2589/2589 2605/2605/2605
f 2605/2605/2605 2589/2589/2589 2606/2606/2606
f 2589/2589/2589 2590/2590/2590 2606/2606/2606
f 2606/2606/2606 2590/2590/2590 2607/2607/2607
f 2590/2590/2590 2591/2591/2591 2607/2607/2607
f 2607/2607/2607 2591/2591/2591 2608/2608/2608
f 2591/2591/2591 2592/2592/2592 2608/2608/2608
f 2608/2608/2608 2592/2592/2592 2609/2609/2609
f 2592/2592/2592 2593/2593/2593 2609/2609/2609
f 2609/2609/2609 2593/2593/2593 2610/2610/2610
f 2593/2593/2593 2594/2594/2594 2610/2610/2610
f 2610/2610/2610 2594/2594/2594 2611/2611/2611
f 2594/2594/2594 2595/2595/2595 2611/2611/2611
f 2611/2611/2611 2595/2595/2595 2612/2612/2612
f 2595/2595/2595 2596/2596/2596 2612/2612/2612
f 2612/2612/2612 2596/2596/2596 2613/2613/2613
f 2596/2596/2596 2597/2597/2597 2613/2613/2613
f 2613/2613/2613 2597/2597/2597 2614/2614/2614
f 2597/2597/2597 2598/2598/2598 2614/2614/2614
f 2614/2614/2614 2598/2598/2598 2615/2615/2615
f 2598/2598/2598 2599/2599/2599 2615/2615/2615
f 2615/2615/2615 2599/2599/2599 2616/2616/2616
f 2599/2599/2599 2600/2600/2600 2616/2616/2616
f 2616/2616/2616 2600/2600/2600 2617/2617/2617
f 2600/2600/2600 2601/2601/2601 2617/2617/2617
f 2617/2617/2617 2601/2601/2601 2618/2618/2618
f 2602/2602/2602 2603/2603/2603 2619/2619/2619
f 2619/2619/2619 2603/2603/2603 2620/2620/2620
f 2603/2603/2603 2604/2604/2604 2620/2620/2620
f 2620/2620/2620 2604/2604/2604 2621/2621/2621
f 2604/2604/2604 2605/2605/2605 2621/2621/2621
f 2621/2621/2621 2605/2605/2605 2622/2622/2622
f 2605/2605/2605 2606/2606/2606 2622/2622/2622
f 2622/2622/2622 2606/2606/2606 2623/2623/2623
f 2606/2606/2606 2607/2607/2607 2623/2623/2623
f 2623/2623/2623 2607/2607/2607 2624/2624/2624
f 2607/2607/2607 2608/2608/2608 2624/2624/2624
f 2624/2624/2624 2608/2608/2608 2625/2625/2625
f 2608/2608/2608 2609/2609/2609 2625/2625/2625
f 2625/2625/2625 2609/2609/2609 2626/2626/2626
f 2609/2609/2609 2610/2610/2610 2626/2626/2626
f 2626/2626/2626 2610/2610/2610 2627/2627/2627
f 2610/2610/2610 2611/2611/2611 2627/2627/2627
f 2627/2627/2627 2611/2611/2611 2628/2628/2628
f 2611/2611/2611 2612/2612/2612 2628/2628/2628
f 2628/2628/2628 2612/2612/2612 2629/2629/2629
f 2612/2612/2612 2613/2613/2613 2629/2629/2629
f 2629/2629/2629 2613/2613/2613 2630/2630/2630
f 2613/2613/2613 2614/2614/2614 2630/2630/2630
f 2630/2630/2630 2614/2614/2614 2631/2631/2631
f 2614/2614/2614 2615/2615/2615 2631/2631/2631
f 2631/2631/2631 2615/2615/2615 2632/2632/2632
f 2615/2615/2615 2616/2616/2616 2632/2632/2632
f 2632/2632/2632 2616/2616/2616 2633/2633/2633
f 2616/2616/2616 2617/2617/2617 2633/2633/2633
f 2633/2633/2633 2617/2617/2617 2634/2634/2634
f 2617/2617/2617 2618/2618/2618 2634/2634/2634
f 2634/2634/2634 2618/2618/2618 2635/2635/2635
f 2619/2619/2619 2620/2620/2620 2636/2636/2636
f 2636/2636/2636 2620/2620/2620 2637/2637/2637
f 2620/2620/2620 2621/2621/2621 2637/2637/2637
f 2637/2637/2637 2621/2621/2621 2638/2638/2638
f 2621/2621/2621 2622/2622/2622 2638/2638/2638
f 2638/2638/2638 2622/2622/2622 2639/2639/2639
f 2622/2622/2622 2623/2623/2623 2639/2639/2639
f 2639/2639/2639 2623/2623/2623 2640/2640/2640
f 2623/2623/2623 2624/2624/2624 2640/2640/2640
f 2640/2640/2640 2624/2624/2624 2641/2641/2641
f 2624/2624/2624 2625/2625/2625 2641/2641/2641
f 2641/2641/2641 2625/2625/2625 2642/2642/2642
f 2625/2625/2625 2626/2626/2626 2642/2642/2642
f 2642/2642/2642 2626/2626/2626 2643/2643/2643
f 2626/2626/2626 2627/2627/2627 2643/2643/2643
f 2643/2643/2643 2627/2627/2627 2644/2644/2644
f 2627/2627/2627 2628/2628/2628 2644/2644/2644
f 2644/2644/2644 2628/2628/2628 2645/2645/2645
f 2628/2628/2628 2629/2629/2629 2645/2645/2645
f 2645/2645/2645 2629/2629/2629 2646/2646/2646
f 2629/2629/2629 2630/2630/2630 2646/2646/2646
f 2646/2646/2646 2630/2630/2630 2647/2647/2647
f 2630/2630/2630 2631/2631/2631 2647/2647/2647
f 2647/2647/2647 2631/2631/2631 2648/2648/2648
f 2631/2631/2631 2632/2632/2632 2648/2648/2648
f 2648/2648/2648 2632/2632/2632 2649/2649/2649
f 2632/2632/2632 2633/2633/2633 2649/2649/2649
f 2649/2649/2649 2633/2633/2633 2650/2650/2650
f 2633/2633/2633 2634/2634/2634 2650/2650/2650
f 2650/2650/2650 2634/2634/2634 2651/2651/2651
f 2634/2634/2634 2635/2635/2635 2651/2651/2651
f 2651/2651/2651 2635/2635/2635 2652/2652/2652
f 2636/2636/2636 2637/2637/2637 2653/2653/2653
f 2653/2653/2653 2637/2637/2637 2654/2654/2654
f 2637/2637/2637 2638/2638/2638 2654/2654/2654
f 2654/2654/2654 2638/2638/2638 2655/2655/2655
f 2638/2638/2638 2639/2639/2639 2655/2655/2655
f 2655/2655/2655 2639/2639/2639 2656/2656/2656
f 2639/2639/2639 2640/2640/2640 2656/2656/2656
f 2656/2656/2656 2640/2640/2640 2657/2657/2657
f 2640/2640/2640 2641/2641/2641 2657/2657/2657
f 2657/2657/2657 2641/2641/2641 2658/2658/2658
f 2641/2641/2641 2642/2642/2642 2658/2658/2658
f 2658/2658/2658 2642/2642/2642 2659/2659/2659
f 2642/2642/2642 2643/2643/2643 2659/2659/2659
f 2659/2659/2659 2643/2643/2643 2660/2660/2660
f 2643/2643/2643 2644/2644/2644 2660/2660/2660
f 2660/2660/2660 2644/2644/2644 2661/2661/2661
f 2644/2644/2644 2645/2645/2645 2661/2661/2661
f 2661/2661/2661 2645/2645/2645 2662/2662/2662
f 2645/2645/2645 2646/2646/2646 2662/2662/2662
f 2662/2662/2662 2646/2646/2646 2663/2663/2663
f 2646/2646/2646 2647/2647/2647 2663/2663/2663
f 2663/2663/2663 2647/2647/2647 2664/2664/2664
f 2647/2647/2647 2648/2648/2648 2664/2664/2664
f 2664/2664/2664 2648/2648/2648 2665/2665/2665
f 2648/2648/2648 2649/2649/2649 2665/2665/2665
f 2665/2665/2665 2649/2649/2649 2666/2666/2666
f 2649/2649/2649 2650/2650/2650 2666/2666/2666
f 2666/2666/2666 2650/2650/2650 2667/2667/2667
f 2650/2650/2650 2651/2651/2651 2667/2667/2667
f 2667/2667/2667 2651/2651/2651 2668/2668/2668
f 2651/2651/2651 2652/2652/2652 2668/2668/2668
f 2668/2668/2668 2652/2652/2652 2669/2669/2669
f 2653/2653/2653 2654/2654/2654 2670/2670/2670
f 2670/2670/2670 2654/2654/2654 2671/2671/2671
f 2654/2654/2654 2655/2655/2655 2671/2671/2671
f 2671/2671/2671 2655/2655/2655 2672/2672/2672
f 2655/2655/2655 2656/2656/2656 2672/2672/2672
f 2672/2672/2672 2656/2656/2656 2673/2673/2673
f 2656/2656/2656 2657/2657/2657 2673/2673/2673
f 2673/2673/2673 2657/2657/2657 2674/2674/2674
f 2657/2657/2657 2658/2658/2658 2674/2674/2674
f 2674/2674/2674 2658/2658/2658 2675/2675/2675
f 2658/2658/2658 2659/2659/2659 2675/2675/2675
f 2675/2675/2675 2659/2659/2659 2676/2676/2676
f 2659/2659/2659 2660/2660/2660 2676/2676/2676
f 2676/2676/2676 2660/2660/2660 2677/2677/2677
f 2660/2660/2660 2661/2661/2661 2677/2677/2677
f 2677/2677/2677 2661/2661/2661 2678/2678/2678
f 2661/2661/2661 2662/2662/2662 2678/2678/2678
f 2678/2678/2678 2662/2662/2662 2679/2679/2679
f 2662/2662/2662 2663/2663/2663 2679/2679/2679
f 2679/2679/2679 2663/2663/2663 2680/2680/2680
f 2663/2663/2663 2664/2664/2664 2680/2680/2680
f 2680/2680/2680 2664/2664/2664 2681/2681/2681
f 2664/2664/2664 2665/2665/2665 2681/2681/2681
f 2681/2681/2681 2665/2665/2665 2682/2682/2682
f 2665/2665/2665 2666/2666/2666 2682/2682/2682
f 2682/2682/2682 2666/2666/2666 2683/2683/2683
f 2666/2666/2666 2667/2667/2667 2683/2683/2683
f 2683/2683/2683 2667/2667/2667 2684/2684/2684
f 2667/2667/2667 2668/2668/2668 2684/2684/2684
f 2684/2684/2684 2668/2668/2668 2685/2685/2685
f 2668/2668/2668 2669/2669/2669 2685/2685/2685
f 2685/2685/2685 2669/2669/2669 2686/2686/2686
f 2670/2670/2670 2671/2671/2671 2687/2687/2687
f 2687/2687/2687 2671/2671/2671 2688/2688/2688
f 2671/2671/2671 2672/2672/2672 2688/2688/2688
f 2688/2688/2688 2672/2672/2672 2689/2689/2689
f 2672/2672/2672 2673/2673/2673 2689/2689/2689
f 2689/2689/2689 2673/2673/2673 2690/2690/2690
f 2673/2673/2673 2674/2674/2674 2690/2690/2690
f 2690/2690/2690 2674/2674/2674 2691/2691/2691
f 2674/2674/2674 2675/2675/2675 2691/2691/2691
f 2691/2691/2691 2675/2675/2675 2692/2692/2692
f 2675/2675/2675 2676/2676/2676 2692/2692/2692
f 2692/2692/2692 2676/2676/2676 2693/2693/2693
f 2676/2676/2676 2677/2677/2677 2693/2693/2693
f 2693/2693/2693 2677/2677/2677 2694/2694/2694
f 2677/2677/2677 2678/2678/2678 2694/2694/2694
f 2694/2694/2694 2678/2678/2678 2695/2695/2695
f 2678/2678/2678 2679/2679/2679 2695/2695/2695
f 2695/2695/2695 2679/2679/2679 2696/2696/2696
f 2679/2679/2679 2680/2680/2680 2696/2696/2696
f 2696/2696/2696 2680/2680/2680 2697/2697/2697
f 2680/2680/2680 2681/2681/2681 2697/2697/2697
f 2697/2697/2697 2681/2681/2681 2698/2698/2698
f 2681/2681/2681 2682/2682/2682 2698/2698/2698
f 2698/2698/2698 2682/2682/2682 2699/2699/2699
f 2682/2682/2682 2683/2683/2683 2699/2699/2699
f 2699/2699/2699 2683/2683/2683 2700/2700/2700
f 2683/2683/2683 2684/2684/2684 2700/2700/2700
f 2700/2700/2700 2684/2684/2684 2701/2701/2701
f 2684/2684/2684 2685/2685/2685 2701/2701/2701
f 2701/2701/2701 2685/2685/2685 2702/2702/2702
f 2685/2685/2685 2686/2686/2686 2702/2702/2702
f 2702/2702/2702 2686/2686/2686 2703/2703/2703
f 2687/2687/2687 2688/2688/2688 2704/2704/2704
f 2704/2704/2704 2688/2688/2688 2705/2705/2705
f 2688/2688/2688 2689/2689/2689 2705/2705/2705
f 2705/2705/2705 2689/2689/2689 2706/2706/2706
f 2689/2689/2689 2690/2690/2690 2706/2706/2706
f 2706/2706/2706 2690/2690/2690 2707/2707/2707
f 2690/2690/2690 2691/2691/2691 2707/2707/2707
f 2707/2707/2707 2691/2691/2691 2708/2708/2708
f 2691/2691/2691 2692/2692/2692 2708/2708/2708
f 2708/2708/2708 2692/2692/2692 2709/2709/2709
f 2692/2692/2692 2693/2693/2693 2709/2709/2709
f 2709/2709/2709 2693/2693/2693 2710/2710/2710
f 2693/2693/2693 2694/2694/2694 2710/2710/2710
f 2710/2710/2710 2694/2694/2694 2711/2711/2711
f 2694/2694/2694 2695/2695/2695 2711/2711/2711
f 2711/2711/2711 2695/2695/2695 2712/2712/2712
f 2695/2695/2695 2696/2696/2696 2712/2712/2712
f 2712/2712/2712 2696/2696/2696 2713/2713/2713
f 2696/2696/2696 2697/2697/2697 2713/2713/2713
f 2713/2713/2713 2697/2697/2697 2714/2714/2714
f 2697/2697/2697 2698/2698/2698 2714/2714/2714
f 2714/2714/2714 2698/2698/2698 2715/2715/2715
f 2698/2698/2698 2699/2699/2699 2715/2715/2715
f 2715/2715/2715 2699/2699/2699 2716/2716/2716
f 2699/2699/2699 2700/2700/2700 2716/2716/2716
f 2716/2716/2716 2700/2700/2700 2717/2717/2717
f 2700/2700/2700 2701/2701/2701 2717/2717/2717
f 2717/2717/2717 2701/2701/2701 2718/2718/2718
f 2701/2701/2701 2702/2702/2702 2718/2718/2718
f 2718/2718/2718 2702/2702/2702 2719/2719/2719
f 2702/2702/2702 2703/2703/2703 2719/2719/2719
f 2719/2719/2719 2703/2703/2703 2720/2720/2720
f 2704/2704/2704 2705/2705/2705 2721/2721/2721
f 2721/2721/2721 2705/2705/2705 2722/2722/2722
f 2705/2705/2705 2706/2706/2706 2722/2722/2722
f 2722/2722/2722 2706/2706/2706 2723/2723/2723
f 2706/2706/2706 2707/2707/2707 2723/2723/2723
f 2723/2723/2723 2707/2707/2707 2724/2724/2724
f 2707/2707/2707 2708/2708/2708 2724/2724/2724
f 2724/2724/2724 2708/2708/2708 2725/2725/2725
f 2708/2708/2708 2709/2709/2709 2725/2725/2725
f 2725/2725/2725 2709/2709/2709 2726/2726/2726
f 2709/2709/2709 2710/2710/2710 2726/2726/2726
f 2726/2726/2726 2710/2710/2710 2727/2727/2727
f 2710/2710/2710 2711/2711/2711 2727/2727/2727
f 2727/2727/2727 2711/2711/2711 2728/2728/2728
f 2711/2711/2711 2712/2712/2712 2728/2728/2728
f 2728/2728/2728 2712/2712/2712 2729/2729/2729
f 2712/2712/2712 2713/2713/2713 2729/2729/2729
f 2729/2729/2729 2713/2713/2713 2730/2730/2730
f 2713/2713/2713 2714/2714/2714 2730/2730/2730
f 2730/2730/2730 2714/2714/2714 2731/2731/2731
f 2714/2714/2714 2715/2715/2715 2731/2731/2731
f 2731/2731/2731 2715/2715/2715 2732/2732/2732
f 2715/2715/2715 2716/2716/2716 2732/2732/2732
f 2732/2732/2732 2716/2716/2716 2733/2733/2733
f 2716/2716/2716 2717/2717/2717 2733/2733/2733
f 2733/2733/2733 2717/2717/2717 2734/2734/2734
f 2717/2717/2717 2718/2718/2718 2734/2734/2734
f 2734/2734/2734 2718/2718/2718 2735/2735/2735
f 2718/2718/2718 2719/2719/2719 2735/2735/2735
f 2735/2735/2735 2719/2719/2719 2736/2736/2736
f 2719/2719/2719 2720/2720/2720 2736/2736/2736
f 2736/2736/2736 2720/2720/2720 2737/2737/2737
f 2721/2721/2721 2722/2722/2722 2738/2738/2738
f 2738/2738/2738 2722/2722/2722 2739/2739/2739
f 2722/2722/2722 2723/2723/2723 2739/2739/2739
f 2739/2739/2739 2723/2723/2723 2740/2740/2740
f 2723/2723/2723 2724/2724/2724 2740/2740/2740
f 2740/2740/2740 2724/2724/2724 2741/2741/2741
f 2724/2724/2724 2725/2725/2725 2741/2741/2741
f 2741/2741/2741 2725/2725/2725 2742/2742/2742
f 2725/2725/2725 2726/2726/2726 2742/2742/2742
f 2742/2742/2742 2726/2726/2726 2743/2743/2743
f 2726/2726/2726 2727/2727/2727 2743/2743/2743
f 2743/2743/2743 2727/2727/2727 2744/2744/2744
f 2727/2727/2727 2728/2728/2728 2744/2744/2744
f 2744/2744/2744 2728/2728/2728 2745/2745/2745
f 2728/2728/2728 2729/2729/2729 2745/2745/2745
f 2745/2745/2745 2729/2729/2729 2746/2746/2746
f 2729/2729/2729 2730/2730/2730 2746/2746/2746
f 2746/2746/2746 2730/2730/2730 2747/2747/2747
f 2730/2730/2730 2731/2731/2731 2747/2747/2747
f 2747/2747/2747 2731/2731/2731 2748/2748/2748
f 2731/2731/2731 2732/2732/2732 2748/2748/2748
f 2748/2748/2748 2732/2732/2732 2749/2749/2749
f 2732/2732/2732 2733/2733/2733 2749/2749/2749
f 2749/2749/2749 2733/2733/2733 2750/2750/2750
f 2733/2733/2733 2734/2734/2734 2750/2750/2750
f 2750/2750/2750 2734/2734/2734 2751/2751/2751
f 2734/2734/2734 2735/2735/2735 2751/2751/2751
f 2751/2751/2751 2735/2735/2735 2752/2752/2752
f 2735/2735/2735 2736/2736/2736 2752/2752/2752
f 2752/2752/2752 2736/2736/2736 2753/2753/2753
f 2736/2736/2736 2737/2737/2737 2753/2753/2753
f 2753/2753/2753 2737/2737/2737 2754/2754/2754
f 2738/2738/2738 2739/2739/2739 2755/2755/2755
f 2755/2755/2755 2739/2739/2739 2756/2756/2756
f 2739/2739/2739 2740/2740/2740 2756/2756/2756
f 2756/2756/2756 2740/2740/2740 2757/2757/2757
f 2740/2740/2740 2741/2741/2741 2757/2757/2757
f 2757/2757/2757 2741/2741/2741 2758/2758/2758
f 2741/2741/2741 2742/2742/2742 2758/2758/2758
f 2758/2758/2758 2742/2742/2742 2759/2759/2759
f 2742/2742/2742 2743/2743/2743 2759/2759/2759
f 2759/2759/2759 2743/2743/2743 2760/2760/2760
f 2743/2743/2743 2744/2744/2744 2760/2760/2760
f 2760/2760/2760 2744/2744/2744 2761/2761/2761
f 2744/2744/2744 2745/2745/2745 2761/2761/2761
f 2761/2761/2761 2745/2745/2745 2762/2762/2762
f 2745/2745/2745 2746/2746/2746 2762/2762/2762
f 2762/2762/2762 2746/2746/2746 2763/2763/2763
f 2746/2746/2746 2747/2747/2747 2763/2763/2763
f 2763/2763/2763 2747/2747/2747 2764/2764/2764
f 2747/2747/2747 2748/2748/2748 2764/2764/2764
f 2764/2764/2764 2748/2748/2748 2765/2765/2765
f 2748/2748/2748 2749/2749/2749 2765/2765/2765
f 2765/2765/2765 2749/2749/2749 2766/2766/2766
f 2749/2749/2749 2750/2750/2750 2766/2766/2766
f 2766/2766/2766 2750/2750/2750 2767/2767/2767
f 2750/2750/2750 2751/2751/2751 2767/2767/2767
f 2767/2767/2767 2751/2751/2751 2768/2768/2768
f 2751/2751/2751 2752/2752/2752 2768/2768/2768
f 2768/2768/2768 2752/2752/2752 2769/2769/2769
f 2752/2752/2752 2753/2753/2753 2769/2769/2769
f 2769/2769/2769 2753/2753/2753 2770/2770/2770
f 2753/2753/2753 2754/2754/2754 2770/2770/2770
f 2770/2770/2770 2754/2754/2754 2771/2771/2771
f 2755/2755/2755 2756/2756/2756 2772/2772/2772
f 2772/2772/2772 2756/2756/2756 2773/2773/2773
f 2756/2756/2756 2757/2757/2757 2773/2773/2773
f 2773/2773/2773 2757/2757/2757 2774/2774/2774
f 2757/2757/2757 2758/2758/2758 2774/2774/2774
f 2774/2774/2774 2758/2758/2758 2775/2775/2775
f 2758/2758/2758 2759/2759/2759 2775/2775/2775
f 2775/2775/2775 2759/2759/2759 2776/2776/2776
f 2759/2759/2759 2760/2760/2760 2776/2776/2776
f 2776/2776/2776 2760/2760/2760 2777/2777/2777
f 2760/2760/2760 2761/2761/2761 2777/2777/2777
f 2777/2777/2777 2761/2761/2761 2778/2778/2778
f 2761/2761/2761 2762/2762/2762 2778/2778/2778
f 2778/2778/2778 2762/2762/2762 2779/2779/2779
f 2762/2762/2762 2763/2763/2763 2779/2779/2779
f 2779/2779/2779 2763/2763/2763 2780/2780/2780
f 2763/2763/2763 2764/2764/2764 2780/2780/2780
f 2780/2780/2780 2764/2764/2764 2781/2781/2781
f 2764/2764/2764 2765/2765/2765 2781/2781/2781
f 2781/2781/2781 2765/2765/2765 2782/2782/2782
f 2765/2765/2765 2766/2766/2766 2782/2782/2782
f 2782/2782/2782 2766/2766/2766 2783/2783/2783
f 2766/2766/2766 2767/2767/2767 2783/2783/2783
f 2783/2783/2783 2767/2767/2767 2784/2784/2784
f 2767/2767/2767 2768/2768/2768 2784/2784/2784
f 2784/2784/2784 2768/2768/2768 2785/2785/2785
f 2768/2768/2768 2769/2769/2769 2785/2785/2785
f 2785/2785/2785 2769/2769/2769 2786/2786/2786
f 2769/2769/2769 2770/2770/2770 2786/2786/2786
f 2786/2786/2786 2770/2770/2770 2787/2787/2787
f 2770/2770/2770 2771/2771/2771 2787/2787/2787
f 2787/2787/2787 2771/2771/2771 2788/2788/2788
f 2772/2772/2772 2773/2773/2773 2789/2789/2789
f 2789/2789/2789 2773/2773/2773 2790/2790/2790
f 2773/2773/2773 2774/2774/2774 2790/2790/2790
f 2790/2790/2790 2774/2774/2774 2791/2791/2791
f 2774/2774/2774 2775/2775/2775 2791/2791/2791
f 2791/2791/2791 2775/2775/2775 2792/2792/2792
f 2775/2775/2775 2776/2776/2776 2792/2792/2792
f 2792/2792/2792 2776/2776/2776 2793/2793/2793
f 2776/2776/2776 2777/2777/2777 2793/2793/2793
f 2793/2793/2793 2777/2777/2777 2794/2794/2794
f 2777/2777/2777 2778/2778/2778 2794/2794/2794
f 2794/2794/2794 2778/2778/2778 2795/2795/2795
f 2778/2778/2778 2779/2779/2779 2795/2795/2795
f 2795/2795/2795 2779/2779/2779 2796/2796/2796
f 2779/2779/2779 2780/2780/2780 2796/2796/2796
f 2796/2796/2796 2780/2780/2780 2797/2797/2797
f 2780/2780/2780 2781/2781/2781 2797/2797/2797
f 2797/2797/2797 2781/2781/2781 2798/2798/2798
f 2781/2781/2781 2782/2782/2782 2798/2798/2798
f 2798/2798/2798 2782/2782/2782 2799/2799/2799
f 2782/2782/2782 2783/2783/2783 2799/2799/2799
f 2799/2799/2799 2783/2783/2783 2800/2800/2800
f 2783/2783/2783 2784/2784/2784 2800/2800/2800
f 2800/2800/2800 2784/2784/2784 2801/2801/2801
f 2784/2784/2784 2785/2785/2785 2801/2801/2801
f 2801/2801/2801 2785/2785/2785 2802/2802/2802
f 2785/2785/2785 2786/2786/2786 2802/2802/2802
f 2802/2802/2802 2786/2786/2786 2803/2803/2803
f 2786/2786/2786 2787/2787/2787 2803/2803/2803
f 2803/2803/2803 2787/2787/2787 2804/2804/2804
f 2787/2787/2787 2788/2788/2788 2804/2804/2804
f 2804/2804/2804 2788/2788/2788 2805/2805/2805
f 2789/2789/2789 2790/2790/2790 2806/2806/2806
f 2806/2806/2806 2790/2790/2790 2807/2807/2807
f 2790/2790/2790 2791/2791/2791 2807/2807/2807
f 2807/2807/2807 2791/2791/2791 2808/2808/2808
f 2791/2791/2791 2792/2792/2792 2808/2808/2808
f 2808/2808/2808 2792/2792/2792 2809/2809/2809
f 2792/2792/2792 2793/2793/2793 2809/2809/2809
f 2809/2809/2809 2793/2793/2793 2810/2810/2810
f 2793/2793/2793 2794/2794/2794 2810/2810/2810
f 2810/2810/2810 2794/2794/2794 2811/2811/2811
f 2794/2794/2794 2795/2795/2795 2811/2811/2811
f 2811/2811/2811 2795/2795/2795 2812/2812/2812
f 2795/2795/2795 2796/2796/2796 2812/2812/2812
f 2812/2812/2812 2796/2796/2796 2813/2813/2813
f 2796/2796/2796 2797/2797/2797 2813/2813/2813
f 2813/2813/2813 2797/2797/2797 2814/2814/2814
f 2797/2797/2797 2798/2798/2798 2814/2814/2814
f 2814/2814/2814 2798/2798/2798 2815/2815/2815
f 2798/2798/2798 2799/2799/2799 2815/2815/2815
f 2815/2815/2815 2799/2799/2799 2816/2816/2816
f 2799/2799/2799 2800/2800/2800 2816/2816/2816
f 2816/2816/2816 2800/2800/2800 2817/2817/2817
f 2800/2800/2800 2801/2801/2801 2817/2817/2817
f 2817/2817/2817 2801/2801/2801 2818/2818/2818
f 2801/2801/2801 2802/2802/2802 2818/2818/2818
f 2818/2818/2818 2802/2802/2802 2819/2819/2819
f 2802/2802/2802 2803/2803/2803 2819/2819/2819
f 2819/2819/2819 2803/2803/2803 2820/2820/2820
f 2803/2803/2803 2804/2804/2804 2820/2820/2820
f 2820/2820/2820 2804/2804/2804 2821/2821/2821
f 2804/2804/2804 2805/2805/2805 2821/2821/2821
f 2821/2821/2821 2805/2805/2805 2822/2822/2822
f 2806/2806/2806 2807/2807/2807 2823/2823/2823
f 2823/2823/2823 2807/2807/2807 2824/2824/2824
f 2807/2807/2807 2808/2808/2808 2824/2824/2824
f 2824/2824/2824 2808/2808/2808 2825/2825/2825
f 2808/2808/2808 2809/2809/2809 2825/2825/2825
f 2825/2825/2825 2809/2809/2809 2826/2826/2826
f 2809/2809/2809 2810/2810/2810 2826/2826/2826
f 2826/2826/2826 2810/2810/2810 2827/2827/2827
f 2810/2810/2810 2811/2811/2811 2827/2827/2827
f 2827/2827/2827 2811/2811/2811 2828/2828/2828
f 2811/2811/2811 2812/2812/2812 2828/2828/2828
f 2828/2828/2828 2812/2812/2812 2829/2829/2829
f 2812/2812/2812 2813/2813/2813 2829/2829/2829
f 2829/2829/2829 2813/2813/2813 2830/2830/2830
f 2813/2813/2813 2814/2814/2814 2830/2830/2830
f 2830/2830/2830 2814/2814/2814 2831/2831/2831
f 2814/2814/2814 2815/2815/2815 2831/2831/2831
f 2831/2831/2831 2815/2815/2815 2832/2832/2832
f 2815/2815/2815 2816/2816/2816 2832/2832/2832
f 2832/2832/2832 2816/2816/2816 2833/2833/2833
f 2816/2816/2816 2817/2817/2817 2833/2833/2833
f 2833/2833/2833 2817/2817/2817 2834/2834/2834
f 2817/2817/2817 2818/2818/2818 2834/2834/2834
f 2834/2834/2834 2818/2818/2818 2835/2835/2835
f 2818/2818/2818 2819/2819/2819 2835/2835/2835
f 2835/2835/2835 2819/2819/2819 2836/2836/2836
f 2819/2819/2819 2820/2820/2820 2836/2836/2836
f 2836/2836/2836 2820/2820/2820 2837/2837/2837
f 2820/2820/2820 2821/2821/2821 2837/2837/2837
f 2837/2837/2837 2821/2821/2821 2838/2838/2838
f 2821/2821/2821 2822/2822/2822 2838/2838/2838
f 2838/2838/2838 2822/2822/2822 2839/2839/2839
f 2823/2823/2823 2824/2824/2824 2840/2840/2840
f 2840/2840/2840 2824/2824/2824 2841/2841/2841
f 2824/2824/2824 2825/2825/2825 2841/2841/2841
f 2841/2841/2841 2825/2825/2825 2842/2842/2842
f 2825/2825/2825 2826/2826/2826 2842/2842/2842
f 2842/2842/2842 2826/2826/2826 2843/2843/2843
f 2826/2826/2826 2827/2827/2827 2843/2843/2843
f 2843/2843/2843 2827/2827/2827 2844/2844/2844
f 2827/2827/2827 2828/2828/2828 2844/2844/2844
f 2844/2844/2844 2828/2828/2828 2845/2845/2845
f 2828/2828/2828 2829/2829/2829 2845/2845/2845
f 2845/2845/2845 2829/2829/2829 2846/2846/2846
f 2829/2829/2829 2830/2830/2830 2846/2846/2846
f 2846/2846/2846 2830/2830/2830 2847/2847/2847
f 2830/2830/2830 2831/2831/2831 2847/2847/2847
f 2847/2847/2847 2831/2831/2831 2848/2848/2848
f 2831/2831/2831 2832/2832/2832 2848/2848/2848
f 2848/2848/2848 2832/2832/2832 2849/2849/2849
f 2832/2832/2832 2833/2833/2833 2849/2849/2849
f 2849/2849/2849 2833/2833/2833 2850/2850/2850
f 2833/2833/2833 2834/2834/2834 2850/2850/2850
f 2850/2850/2850 2834/2834/2834 2851/2851/2851
f 2834/2834/2834 2835/2835/2835 2851/2851/2851
f 2851/2851/2851 2835/2835/2835 2852/2852/2852
f 2835/2835/2835 2836/2836/2836 2852/2852/2852
f 2852/2852/2852 2836/2836/2836 2853/2853/2853
f 2836/2836/2836 2837/2837/2837 2853/2853/2853
f 2853/2853/2853 2837/2837/2837 2854/2854/2854
f 2837/2837/2837 2838/2838/2838 2854/2854/2854
f 2854/2854/2854 2838/2838/2838 2855/2855/2855
f 2838/2838/2838 2839/2839/2839 2855/2855/2855
f 2855/2855/2855 2839/2839/2839 2856/2856/2856
f 2840/2840/2840 2841/2841/2841 2857/2857/2857
f 2857/2857/2857 2841/2841/2841 2858/2858/2858
f 2841/2841/2841 2842/2842/2842 2858/2858/2858
f 2858/2858/2858 2842/2842/2842 2859/2859/2859
f 2842/2842/2842 2843/2843/2843 2859/2859/2859
f 2859/2859/2859 2843/2843/2843 2860/2860/2860
f 2843/2843/2843 2844/2844/2844 2860/2860/2860
f 2860/2860/2860 2844/2844/2844 2861/2861/2861
f 2844/2844/2844 2845/2845/2845 2861/2861/2861
f 2861/2861/2861 2845/2845/2845 2862/2862/2862
f 2845/2845/2845 2846/2846/2846 2862/2862/2862
f 2862/2862/2862 2846/2846/2846 2863/2863/2863
f 2846/2846/2846 2847/2847/2847 2863/2863/2863
f 2863/2863/2863 2847/2847/2847 2864/2864/2864
f 2847/2847/2847 2848/2848/2848 2864/2864/2864
f 2864/2864/2864 2848/2848/2848 2865/2865/2865
f 2848/2848/2848 2849/2849/2849 2865/2865/2865
f 2865/2865/2865 2849/2849/2849 2866/2866/2866
f 2849/2849/2849 2850/2850/2850 2866/2866/2866
f 2866/2866/2866 2850/2850/2850 2867/2867/2867
f 2850/2850/2850 2851/2851/2851 2867/2867/2867
f 2867/2867/2867 2851/2851/2851 2868/2868/2868
f 2851/2851/2851 2852/2852/2852 2868/2868/2868
f 2868/2868/2868 2852/2852/2852 2869/2869/2869
f 2852/2852/2852 2853/2853/2853 2869/2869/2869
f 2869/2869/2869 2853/2853/2853 2870/2870/2870
f 2853/2853/2853 2854/2854/2854 2870/2870/2870
f 2870/2870/2870 2854/2854/2854 2871/2871/2871
f 2854/2854/2854 2855/2855/2855 2871/2871/2871
f 2871/2871/2871 2855/2855/2855 2872/2872/2872
f 2855/2855/2855 2856/2856/2856 2872/2872/2872
f 2872/2872/2872 2856/2856/2856 2873/2873/2873
f 2857/2857/2857 2858/2858/2858 2874/2874/2874
f 2874/2874/2874 2858/2858/2858 2875/2875/2875
f 2858/2858/2858 2859/2859/2859 2875/2875/2875
f 2875/2875/2875 2859/2859/2859 2876/2876/2876
f 2859/2859/2859 2860/2860/2860 2876/2876/2876
f 2876/2876/2876 2860/2860/2860 2877/2877/2877
f 2860/2860/2860 2861/2861/2861 2877/2877/2877
f 2877/2877/2877 2861/2861/2861 2878/2878/2878
f 2861/2861/2861 2862/2862/2862 2878/2878/2878
f 2878/2878/2878 2862/2862/2862 2879/2879/2879
f 2862/2862/2862 2863/2863/2863 2879/2879/2879
f 2879/2879/2879 2863/2863/2863 2880/2880/2880
f 2863/2863/2863 2864/2864/2864 2880/2880/2880
f 2880/2880/2880 2864/2864/2864 2881/2881/2881
f 2864/2864/2864 2865/2865/2865 2881/2881/2881
f 2881/2881/2881 2865/2865/2865 2882/2882/2882
f 2865/2865/2865 2866/2866/2866 2882/2882/2882
f 2882/2882/2882 2866/2866/2866 2883/2883/2883
f 2866/2866/2866 2867/2867/2867 2883/2883/2883
f 2883/2883/2883 2867/2867/2867 2884/2884/2884
f 2867/2867/2867 2868/2868/2868 2884/2884/2884
f 2884/2884/2884 2868/2868/2868 2885/2885/2885
f 2868/2868/2868 2869/2869/2869 2885/2885/2885
f 2885/2885/2885 2869/2869/2869 2886/2886/2886
f 2869/2869/2869 2870/2870/2870 2886/2886/2886
f 2886/2886/2886 2870/2870/2870 2887/2887/2887
f 2870/2870/2870 2871/2871/2871 2887/2887/2887
f 2887/2887/2887 2871/2871/2871 2888/2888/2888
f 2871/2871/2871 2872/2872/2872 2888/2888/2888
f 2888/2888/2888 2872/2872/2872 2889/2889/2889
f 2872/2872/2872 2873/2873/2873 2889/2889/2889
f 2889/2889/2889 2873/2873/2873 2890/2890/2890
f 2874/2874/2874 2875/2875/2875 2891/2891/2891
f 2891/2891/2891 2875/2875/2875 2892/2892/2892
f 2875/2875/2875 2876/2876/2876 2892/2892/2892
f 2892/2892/2892 2876/2876/2876 2893/2893/2893
f 2876/2876/2876 2877/2877/2877 2893/2893/2893
f 2893/2893/2893 2877/2877/2877 2894/2894/2894
f 2877/2877/2877 2878/2878/2878 2894/2894/2894
f 2894/2894/2894 2878/2878/2878 2895/2895/2895
f 2878/2878/2878 2879/2879/2879 2895/2895/2895
f 2895/2895/2895 2879/2879/2879 2896/2896/2896
f 2879/2879/2879 2880/2880/2880 2896/2896/2896
f 2896/2896/2896 2880/2880/2880 2897/2897/2897
f 2880/2880/2880 2881/2881/2881 2897/2897/2897
f 2897/2897/2897 2881/2881/2881 2898/2898/2898
f 2881/2881/2881 2882/2882/2882 2898/2898/2898
f 2898/2898/2898 2882/2882/2882 2899/2899/2899
f 2882/2882/2882 2883/2883/2883 2899/2899/2899
f 2899/2899/2899 2883/2883/2883 2900/2900/2900
f 2883/2883/2883 2884/2884/2884 2900/2900/2900
f 2900/2900/2900 2884/2884/2884 2901/2901/2901
f 2884/2884/2884 2885/2885/2885 2901/2901/2901
f 2901/2901/2901 2885/2885/2885 2902/2902/2902
f 2885/2885/2885 2886/2886/2886 2902/2902/2902
f 2902/2902/2902 2886/2886/2886 2903/2903/2903
f 2886/2886/2886 2887/2887/2887 2903/2903/2903
f 2903/2903/2903 2887/2887/2887 2904/2904/2904
f 2887/2887/2887 2888/2888/2888 2904/2904/2904
f 2904/2904/2904 2888/2888/2888 2905/2905/2905
f 2888/2888/2888 2889/2889/2889 2905/2905/2905
f 2905/2905/2905 2889/2889/2889 2906/2906/2906
f 2889/2889/2889 2890/2890/2890 2906/2906/2906
f 2906/2906/2906 2890/2890/2890 2907/2907/2907
f 2891/2891/2891 2892/2892/2892 2908/2908/2908
f 2908/2908/2908 2892/2892/2892 2909/2909/2909
f 2892/2892/2892 2893/2893/2893 2909/2909/2909
f 2909/2909/2909 2893/2893/2893 2910/2910/2910
f 2893/2893/2893 2894/2894/2894 2910/2910/2910
f 2910/2910/2910 2894/2894/2894 2911/2911/2911
f 2894/2894/2894 2895/2895/2895 2911/2911/2911
f 2911/2911/2911 2895/2895/2895 2912/2912/2912
f 2895/2895/2895 2896/2896/2896 2912/2912/2912
f 2912/2912/2912 2896/2896/2896 2913/2913/2913
f 2896/2896/2896 2897/2897/2897 2913/2913/2913
f 2913/2913/2913 2897/2897/2897 2914/2914/2914
f 2897/2897/2897 2898/2898/2898 2914/2914/2914
f 2914/2914/2914 2898/2898/2898 2915/2915/2915
f 2898/2898/2898 2899/2899/2899 2915/2915/2915
f 2915/2915/2915 2899/2899/2899 2916/2916/2916
f 2899/2899/2899 2900/2900/2900 2916/2916/2916
f 2916/2916/2916 2900/2900/2900 2917/2917/2917
f 2900/2900/2900 2901/2901/2901 2917/2917/2917
f 2917/2917/2917 2901/2901/2901 2918/2918/2918
f 2901/2901/2901 2902/2902/2902 2918/2918/2918
f 2918/2918/2918 2902/2902/2902 2919/2919/2919
f 2902/2902/2902 2903/2903/2903 2919/2919/2919
f 2919/2919/2919 2903/2903/2903 2920/2920/2920
f 2903/2903/2903 2904/2904/2904 2920/2920/2920
f 2920/2920/2920 2904/2904/2904 2921/2921/2921
f 2904/2904/2904 2905/2905/2905 2921/2921/2921
f 2921/2921/2921 2905/2905/2905 2922/2922/2922
f 2905/2905/2905 2906/2906/2906 2922/2922/2922
f 2922/2922/2922 2906/2906/2906 2923/2923/2923
f 2906/2906/2906 2907/2907/2907 2923/2923/2923
f 2923/2923/2923 2907/2907/2907 2924/2924/2924
f 2908/2908/2908 2909/2909/2909 2925/2925/2925
f 2925/2925/2925 2909/2909/2909 2926/2926/2926
f 2909/2909/2909 2910/2910/2910 2926/2926/2926
f 2926/2926/2926 2910/2910/2910 2927/2927/2927
f 2910/2910/2910 2911/2911/2911 2927/2927/2927
f 2927/2927/2927 2911/2911/2911 2928/2928/2928
f 2911/2911/2911 2912/2912/2912 2928/2928/2928
f 2928/2928/2928 2912/2912/2912 2929/2929/2929
f 2912/2912/2912 2913/2913/2913 2929/2929/2929
f 2929/2929/2929 2913/2913/2913 2930/2930/2930
f 2913/2913/2913 2914/2914/2914 2930/2930/2930
f 2930/2930/2930 2914/2914/2914 2931/2931/2931
f 2914/2914/2914 2915/2915/2915 2931/2931/2931
f 2931/2931/2931 2915/2915/2915 2932/2932/2932
f 2915/2915/2915 2916/2916/2916 2932/2932/2932
f 2932/2932/2932 2916/2916/2916 2933/2933/2933
f 2916/2916/2916 2917/2917/2917 2933/2933/2933
f 2933/2933/2933 2917/2917/2917 2934/2934/2934
f 2917/2917/2917 2918/2918/2918 2934/2934/2934
f 2934/2934/2934 2918/2918/2918 2935/2935/2935
f 2918/2918/2918 2919/2919/2919 2935/2935/2935
f 2935/2935/2935 2919/2919/2919 2936/2936/2936
f 2919/2919/2919 2920/2920/2920 2936/2936/2936
f 2936/2936/2936 2920/2920/2920 2937/2937/2937
f 2920/2920/2920 2921/2921/2921 2937/2937/2937
f 2937/2937/2937 2921/2921/2921 2938/2938/2938
f 2921/2921/2921 2922/2922/2922 2938/2938/2938
f 2938/2938/2938 2922/2922/2922 2939/2939/2939
f 2922/2922/2922 2923/2923/2923 2939/2939/2939
f 2939/2939/2939 2923/2923/2923 2940/2940/2940
f 2923/2923/2923 2924/2924/2924 2940/2940/2940
f 2940/2940/2940 2924/2924/2924 2941/2941/2941
f 2925/2925/2925 2926/2926/2926 2942/2942/2942
f 2942/2942/2942 2926/2926/2926 2943/2943/2943
f 2926/2926/2926 2927/2927/2927 2943/2943/2943
f 2943/2943/2943 2927/2927/2927 2944/2944/2944
f 2927/2927/2927 2928/2928/2928 2944/2944/2944
f 2944/2944/2944 2928/2928/2928 2945/2945/2945
f 2928/2928/2928 2929/2929/2929 2945/2945/2945
f 2945/2945/2945 2929/2929/2929 2946/2946/2946
f 2929/2929/2929 2930/2930/2930 2946/2946/2946
f 2946/2946/2946 2930/2930/2930 2947/2947/2947
f 2930/2930/2930 2931/2931/2931 2947/2947/2947
f 2947/2947/2947 2931/2931/2931 2948/2948/2948
f 2931/2931/2931 2932/2932/2932 2948/2948/2948
f 2948/2948/2948 2932/2932/2932 2949/2949/2949
f 2932/2932/2932 2933/2933/2933 2949/2949/2949
f 2949/2949/2949 2933/2933/2933 2950/2950/2950
f 2933/2933/2933 2934/2934/2934 2950/2950/2950
f 2950/2950/2950 2934/2934/2934 2951/2951/2951
f 2934/2934/2934 2935/2935/2935 2951/2951/2951
f 2951/2951/2951 2935/2935/2935 2952/2952/2952
f 2935/2935/2935 2936/2936/2936 2952/2952/2952
f 2952/2952/2952 2936/2936/2936 2953/2953/2953
f 2936/2936/2936 2937/2937/2937 2953/2953/2953
f 2953/2953/2953 2937/2937/2937 2954/2954/2954
f 2937/2937/2937 2938/2938/2938 2954/2954/2954
f 2954/2954/2954 2938/2938/2938 2955/2955/2955
f 2938/2938/2938 2939/2939/2939 2955/2955/2955
f 2955/2955/2955 2939/2939/2939 2956/2956/2956
f 2939/2939/2939 2940/2940/2940 2956/2956/2956
f 2956/2956/2956 2940/2940/2940 2957/2957/2957
f 2940/2940/2940 2941/2941/2941 2957/2957/2957
f 2957/2957/2957 2941/2941/2941 2958/2958/2958
f 2942/2942/2942 2943/2943/2943 2959/2959/2959
f 2959/2959/2959 2943/2943/2943 2960/2960/2960
f 2943/2943/2943 2944/2944/2944 2960/2960/2960
f 2960/2960/2960 2944/2944/2944 2961/2961/2961
f 2944/2944/2944 2945/2945/2945 2961/2961/2961
f 2961/2961/2961 2945/2945/2945 2962/2962/2962
f 2945/2945/2945 2946/2946/2946 2962/2962/2962
f 2962/2962/2962 2946/2946/2946 2963/2963/2963
f 2946/2946/2946 2947/2947/2947 2963/2963/2963
f 2963/2963/2963 2947/2947/2947 2964/2964/2964
f 2947/2947/2947 2948/2948/2948 2964/2964/2964
f 2964/2964/2964 2948/2948/2948 2965/2965/2965
f 2948/2948/2948 2949/2949/2949 2965/2965/2965
f 2965/2965/2965 2949/2949/2949 2966/2966/2966
f 2949/2949/2949 2950/2950/2950 2966/2966/2966
f 2966/2966/2966 2950/2950/2950 2967/2967/2967
f 2950/2950/2950 2951/2951/2951 2967/2967/2967
f 2967/2967/2967 2951/2951/2951 2968/2968/2968
f 2951/2951/2951 2952/2952/2952 2968/2968/2968
f 2968/2968/2968 2952/2952/2952 2969/2969/2969
f 2952/2952/2952 2953/2953/2953 2969/2969/2969
f 2969/2969/2969 2953/2953/2953 2970/2970/2970
f 2953/2953/2953 2954/2954/2954 2970/2970/2970
f 2970/2970/2970 2954/2954/2954 2971/2971/2971
f 2954/2954/2954 2955/2955/2955 2971/2971/2971
f 2971/2971/2971 2955/2955/2955 2972/2972/2972
f 2955/2955/2955 2956/2956/2956 2972/2972/2972
f 2972/2972/2972 2956/2956/2956 2973/2973/2973
f 2956/2956/2956 2957/2957/2957 2973/2973/2973
f 2973/2973/2973 2957/2957/2957 2974/2974/2974
f 2957/2957/2957 2958/2958/2958 2974/2974/2974
f 2974/2974/2974 2958/2958/2958 2975/2975/2975
f 2959/2959/2959 2960/2960/2960 2976/2976/2976
f 2976/2976/2976 2960/2960/2960 2977/2977/2977
f 2960/2960/2960 2961/2961/2961 2977/2977/2977
f 2977/2977/2977 2961/2961/2961 2978/2978/2978
f 2961/2961/2961 2962/2962/2962 2978/2978/2978
f 2978/2978/2978 2962/2962/2962 2979/2979/2979
f 2962/2962/2962 2963/2963/2963 2979/2979/2979
f 2979/2979/2979 2963/2963/2963 2980/2980/2980
f 2963/2963/2963 2964/2964/2964 2980/2980/2980
f 2980/2980/2980 2964/2964/2964 2981/2981/2981
f 2964/2964/2964 2965/2965/2965 2981/2981/2981
f 2981/2981/2981 2965/2965/2965 2982/2982/2982
f 2965/2965/2965 2966/2966/2966 2982/2982/2982
f 2982/2982/2982 2966/2966/2966 2983/2983/2983
f 2966/2966/2966 2967/2967/2967 2983/2983/2983
f 2983/2983/2983 2967/2967/2967 2984/2984/2984
f 2967/2967/2967 2968/2968/2968 2984/2984/2984
f 2984/2984/2984 2968/2968/2968 2985/2985/2985
f 2968/2968/2968 2969/2969/2969 2985/2985/2985
f 2985/2985/2985 2969/2969/2969 2986/2986/2986
f 2969/2969/2969 2970/2970/2970 2986/2986/2986
f 2986/2986/2986 2970/2970/2970 2987/2987/2987
f 2970/2970/2970 2971/2971/2971 2987/2987/2987
f 2987/2987/2987 2971/2971/2971 2988/2988/2988
f 2971/2971/2971 2972/2972/2972 2988/2988/2988
f 2988/2988/2988 2972/2972/2972 2989/2989/2989
f 2972/2972/2972 2973/2973/2973 2989/2989/2989
f 2989/2989/2989 2973/2973/2973 2990/2990/2990
f 2973/2973/2973 2974/2974/2974 2990/2990/2990
f 2990/2990/2990 2974/2974/2974 2991/2991/2991
f 2974/2974/2974 2975/2975/2975 2991/2991/2991
f 2991/2991/2991 2975/2975/2975 2992/2992/2992
f 2976/2976/2976 2977/2977/2977 2993/2993/2993
f 2993/2993/2993 2977/2977/2977 2994/2994/2994
f 2977/2977/2977 2978/2978/2978 2994/2994/2994
f 2994/2994/2994 2978/2978/2978 2995/2995/2995
f 2978/2978/2978 2979/2979/2979 2995/2995/2995
f 2995/2995/2995 2979/2979/2979 2996/2996/2996
f 2979/2979/2979 2980/2980/2980 2996/2996/2996
f 2996/2996/2996 2980/2980/2980 2997/2997/2997
f 2980/2980/2980 2981/2981/2981 2997/2997/2997
f 2997/2997/2997 2981/2981/2981 2998/2998/2998
f 2981/2981/2981 2982/2982/2982 2998/2998/2998
f 2998/2998/2998 2982/2982/2982 2999/2999/2999
f 2982/2982/2982 2983/2983/2983 2999/2999/2999
f 2999/2999/2999 2983/2983/2983 3000/3000/3000
f 2983/2983/2983 2984/2984/2984 3000/3000/3000
f 3000/3000/3000 2984/2984/2984 3001/3001/3001
f 2984/2984/2984 2985/2985/2985 3001/3001/3001
f 3001/3001/3001 2985/2985/2985 3002/3002/3002
f 2985/2985/2985 2986/2986/2986 3002/3002/3002
f 3002/3002/3002 2986/2986/2986 3003/3003/3003
f 2986/2986/2986 2987/2987/2987 3003/3003/3003
f 3003/3003/3003 2987/2987/2987 3004/3004/3004
f 2987/2987/2987 2988/2988/2988 3004/3004/3004
f 3004/3004/3004 2988/2988/2988 3005/3005/3005
f 2988/2988/2988 2989/2989/2989 3005/3005/3005
f 3005/3005/3005 2989/2989/2989 3006/3006/3006
f 2989/2989/2989 2990/2990/2990 3006/3006/3006
f 3006/3006/3006 2990/2990/2990 3007/3007/3007
f 2990/2990/2990 2991/2991/2991 3007/3007/3007
f 3007/3007/3007 2991/2991/2991 3008/3008/3008
f 2991/2991/2991 2992/2992/2992 3008/3008/3008
f 3008/3008/3008 2992/2992/2992 3009/3009/3009
f 2993/2993/2993 2994/2994/2994 3010/3010/3010
f 3010/3010/3010 2994/2994/2994 3011/3011/3011
f 2994/2994/2994 2995/2995/2995 3011/3011/3011
f 3011/3011/3011 2995/2995/2995 3012/3012/3012
f 2995/2995/2995 2996/2996/2996 3012/3012/3012
f 3012/3012/3012 2996/2996/2996 3013/3013/3013
f 2996/2996/2996 2997/2997/2997 3013/3013/3013
f 3013/3013/3013 2997/2997/2997 3014/3014/3014
f 2997/2997/2997 2998/2998/2998 3014/3014/3014
f 3014/3014/3014 2998/2998/2998 3015/3015/3015
f 2998/2998/2998 2999/2999/2999 3015/3015/3015
f 3015/3015/3015 2999/2999/2999 3016/3016/3016
f 2999/2999/2999 3000/3000/3000 3016/3016/3016
f 3016/3016/3016 3000/3000/3000 3017/3017/3017
f 3000/3000/3000 3001/3001/3001 3017/3017/3017
f 3017/3017/3017 3001/3001/3001 3018/3018/3018
f 3001/3001/3001 3002/3002/3002 3018/3018/3018
f 3018/3018/3018 3002/3002/3002 3019/3019/3019
f 3002/3002/3002 3003/3003/3003 3019/3019/3019
f 3019/3019/3019 3003/3003/3003 3020/3020/3020
f 3003/3003/3003 3004/3004/3004 3020/3020/3020
f 3020/3020/3020 3004/3004/3004 3021/3021/3021
f 3004/3004/3004 3005/3005/3005 3021/3021/3021
f 3021/3021/3021 3005/3005/3005 3022/3022/3022
f 3005/3005/3005 3006/3006/3006 3022/3022/3022
f 3022/3022/3022 3006/3006/3006 3023/3023/3023
f 3006/3006/3006 3007/3007/3007 3023/3023/3023
f 3023/3023/3023 3007/3007/3007 3024/3024/3024
f 3007/3007/3007 3008/3008/3008 3024/3024/3024
f 3024/3024/3024 3008/3008/3008 3025/3025/3025
f 3008/3008/3008 3009/3009/3009 3025/3025/3025
f 3025/3025/3025 3009/3009/3009 3026/3026/3026
f 3010/3010/3010 3011/3011/3011 3027/3027/3027
f 3027/3027/3027 3011/3011/3011 3028/3028/3028
f 3011/3011/3011 3012/3012/3012 3028/3028/3028
f 3028/3028/3028 3012/3012/3012 3029/3029/3029
f 3012/3012/3012 3013/3013/3013 3029/3029/3029
f 3029/3029/3029 3013/3013/3013 3030/3030/3030
f 3013/3013/3013 3014/3014/3014 3030/3030/3030
f 3030/3030/3030 3014/3014/3014 3031/3031/3031
f 3014/3014/3014 3015/3015/3015 3031/3031/3031
f 3031/3031/3031 3015/3015/3015 3032/3032/3032
f 3015/3015/3015 3016/3016/3016 3032/3032/3032
f 3032/3032/3032 3016/3016/3016 3033/3033/3033
f 3016/3016/3016 3017/3017/3017 3033/3033/3033
f 3033/3033/3033 3017/3017/3017 3034/3034/3034
f 3017/3017/3017 3018/3018/3018 3034/3034/3034
f 3034/3034/3034 3018/3018/3018 3035/3035/3035
f 3018/3018/3018 3019/3019/3019 3035/3035/3035
f 3035/3035/3035 3019/3019/3019 3036/3036/3036
f 3019/3019/3019 3020/3020/3020 3036/3036/3036
f 3036/3036/3036 3020/3020/3020 3037/3037/3037
f 3020/3020/3020 3021/3021/3021 3037/3037/3037
f 3037/3037/3037 3021/3021/3021 3038/3038/3038
f 3021/3021/3021 3022/3022/3022 3038/3038/3038
f 3038/3038/3038 3022/3022/3022 3039/3039/3039
f 3022/3022/3022 3023/3023/3023 3039/3039/3039
f 3039/3039/3039 3023/3023/3023 3040/3040/3040
f 3023/3023/3023 3024/3024/3024 3040/3040/3040
f 3040/3040/3040 3024/3024/3024 3041/3041/3041
f 3024/3024/3024 3025/3025/3025 3041/3041/3041
f 3041/3041/3041 3025/3025/3025 3042/3042/3042
f 3025/3025/3025 3026/3026/3026 3042/3042/3042
f 3042/3042/3042 3026/3026/3026 3043/3043/3043
f 3027/3027/3027 3028/3028/3028 3044/3044/3044
f 3044/3044/3044 3028/3028/3028 3045/3045/3045
f 3028/3028/3028 3029/3029/3029 3045/3045/3045
f 3045/3045/3045 3029/3029/3029 3046/3046/3046
f 3029/3029/3029 3030/3030/3030 3046/3046/3046
f 3046/3046/3046 3030/3030/3030 3047/3047/3047
f 3030/3030/3030 3031/3031/3031 3047/3047/3047
f 3047/3047/3047 3031/3031/3031 3048/3048/3048
f 3031/3031/3031 3032/3032/3032 3048/3048/3048
f 3048/3048/3048 3032/3032/3032 3049/3049/3049
f 3032/3032/3032 3033/3033/3033 3049/3049/3049
f 3049/3049/3049 3033/3033/3033 3050/3050/3050
f 3033/3033/3033 3034/3034/3034 3050/3050/3050
f 3050/3050/3050 3034/3034/3034 3051/3051/3051
f 3034/3034/3034 3035/3035/3035 3051/3051/3051
f 3051/3051/3051 3035/3035/3035 3052/3052/3052
f 3035/3035/3035 3036/3036/3036 3052/3052/3052
f 3052/3052/3052 3036/3036/3036 3053/3053/3053
f 3036/3036/3036 3037/3037/3037 3053/3053/3053
f 3053/3053/3053 3037/3037/3037 3054/3054/3054
f 3037/3037/3037 3038/3038/3038 3054/3054/3054
f 3054/3054/3054 3038/3038/3038 3055/3055/3055
f 3038/3038/3038 3039/3039/3039 3055/3055/3055
f 3055/3055/3055 3039/3039/3039 3056/3056/3056
f 3039/3039/3039 3040/3040/3040 3056/3056/3056
f 3056/3056/3056 3040/3040/3040 3057/3057/3057
f 3040/3040/3040 3041/3041/3041 3057/3057/3057
f 3057/3057/3057 3041/3041/3041 3058/3058/3058
f 3041/3041/3041 3042/3042/3042 3058/3058/3058
f 3058/3058/3058 3042/3042/3042 3059/3059/3059
f 3042/3042/3042 3043/3043/3043 3059/3059/3059
f 3059/3059/3059 3043/3043/3043 3060/3060/3060
f 3044/3044/3044 3045/3045/3045 3061/3061/3061
f 3061/3061/3061 3045/3045/3045 3062/3062/3062
f 3045/3045/3045 3046/3046/3046 3062/3062/3062
f 3062/3062/3062 3046/3046/3046 3063/3063/3063
f 3046/3046/3046 3047/3047/3047 3063/3063/3063
f 3063/3063/3063 3047/3047/3047 3064/3064/3064
f 3047/3047/3047 3048/3048/3048 3064/3064/3064
f 3064/3064/3064 3048/3048/3048 3065/3065/3065
f 3048/3048/3048 3049/3049/3049 3065/3065/3065
f 3065/3065/3065 3049/3049/3049 3066/3066/3066
f 3049/3049/3049 3050/3050/3050 3066/3066/3066
f 3066/3066/3066 3050/3050/3050 3067/3067/3067
f 3050/3050/3050 3051/3051/3051 3067/3067/3067
f 3067/3067/3067 3051/3051/3051 3068/3068/3068
f 3051/3051/3051 3052/3052/3052 3068/3068/3068
f 3068/3068/3068 3052/3052/3052 3069/3069/3069
f 3052/3052/3052 3053/3053/3053 3069/3069/3069
f 3069/3069/3069 3053/3053/3053 3070/3070/3070
f 3053/3053/3053 3054/3054/3054 3070/3070/3070
f 3070/3070/3070 3054/3054/3054 3071/3071/3071
f 3054/3054/3054 3055/3055/3055 3071/3071/3071
f 3071/3071/3071 3055/3055/3055 3072/3072/3072
f 3055/3055/3055 3056/3056/3056 3072/3072/3072
f 3072/3072/3072 3056/3056/3056 3073/3073/3073
f 3056/3056/3056 3057/3057/3057 3073/3073/3073
f 3073/3073/3073 3057/3057/3057 3074/3074/3074
f 3057/3057/3057 3058/3058/3058 3074/3074/3074
f 3074/3074/3074 3058/3058/3058 3075/3075/3075
f 3058/3058/3058 3059/3059/3059 3075/3075/3075
f 3075/3075/3075 3059/3059/3059 3076/3076/3076
f 3059/3059/3059 3060/3060/3060 3076/3076/3076
f 3076/3076/3076 3060/3060/3060 3077/3077/3077
f 3061/3061/3061 3062/3062/3062 3078/3078/3078
f 3078/3078/3078 3062/3062/3062 3079/3079/3079
f 3062/3062/3062 3063/3063/3063 3079/3079/3079
f 3079/3079/3079 3063/3063/3063 3080/3080/3080
f 3063/3063/3063 3064/3064/3064 3080/3080/3080
f 3080/3080/3080 3064/3064/3064 3081/3081/3081
f 3064/3064/3064 3065/3065/3065 3081/3081/3081
f 3081/3081/3081 3065/3065/3065 3082/3082/3082
f 3065/3065/3065 3066/3066/3066 3082/3082/3082
f 3082/3082/3082 3066/3066/3066 3083/3083/3083
f 3066/3066/3066 3067/3067/3067 3083/3083/3083
f 3083/3083/3083 3067/3067/3067 3084/3084/3084
f 3067/3067/3067 3068/3068/3068 3084/3084/3084
f 3084/3084/3084 3068/3068/3068 3085/3085/3085
f 3068/3068/3068 3069/3069/3069 3085/3085/3085
f 3085/3085/3085 3069/3069/3069 3086/3086/3086
f 3069/3069/3069 3070/3070/3070 3086/3086/3086
f 3086/3086/3086 3070/3070/3070 3087/3087/3087
f 3070/3070/3070 3071/3071/3071 3087/3087/3087
f 3087/3087/3087 3071/3071/3071 3088/3088/3088
f 3071/3071/3071 3072/3072/3072 3088/3088/3088
f 3088/3088/3088 3072/3072/3072 3089/3089/3089
f 3072/3072/3072 3073/3073/3073 3089/3089/3089
f 3089/3089/3089 3073/3073/3073 3090/3090/3090
f 3073/3073/3073 3074/3074/3074 3090/3090/3090
f 3090/3090/3090 3074/3074/3074 3091/3091/3091
f 3074/3074/3074 3075/3075/3075 3091/3091/3091
f 3091/3091/3091 3075/3075/3075 3092/3092/3092
f 3075/3075/3075 3076/3076/3076 3092/3092/3092
f 3092/3092/3092 3076/3076/3076 3093/3093/3093
f 3076/3076/3076 3077/3077/3077 3093/3093/3093
f 3093/3093/3093 3077/3077/3077 3094/3094/3094
f 3078/3078/3078 3079/3079/3079 3095/3095/3095
f 3095/3095/3095 3079/3079/3079 3096/3096/3096
f 3079/3079/3079 3080/3080/3080 3096/3096/3096
f 3096/3096/3096 3080/3080/3080 3097/3097/3097
f 3080/3080/3080 3081/3081/3081 3097/3097/3097
f 3097/3097/3097 3081/3081/3081 3098/3098/3098
f 3081/3081/3081 3082/3082/3082 3098/3098/3098
f 3098/3098/3098 3082/3082/3082 3099/3099/3099
f 3082/3082/3082 3083/3083/3083 3099/3099/3099
f 3099/3099/3099 3083/3083/3083 3100/3100/3100
f 3083/3083/3083 3084/3084/3084 3100/3100/3100
f 3100/3100/3100 3084/3084/3084 3101/3101/3101
f 3084/3084/3084 3085/3085/3085 3101/3101/3101
f 3101/3101/3101 3085/3085/3085 3102/3102/3102
f 3085/3085/3085 3086/3086/3086 3102/3102/3102
f 3102/3102/3102 3086/3086/3086 3103/3103/3103
f 3086/3086/3086 3087/3087/3087 3103/3103/3103
f 3103/3103/3103 3087/3087/3087 3104/3104/3104
f 3087/3087/3087 3088/3088/3088 3104/3104/3104
f 3104/3104/3104 3088/3088/3088 3105/3105/3105
f 3088/3088/3088 3089/3089/3089 3105/3105/3105
f 3105/3105/3105 3089/3089/3089 3106/3106/3106
f 3089/3089/3089 3090/3090/3090 3106/3106/3106
f 3106/3106/3106 3090/3090/3090 3107/3107/3107
f 3090/3090/3090 3091/3091/3091 3107/3107/3107
f 3107/3107/3107 3091/3091/3091 3108/3108/3108
f 3091/3091/3091 3092/3092/3092 3108/3108/3108
f 3108/3108/3108 3092/3092/3092 3109/3109/3109
f 3092/3092/3092 3093/3093/3093 3109/3109/3109
f 3109/3109/3109 3093/3093/3093 3110/3110/3110
f 3093/3093/3093 3094/3094/3094 3110/3110/3110
f 3110/3110/3110 3094/3094/3094 3111/3111/3111
f 3095/3095/3095 3096/3096/3096 3112/3112/3112
f 3112/3112/3112 3096/3096/3096 3113/3113/3113
f 3096/3096/3096 3097/3097/3097 3113/3113/3113
f 3113/3113/3113 3097/3097/3097 3114/3114/3114
f 3097/3097/3097 3098/3098/3098 3114/3114/3114
f 3114/3114/3114 3098/3098/3098 3115/3115/3115
f 3098/3098/3098 3099/3099/3099 3115/3115/3115
f 3115/3115/3115 3099/3099/3099 3116/3116/3116
f 3099/3099/3099 3100/3100/3100 3116/3116/3116
f 3116/3116/3116 3100/3100/3100 3117/3117/3117
f 3100/3100/3100 3101/3101/3101 3117/3117/3117
f 3117/3117/3117 3101/3101/3101 3118/3118/3118
f 3101/3101/3101 3102/3102/3102 3118/3118/3118
f 3118/3118/3118 3102/3102/3102 3119/3119/3119
f 3102/3102/3102 3103/3103/3103 3119/3119/3119
f 3119/3119/3119 3103/3103/3103 3120/3120/3120
f 3103/3103/3103 3104/3104/3104 3120/3120/3120
f 3120/3120/3120 3104/3104/3104 3121/3121/3121
f 3104/3104/3104 3105/3105/3105 3121/3121/3121
f 3121/3121/3121 3105/3105/3105 3122/3122/3122
f 3105/3105/3105 3106/3106/3106 3122/3122/3122
f 3122/3122/3122 3106/3106/3106 3123/3123/3123
f 3106/3106/3106 3107/3107/3107 3123/3123/3123
f 3123/3123/3123 3107/3107/3107 3124/3124/3124
f 3107/3107/3107 3108/3108/3108 3124/3124/3124
f 3124/3124/3124 3108/3108/3108 3125/3125/3125
f 3108/3108/3108 3109/3109/3109 3125/3125/3125
f 3125/3125/3125 3109/3109/3109 3126/3126/3126
f 3109/3109/3109 3110/3110/3110 3126/3126/3126
f 3126/3126/3126 3110/3110/3110 3127/3127/3127
f 3110/3110/3110 3111/3111/3111 3127/3127/3127
f 3127/3127/3127 3111/3111/3111 3128/3128/3128
f 3112/3112/3112 3113/3113/3113 3129/3129/3129
f 3129/3129/3129 3113/3113/3113 3130/3130/3130
f 3113/3113/3113 3114/3114/3114 3130/3130/3130
f 3130/3130/3130 3114/3114/3114 3131/3131/3131
f 3114/3114/3114 3115/3115/3115 3131/3131/3131
f 3131/3131/3131 3115/3115/3115 3132/3132/3132
f 3115/3115/3115 3116/3116/3116 3132/3132/3132
f 3132/3132/3132 3116/3116/3116 3133/3133/3133
f 3116/3116/3116 3117/3117/3117 3133/3133/3133
f 3133/3133/3133 3117/3117/3117 3134/3134/3134
f 3117/3117/3117 3118/3118/3118 3134/3134/3134
f 3134/3134/3134 3118/3118/3118 3135/3135/3135
f 3118/3118/3118 3119/3119/3119 3135/3135/3135
f 3135/3135/3135 3119/3119/3119 3136/3136/3136
f 3119/3119/3119 3120/3120/3120 3136/3136/3136
f 3136/3136/3136 3120/3120/3120 3137/3137/3137
f 3120/3120/3120 3121/3121/3121 3137/3137/3137
f 3137/3137/3137 3121/3121/3121 3138/3138/3138
f 3121/3121/3121 3122/3122/3122 3138/3138/3138
f 3138/3138/3138 3122/3122/3122 3139/3139/3139
f 3122/3122/3122 3123/3123/3123 3139/3139/3139
f 3139/3139/3139 3123/3123/3123 3140/3140/3140
f 3123/3123/3123 3124/3124/3124 3140/3140/3140
f 3140/3140/3140 3124/3124/3124 3141/3141/3141
f 3124/3124/3124 3125/3125/3125 3141/3141/3141
f 3141/3141/3141 3125/3125/3125 3142/3142/3142
f 3125/3125/3125 3126/3126/3126 3142/3142/3142
f 3142/3142/3142 3126/3126/3126 3143/3143/3143
f 3126/3126/3126 3127/3127/3127 3143/3143/3143
f 3143/3143/3143 3127/3127/3127 3144/3144/3144
f 3127/3127/3127 3128/3128/3128 3144/3144/3144
f 3144/3144/3144 3128/3128/3128 3145/3145/3145
f 3129/3129/3129 3130/3130/3130 3146/3146/3146
f 3146/3146/3146 3130/3130/3130 3147/3147/3147
f 3130/3130/3130 3131/3131/3131 3147/3147/3147
f 3147/3147/3147 3131/3131/3131 3148/3148/3148
f 3131/3131/3131 3132/3132/3132 3148/3148/3148
f 3148/3148/3148 3132/3132/3132 3149/3149/3149
f 3132/3132/3132 3133/3133/3133 3149/3149/3149
f 3149/3149/3149 3133/3133/3133 3150/3150/3150
f 3133/3133/3133 3134/3134/3134 3150/3150/3150
f 3150/3150/3150 3134/3134/3134 3151/3151/3151
f 3134/3134/3134 3135/3135/3135 3151/3151/3151
f 3151/3151/3151 3135/3135/3135 3152/3152/3152
f 3135/3135/3135 3136/3136/3136 3152/3152/3152
f 3152/3152/3152 3136/3136/3136 3153/3153/3153
f 3136/3136/3136 3137/3137/3137 3153/3153/3153
f 3153/3153/3153 3137/3137/3137 3154/3154/3154
f 3137/3137/3137 3138/3138/3138 3154/3154/3154
f 3154/3154/3154 3138/3138/3138 3155/3155/3155
f 3138/3138/3138 3139/3139/3139 3155/3155/3155
f 3155/3155/3155 3139/3139/3139 3156/3156/3156
f 3139/3139/3139 3140/3140/3140 3156/3156/3156
f 3156/3156/3156 3140/3140/3140 3157/3157/3157
f 3140/3140/3140 3141/3141/3141 3157/3157/3157
f 3157/3157/3157 3141/3141/3141 3158/3158/3158
f 3141/3141/3141 3142/3142/3142 3158/3158/3158
f 3158/3158/3158 3142/3142/3142 3159/3159/3159
f 3142/3142/3142 3143/3143/3143 3159/3159/3159
f 3159/3159/3159 3143/3143/3143 3160/3160/3160
f 3143/3143/3143 3144/3144/3144 3160/3160/3160
f 3160/3160/3160 3144/3144/3144 3161/3161/3161
f 3144/3144/3144 3145/3145/3145 3161/3161/3161
f 3161/3161/3161 3145/3145/3145 3162/3162/3162
f 3146/3146/3146 3147/3147/3147 3163/3163/3163
f 3163/3163/3163 3147/3147/3147 3164/3164/3164
f 3147/3147/3147 3148/3148/3148 3164/3164/3164
f 3164/3164/3164 3148/3148/3148 3165/3165/3165
f 3148/3148/3148 3149/3149/3149 3165/3165/3165
f 3165/3165/3165 3149/3149/3149 3166/3166/3166
f 3149/3149/3149 3150/3150/3150 3166/3166/3166
f 3166/3166/3166 3150/3150/3150 3167/3167/3167
f 3150/3150/3150 3151/3151/3151 3167/3167/3167
f 3167/3167/3167 3151/3151/3151 3168/3168/3168
f 3151/3151/3151 3152/3152/3152 3168/3168/3168
f 3168/3168/3168 3152/3152/3152 3169/3169/3169
f 3152/3152/3152 3153/3153/3153 3169/3169/3169
f 3169/3169/3169 3153/3153/3153 3170/3170/3170
f 3153/3153/3153 3154/3154/3154 3170/3170/3170
f 3170/3170/3170 3154/3154/3154 3171/3171/3171
f 3154/3154/3154 3155/3155/3155 3171/3171/3171
f 3171/3171/3171 3155/3155/3155 3172/3172/3172
f 3155/3155/3155 3156/3156/3156 3172/3172/3172
f 3172/3172/3172 3156/3156/3156 3173/3173/3173
f 3156/3156/3156 3157/3157/3157 3173/3173/3173
f 3173/3173/3173 3157/3157/3157 3174/3174/3174
f 3157/3157/3157 3158/3158/3158 3174/3174/3174
f 3174/3174/3174 3158/3158/3158 3175/3175/3175
f 3158/3158/3158 3159/3159/3159 3175/3175/3175
f 3175/3175/3175 3159/3159/3159 3176/3176/3176
f 3159/3159/3159 3160/3160/3160 3176/3176/3176
f 3176/3176/3176 3160/3160/3160 3177/3177/3177
f 3160/3160/3160 3161/3161/3161 3177/3177/3177
f 3177/3177/3177 3161/3161/3161 3178/3178/3178
f 3161/3161/3161 3162/3162/3162 3178/3178/3178
f 3178/3178/3178 3162/3162/3162 3179/3179/3179
f 3163/3163/3163 3164/3164/3164 3180/3180/3180
f 3180/3180/3180 3164/3164/3164 3181/3181/3181
f 3164/3164/3164 3165/3165/3165 3181/3181/3181
f 3181/3181/3181 3165/3165/3165 3182/3182/3182
f 3165/3165/3165 3166/3166/3166 3182/3182/3182
f 3182/3182/3182 3166/3166/3166 3183/3183/3183
f 3166/3166/3166 3167/3167/3167 3183/3183/3183
f 3183/3183/3183 3167/3167/3167 3184/3184/3184
f 3167/3167/3167 3168/3168/3168 3184/3184/3184
f 3184/3184/3184 3168/3168/3168 3185/3185/3185
f 3168/3168/3168 3169/3169/3169 3185/3185/3185
f 3185/3185/3185 3169/3169/3169 3186/3186/3186
f 3169/3169/3169 3170/3170/3170 3186/3186/3186
f 3186/3186/3186 3170/3170/3170 3187/3187/3187
f 3170/3170/3170 3171/3171/3171 3187/3187/3187
f 3187/3187/3187 3171/3171/3171 3188/3188/3188
f 3171/3171/3171 3172/3172/3172 3188/3188/3188
f 3188/3188/3188 3172/3172/3172 3189/3189/3189
f 3172/3172/3172 3173/3173/3173 3189/3189/3189
f 3189/3189/3189 3173/3173/3173 3190/3190/3190
f 3173/3173/3173 3174/3174/3174 3190/3190/3190
f 3190/3190/3190 3174/3174/3174 3191/3191/3191
f 3174/3174/3174 3175/3175/3175 3191/3191/3191
f 3191/3191/3191 3175/3175/3175 3192/3192/3192
f 3175/3175/3175 3176/3176/3176 3192/3192/3192
f 3192/3192/3192 3176/3176/3176 3193/3193/3193
f 3176/3176/3176 3177/3177/3177 3193/3193/3193
f 3193/3193/3193 3177/3177/3177 3194/3194/3194
f 3177/3177/3177 3178/3178/3178 3194/3194/3194
f 3194/3194/3194 3178/3178/3178 3195/3195/3195
f 3178/3178/3178 3179/3179/3179 3195/3195/3195
f 3195/3195/3195 3179/3179/3179 3196/3196/3196
f 3180/3180/3180 3181/3181/3181 3197/3197/3197
f 3197/3197/3197 3181/3181/3181 3198/3198/3198
f 3181/3181/3181 3182/3182/3182 3198/3198/3198
f 3198/3198/3198 3182/3182/3182 3199/3199/3199
f 3182/3182/3182 3183/3183/3183 3199/3199/3199
f 3199/3199/3199 3183/3183/3183 3200/3200/3200
f 3183/3183/3183 3184/3184/3184 3200/3200/3200
f 3200/3200/3200 3184/3184/3184 3201/3201/3201
f 3184/3184/3184 3185/3185/3185 3201/3201/3201
f 3201/3201/3201 3185/3185/3185 3202/3202/3202
f 3185/3185/3185 3186/3186/3186 3202/3202/3202
f 3202/3202/3202 3186/3186/3186 3203/3203/3203
f 3186/3186/3186 3187/3187/3187 3203/3203/3203
f 3203/3203/3203 3187/3187/3187 3204/3204/3204
f 3187/3187/3187 3188/3188/3188 3204/3204/3204
f 3204/3204/3204 3188/3188/3188 3205/3205/3205
f 3188/3188/3188 3189/3189/3189 3205/3205/3205
f 3205/3205/3205 3189/3189/3189 3206/3206/3206
f 3189/3189/3189 3190/3190/3190 3206/3206/3206
f 3206/3206/3206 3190/3190/3190 3207/3207/3207
f 3190/3190/3190 3191/3191/3191 3207/3207/3207
f 3207/3207/3207 3191/3191/3191 3208/3208/3208
f 3191/3191/3191 3192/3192/3192 3208/3208/3208
f 3208/3208/3208 3192/3192/3192 3209/3209/3209
f 3192/3192/3192 3193/3193/3193 3209/3209/3209
f 3209/3209/3209 3193/3193/3193 3210/3210/3210
f 3193/3193/3193 3194/3194/3194 3210/3210/3210
f 3210/3210/3210 3194/3194/3194 3211/3211/3211
f 3194/3194/3194 3195/3195/3195 3211/3211/3211
f 3211/3211/3211 3195/3195/3195 3212/3212/3212
f 3195/3195/3195 3196/3196/3196 3212/3212/3212
f 3212/3212/3212 3196/3196/3196 3213/3213/3213
f 3197/3197/3197 3198/3198/3198 3214/3214/3214
f 3214/3214/3214 3198/3198/3198 3215/3215/3215
f 3198/3198/3198 3199/3199/3199 3215/3215/3215
f 3215/3215/3215 3199/3199/3199 3216/3216/3216
f 3199/3199/3199 3200/3200/3200 3216/3216/3216
f 3216/3216/3216 3200/3200/3200 3217/3217/3217
f 3200/3200/3200 3201/3201/3201 3217/3217/3217
f 3217/3217/3217 3201/3201/3201 3218/3218/3218
f 3201/3201/3201 3202/3202/3202 3218/3218/3218
f 3218/3218/3218 3202/3202/3202 3219/3219/3219
f 3202/3202/3202 3203/3203/3203 3219/3219/3219
f 3219/3219/3219 3203/3203/3203 3220/3220/3220
f 3203/3203/3203 3204/3204/3204 3220/3220/3220
f 3220/3220/3220 3204/3204/3204 3221/3221/3221
f 3204/3204/3204 3205/3205/3205 3221/3221/3221
f 3221/3221/3221 3205/3205/3205 3222/3222/3222
f 3205/3205/3205 3206/3206/3206 3222/3222/3222
f 3222/3222/3222 3206/3206/3206 3223/3223/3223
f 3206/3206/3206 3207/3207/3207 3223/3223/3223
f 3223/3223/3223 3207/3207/3207 3224/3224/3224
f 3207/3207/3207 3208/3208/3208 3224/3224/3224
f 3224/3224/3224 3208/3208/3208 3225/3225/3225
f 3208/3208/3208 3209/3209/3209 3225/3225/3225
f 3225/3225/3225 3209/3209/3209 3226/3226/3226
f 3209/3209/3209 3210/3210/3210 3226/3226/3226
f 3226/3226/3226 3210/3210/3210 3227/3227/3227
f 3210/3210/3210 3211/3211/3211 3227/3227/3227
f 3227/3227/3227 3211/3211/3211 3228/3228/3228
f 3211/3211/3211 3212/3212/3212 3228/3228/3228
f 3228/3228/3228 3212/3212/3212 3229/3229/3229
f 3212/3212/3212 3213/3213/3213 3229/3229/3229
f 3229/3229/3229 3213/3213/3213 3230/3230/3230
f 3214/3214/3214 3215/3215/3215 3231/3231/3231
f 3231/3231/3231 3215/3215/3215 3232/3232/3232
f 3215/3215/3215 3216/3216/3216 3232/3232/3232
f 3232/3232/3232 3216/3216/3216 3233/3233/3233
f 3216/3216/3216 3217/3217/3217 3233/3233/3233
f 3233/3233/3233 3217/3217/3217 3234/3234/3234
f 3217/3217/3217 3218/3218/3218 3234/3234/3234
f 3234/3234/3234 3218/3218/3218 3235/3235/3235
f 3218/3218/3218 3219/3219/3219 3235/3235/3235
f 3235/3235/3235 3219/3219/3219 3236/3236/3236
f 3219/3219/3219 3220/3220/3220 3236/3236/3236
f 3236/3236/3236 3220/3220/3220 3237/3237/3237
f 3220/3220/3220 3221/3221/3221 3237/3237/3237
f 3237/3237/3237 3221/3221/3221 3238/3238/3238
f 3221/3221/3221 3222/3222/3222 3238/3238/3238
f 3238/3238/3238 3222/3222/3222 3239/3239/3239
f 3222/3222/3222 3223/3223/3223 3239/3239/3239
f 3239/3239/3239 3223/3223/3223 3240/3240/3240
f 3223/3223/3223 3224/3224/3224 3240/3240/3240
f 3240/3240/3240 3224/3224/3224 3241/3241/3241
f 3224/3224/3224 3225/3225/3225 3241/3241/3241
f 3241/3241/3241 3225/3225/3225 3242/3242/3242
f 3225/3225/3225 3226/3226/3226 3242/3242/3242
f 3242/3242/3242 3226/3226/3226 3243/3243/3243
f 3226/3226/3226 3227/3227/3227 3243/3243/3243
f 3243/3243/3243 3227/3227/3227 3244/3244/3244
f 3227/3227/3227 3228/3228/3228 3244/3244/3244
f 3244/3244/3244 3228/3228/3228 3245/3245/3245
f 3228/3228/3228 3229/3229/3229 3245/3245/3245
f 3245/3245/3245 3229/3229/3229 3246/3246/3246
f 3229/3229/3229 3230/3230/3230 3246/3246/3246
f 3246/3246/3246 3230/3230/3230 3247/3247/3247
f 3231/3231/3231 3232/3232/3232 3248/3248/3248
f 3248/3248/3248 3232/3232/3232 3249/3249/3249
f 3232/3232/3232 3233/3233/3233 3249/3249/3249
f 3249/3249/3249 3233/3233/3233 3250/3250/3250
f 3233/3233/3233 3234/3234/3234 3250/3250/3250
f 3250/3250/3250 3234/3234/3234 3251/3251/3251
f 3234/3234/3234 3235/3235/3235 3251/3251/3251
f 3251/3251/3251 3235/3235/3235 3252/3252/3252
f 3235/3235/3235 3236/3236/3236 3252/3252/3252
f 3252/3252/3252 3236/3236/3236 3253/3253/3253
f 3236/3236/3236 3237/3237/3237 3253/3253/3253
f 3253/3253/3253 3237/3237/3237 3254/3254/3254
f 3237/3237/3237 3238/3238/3238 3254/3254/3254
f 3254/3254/3254 3238/3238/3238 3255/3255/3255
f 3238/3238/3238 3239/3239/3239 3255/3255/3255
f 3255/3255/3255 3239/3239/3239 3256/3256/3256
f 3239/3239/3239 3240/3240/3240 3256/3256/3256
f 3256/3256/3256 3240/3240/3240 3257/3257/3257
f 3240/3240/3240 3241/3241/3241 3257/3257/3257
f 3257/3257/3257 3241/3241/3241 3258/3258/3258
f 3241/3241/3241 3242/3242/3242 3258/3258/3258
f 3258/3258/3258 3242/3242/3242 3259/3259/3259
f 3242/3242/3242 3243/3243/3243 3259/3259/3259
f 3259/3259/3259 3243/3243/3243 3260/3260/3260
f 3243/3243/3243 3244/3244/3244 3260/3260/3260
f 3260/3260/3260 3244/3244/3244 3261/3261/3261
f 3244/3244/3244 3245/3245/3245 3261/3261/3261
f 3261/3261/3261 3245/3245/3245 3262/3262/3262
f 3245/3245/3245 3246/3246/3246 3262/3262/3262
f 3262/3262/3262 3246/3246/3246 3263/3263/3263
f 3246/3246/3246 3247/3247/3247 3263/3263/3263
f 3263/3263/3263 3247/3247/3247 3264/3264/3264
f 3248/3248/3248 3249/3249/3249 3265/3265/3265
f 3265/3265/3265 3249/3249/3249 3266/3266/3266
f 3249/3249/3249 3250/3250/3250 3266/3266/3266
f 3266/3266/3266 3250/3250/3250 3267/3267/3267
f 3250/3250/3250 3251/3251/3251 3267/3267/3267
f 3267/3267/3267 3251/3251/3251 3268/3268/3268
f 3251/3251/3251 3252/3252/3252 3268/3268/3268
f 3268/3268/3268 3252/3252/3252 3269/3269/3269
f 3252/3252/3252 3253/3253/3253 3269/3269/3269
f 3269/3269/3269 3253/3253/3253 3270/3270/3270
f 3253/3253/3253 3254/3254/3254 3270/3270/3270
f 3270/3270/3270 3254/3254/3254 3271/3271/3271
f 3254/3254/3254 3255/3255/3255 3271/3271/3271
f 3271/3271/3271 3255/3255/3255 3272/3272/3272
f 3255/3255/3255 3256/3256/3256 3272/3272/3272
f 3272/3272/3272 3256/3256/3256 3273/3273/3273
f 3256/3256/3256 3257/3257/3257 3273/3273/3273
f 3273/3273/3273 3257/3257/3257 3274/3274/3274
f 3257/3257/3257 3258/3258/3258 3274/3274/3274
f 3274/3274/3274 3258/3258/3258 3275/3275/3275
f 3258/3258/3258 3259/3259/3259 3275/3275/3275
f 3275/3275/3275 3259/3259/3259 3276/3276/3276
f 3259/3259/3259 3260/3260/3260 3276/3276/3276
f 3276/3276/3276 3260/3260/3260 3277/3277/3277
f 3260/3260/3260 3261/3261/3261 3277/3277/3277
f 3277/3277/3277 3261/3261/3261 3278/3278/3278
f 3261/3261/3261 3262/3262/3262 3278/3278/3278
f 3278/3278/3278 3262/3262/3262 3279/3279/3279
f 3262/3262/3262 3263/3263/3263 3279/3279/3279
f 3279/3279/3279 3263/3263/3263 3280/3280/3280
f 3263/3263/3263 3264/3264/3264 3280/3280/3280
f 3280/3280/3280 3264/3264/3264 3281/3281/3281
f 3265/3265/3265 3266/3266/3266 3282/3282/3282
f 3282/3282/3282 3266/3266/3266 3283/3283/3283
f 3266/3266/3266 3267/3267/3267 3283/3283/3283
f 3283/3283/3283 3267/3267/3267 3284/3284/3284
f 3267/3267/3267 3268/3268/3268 3284/3284/3284
f 3284/3284/3284 3268/3268/3268 3285/3285/3285
f 3268/3268/3268 3269/3269/3269 3285/3285/3285
f 3285/3285/3285 3269/3269/3269 3286/3286/3286
f 3269/3269/3269 3270/3270/3270 3286/3286/3286
f 3286/3286/3286 3270/3270/3270 3287/3287/3287
f 3270/3270/3270 3271/3271/3271 3287/3287/3287
f 3287/3287/3287 3271/3271/3271 3288/3288/3288
f 3271/3271/3271 3272/3272/3272 3288/3288/3288
f 3288/3288/3288 3272/3272/3272 3289/3289/3289
f 3272/3272/3272 3273/3273/3273 3289/3289/3289
f 3289/3289/3289 3273/3273/3273 3290/3290/3290
f 3273/3273/3273 3274/3274/3274 3290/3290/3290
f 3290/3290/3290 3274/3274/3274 3291/3291/3291
f 3274/3274/3274 3275/3275/3275 3291/3291/3291
f 3291/3291/3291 3275/3275/3275 3292/3292/3292
f 3275/3275/3275 3276/3276/3276 3292/3292/3292
f 3292/3292/3292 3276/3276/3276 3293/3293/3293
f 3276/3276/3276 3277/3277/3277 3293/3293/3293
f 3293/3293/3293 3277/3277/3277 3294/3294/3294
f 3277/3277/3277 3278/3278/3278 3294/3294/3294
f 3294/3294/3294 3278/3278/3278 3295/3295/3295
f 3278/3278/3278 3279/3279/3279 3295/3295/3295
f 3295/3295/3295 3279/3279/3279 3296/3296/3296
f 3279/3279/3279 3280/3280/3280 3296/3296/3296
f 3296/3296/3296 3280/3280/3280 3297/3297/3297
f 3280/3280/3280 3281/3281/3281 3297/3297/3297
f 3297/3297/3297 3281/3281/3281 3298/3298/3298
f 3282/3282/3282 3283/3283/3283 3299/3299/3299
f 3299/3299/3299 3283/3283/3283 3300/3300/3300
f 3283/3283/3283 3284/3284/3284 3300/3300/3300
f 3300/3300/3300 3284/3284/3284 3301/3301/3301
f 3284/3284/3284 3285/3285/3285 3301/3301/3301
f 3301/3301/3301 3285/3285/3285 3302/3302/3302
f 3285/3285/3285 3286/3286/3286 3302/3302/3302
f 3302/3302/3302 3286/3286/3286 3303/3303/3303
f 3286/3286/3286 3287/3287/3287 3303/3303/3303
f 3303/3303/3303 3287/3287/3287 3304/3304/3304
f 3287/3287/3287 3288/3288/3288 3304/3304/3304
f 3304/3304/3304 3288/3288/3288 3305/3305/3305
f 3288/3288/3288 3289/3289/3289 3305/3305/3305
f 3305/3305/3305 3289/3289/3289 3306/3306/3306
f 3289/3289/3289 3290/3290/3290 3306/3306/3306
f 3306/3306/3306 3290/3290/3290 3307/3307/3307
f 3290/3290/3290 3291/3291/3291 3307/3307/3307
f 3307/3307/3307 3291/3291/3291 3308/3308/3308
f 3291/3291/3291 3292/3292/3292 3308/3308/3308
f 3308/3308/3308 3292/3292/3292 3309/3309/3309
f 3292/3292/3292 3293/3293/3293 3309/3309/3309
f 3309/3309/3309 3293/3293/3293 3310/3310/3310
f 3293/3293/3293 3294/3294/3294 3310/3310/3310
f 3310/3310/3310 3294/3294/3294 3311/3311/3311
f 3294/3294/3294 3295/3295/3295 3311/3311/3311
f 3311/3311/3311 3295/3295/3295 3312/3312/3312
f 3295/3295/3295 3296/3296/3296 3312/3312/3312
f 3312/3312/3312 3296/3296/3296 3313/3313/3313
f 3296/3296/3296 3297/3297/3297 3313/3313/3313
f 3313/3313/3313 3297/3297/3297 3314/3314/3314
f 3297/3297/3297 3298/3298/3298 3314/3314/3314
f 3314/3314/3314 3298/3298/3298 3315/3315/3315
f 3299/3299/3299 3300/3300/3300 3316/3316/3316
f 3316/3316/3316 3300/3300/3300 3317/3317/3317
f 3300/3300/3300 3301/3301/3301 3317/3317/3317
f 3317/3317/3317 3301/3301/3301 3318/3318/3318
f 3301/3301/3301 3302/3302/3302 3318/3318/3318
f 3318/3318/3318 3302/3302/3302 3319/3319/3319
f 3302/3302/3302 3303/3303/3303 3319/3319/3319
f 3319/3319/3319 3303/3303/3303 3320/3320/3320
f 3303/3303/3303 3304/3304/3304 3320/3320/3320
f 3320/3320/3320 3304/3304/3304 3321/3321/3321
f 3304/3304/3304 3305/3305/3305 3321/3321/3321
f 3321/3321/3321 3305/3305/3305 3322/3322/3322
f 3305/3305/3305 3306/3306/3306 3322/3322/3322
f 3322/3322/3322 3306/3306/3306 3323/3323/3323
f 3306/3306/3306 3307/3307/3307 3323/3323/3323
f 3323/3323/3323 3307/3307/3307 3324/3324/3324
f 3307/3307/3307 3308/3308/3308 3324/3324/3324
f 3324/3324/3324 3308/3308/3308 3325/3325/3325
f 3308/3308/3308 3309/3309/3309 3325/3325/3325
f 3325/3325/3325 3309/3309/3309 3326/3326/3326
f 3309/3309/3309 3310/3310/3310 3326/3326/3326
f 3326/3326/3326 3310/3310/3310 3327/3327/3327
f 3310/3310/3310 3311/3311/3311 3327/3327/3327
f 3327/3327/3327 3311/3311/3311 3328/3328/3328
f 3311/3311/3311 3312/3312/3312 3328/3328/3328
f 3328/3328/3328 3312/3312/3312 3329/3329/3329
f 3312/3312/3312 3313/3313/3313 3329/3329/3329
f 3329/3329/3329 3313/3313/3313 3330/3330/3330
f 3313/3313/3313 3314/3314/3314 3330/3330/3330
f 3330/3330/3330 3314/3314/3314 3331/3331/3331
f 3314/3314/3314 3315/3315/3315 3331/3331/3331
f 3331/3331/3331 3315/3315/3315 3332/3332/3332
f 3316/3316/3316 3317/3317/3317 3333/3333/3333
f 3333/3333/3333 3317/3317/3317 3334/3334/3334
f 3317/3317/3317 3318/3318/3318 3334/3334/3334
f 3334/3334/3334 3318/3318/3318 3335/3335/3335
f 3318/3318/3318 3319/3319/3319 3335/3335/3335
f 3335/3335/3335 3319/3319/3319 3336/3336/3336
f 3319/3319/3319 3320/3320/3320 3336/3336/3336
f 3336/3336/3336 3320/3320/3320 3337/3337/3337
f 3320/3320/3320 3321/3321/3321 3337/3337/3337
f 3337/3337/3337 3321/3321/3321 3338/3338/3338
f 3321/3321/3321 3322/3322/3322 3338/3338/3338
f 3338/3338/3338 3322/3322/3322 3339/3339/3339
f 3322/3322/3322 3323/3323/3323 3339/3339/3339
f 3339/3339/3339 3323/3323/3323 3340/3340/3340
f 3323/3323/3323 3324/3324/3324 3340/3340/3340
f 3340/3340/3340 3324/3324/3324 3341/3341/3341
f 3324/3324/3324 3325/3325/3325 3341/3341/3341
f 3341/3341/3341 3325/3325/3325 3342/3342/3342
f 3325/3325/3325 3326/3326/3326 3342/3342/3342
f 3342/3342/3342 3326/3326/3326 3343/3343/3343
f 3326/3326/3326 3327/3327/3327 3343/3343/3343
f 3343/3343/3343 3327/3327/3327 3344/3344/3344
f 3327/3327/3327 3328/3328/3328 3344/3344/3344
f 3344/3344/3344 3328/3328/3328 3345/3345/3345
f 3328/3328/3328 3329/3329/3329 3345/3345/3345
f 3345/3345/3345 3329/3329/3329 3346/3346/3346
f 3329/3329/3329 3330/3330/3330 3346/3346/3346
f 3346/3346/3346 3330/3330/3330 3347/3347/3347
f 3330/3330/3330 3331/3331/3331 3347/3347/3347
f 3347/3347/3347 3331/3331/3331 3348/3348/3348
f 3331/3331/3331 3332/3332/3332 3348/3348/3348
f 3348/3348/3348 3332/3332/3332 3349/3349/3349
f 3333/3333/3333 3334/3334/3334 3350/3350/3350
f 3350/3350/3350 3334/3334/3334 3351/3351/3351
f 3334/3334/3334 3335/3335/3335 3351/3351/3351
f 3351/3351/3351 3335/3335/3335 3352/3352/3352
f 3335/3335/3335 3336/3336/3336 3352/3352/3352
f 3352/3352/3352 3336/3336/3336 3353/3353/3353
f 3336/3336/3336 3337/3337/3337 3353/3353/3353
f 3353/3353/3353 3337/3337/3337 3354/3354/3354
f 3337/3337/3337 3338/3338/3338 3354/3354/3354
f 3354/3354/3354 3338/3338/3338 3355/3355/3355
f 3338/3338/3338 3339/3339/3339 3355/3355/3355
f 3355/3355/3355 3339/3339/3339 3356/3356/3356
f 3339/3339/3339 3340/3340/3340 3356/3356/3356
f 3356/3356/3356 3340/3340/3340 3357/3357/3357
f 3340/3340/3340 3341/3341/3341 3357/3357/3357
f 3357/3357/3357 3341/3341/3341 3358/3358/3358
f 3341/3341/3341 3342/3342/3342 3358/3358/3358
f 3358/3358/3358 3342/3342/3342 3359/3359/3359
f 3342/3342/3342 3343/3343/3343 3359/3359/3359
f 3359/3359/3359 3343/3343/3343 3360/3360/3360
f 3343/3343/3343 3344/3344/3344 3360/3360/3360
f 3360/3360/3360 3344/3344/3344 3361/3361/3361
f 3344/3344/3344 3345/3345/3345 3361/3361/3361
f 3361/3361/3361 3345/3345/3345 3362/3362/3362
f 3345/3345/3345 3346/3346/3346 3362/3362/3362
f 3362/3362/3362 3346/3346/3346 3363/3363/3363
f 3346/3346/3346 3347/3347/3347 3363/3363/3363
f 3363/3363/3363 3347/3347/3347 3364/3364/3364
f 3347/3347/3347 3348/3348/3348 3364/3364/3364
f 3364/3364/3364 3348/3348/3348 3365/3365/3365
f 3348/3348/3348 3349/3349/3349 3365/3365/3365
f 3365/3365/3365 3349/3349/3349 3366/3366/3366
f 3350/3350/3350 3351/3351/3351 3367/3367/3367
f 3367/3367/3367 3351/3351/3351 3368/3368/3368
f 3351/3351/3351 3352/3352/3352 3368/3368/3368
f 3368/3368/3368 3352/3352/3352 3369/3369/3369
f 3352/3352/3352 3353/3353/3353 3369/3369/3369
f 3369/3369/3369 3353/3353/3353 3370/3370/3370
f 3353/3353/3353 3354/3354/3354 3370/3370/3370
f 3370/3370/3370 3354/3354/3354 3371/3371/3371
f 3354/3354/3354 3355/3355/3355 3371/3371/3371
f 3371/3371/3371 3355/3355/3355 3372/3372/3372
f 3355/3355/3355 3356/3356/3356 3372/3372/3372
f 3372/3372/3372 3356/3356/3356 3373/3373/3373
f 3356/3356/3356 3357/3357/3357 3373/3373/3373
f 3373/3373/3373 3357/3357/3357 3374/3374/3374
f 3357/3357/3357 3358/3358/3358 3374/3374/3374
f 3374/3374/3374 3358/3358/3358 3375/3375/3375
f 3358/3358/3358 3359/3359/3359 3375/3375/3375
f 3375/3375/3375 3359/3359/3359 3376/3376/3376
f 3359/3359/3359 3360/3360/3360 3376/3376/3376
f 3376/3376/3376 3360/3360/3360 3377/3377/3377
f 3360/3360/3360 3361/3361/3361 3377/3377/3377
f 3377/3377/3377 3361/3361/3361 3378/3378/3378
f 3361/3361/3361 3362/3362/3362 3378/3378/3378
f 3378/3378/3378 3362/3362/3362 3379/3379/3379
f 3362/3362/3362 3363/3363/3363 3379/3379/3379
f 3379/3379/3379 3363/3363/3363 3380/3380/3380
f 3363/3363/3363 3364/3364/3364 3380/3380/3380
f 3380/3380/3380 3364/3364/3364 3381/3381/3381
f 3364/3364/3364 3365/3365/3365 3381/3381/3381
f 3381/3381/3381 3365/3365/3365 3382/3382/3382
f 3365/3365/3365 3366/3366/3366 3382/3382/3382
f 3382/3382/3382 3366/3366/3366 3383/3383/3383
f 3367/3367/3367 3368/3368/3368 3384/3384/3384
f 3384/3384/3384 3368/3368/3368 3385/3385/3385
f 3368/3368/3368 3369/3369/3369 3385/3385/3385
f 3385/3385/3385 3369/3369/3369 3386/3386/3386
f 3369/3369/3369 3370/3370/3370 3386/3386/3386
f 3386/3386/3386 3370/3370/3370 3387/3387/3387
f 3370/3370/3370 3371/3371/3371 3387/3387/3387
f 3387/3387/3387 3371/3371/3371 3388/3388/3388
f 3371/3371/3371 3372/3372/3372 3388/3388/3388
f 3388/3388/3388 3372/3372/3372 3389/3389/3389
f 3372/3372/3372 3373/3373/3373 3389/3389/3389
f 3389/3389/3389 3373/3373/3373 3390/3390/3390
f 3373/3373/3373 3374/3374/3374 3390/3390/3390
f 3390/3390/3390 3374/3374/3374 3391/3391/3391
f 3374/3374/3374 3375/3375/3375 3391/3391/3391
f 3391/3391/3391 3375/3375/3375 3392/3392/3392
f 3375/3375/3375 3376/3376/3376 3392/3392/3392
f 3392/3392/3392 3376/3376/3376 3393/3393/3393
f 3376/3376/3376 3377/3377/3377 3393/3393/3393
f 3393/3393/3393 3377/3377/3377 3394/3394/3394
f 3377/3377/3377 3378/3378/3378 3394/3394/3394
f 3394/3394/3394 3378/3378/3378 3395/3395/3395
f 3378/3378/3378 3379/3379/3379 3395/3395/3395
f 3395/3395/3395 3379/3379/3379 3396/3396/3396
f 3379/3379/3379 3380/3380/3380 3396/3396/3396
f 3396/3396/3396 3380/3380/3380 3397/3397/3397
f 3380/3380/3380 3381/3381/3381 3397/3397/3397
f 3397/3397/3397 3381/3381/3381 3398/3398/3398
f 3381/3381/3381 3382/3382/3382 3398/3398/3398
f 3398/3398/3398 3382/3382/3382 3399/3399/3399
f 3382/3382/3382 3383/3383/3383 3399/3399/3399
f 3399/3399/3399 3383/3383/3383 3400/3400/3400
f 3384/3384/3384 3385/3385/3385 3401/3401/3401
f 3401/3401/3401 3385/3385/3385 3402/3402/3402
f 3385/3385/3385 3386/3386/3386 3402/3402/3402
f 3402/3402/3402 3386/3386/3386 3403/3403/3403
f 3386/3386/3386 3387/3387/3387 3403/3403/3403
f 3403/3403/3403 3387/3387/3387 3404/3404/3404
f 3387/3387/3387 3388/3388/3388 3404/3404/3404
f 3404/3404/3404 3388/3388/3388 3405/3405/3405
f 3388/3388/3388 3389/3389/3389 3405/3405/3405
f 3405/3405/3405 3389/3389/3389 3406/3406/3406
f 3389/3389/3389 3390/3390/3390 3406/3406/3406
f 3406/3406/3406 3390/3390/3390 3407/3407/3407
f 3390/3390/3390 3391/3391/3391 3407/3407/3407
f 3407/3407/3407 3391/3391/3391 3408/3408/3408
f 3391/3391/3391 3392/3392/3392 3408/3408/3408
f 3408/3408/3408 3392/3392/3392 3409/3409/3409
f 3392/3392/3392 3393/3393/3393 3409/3409/3409
f 3409/3409/3409 3393/3393/3393 3410/3410/3410
f 3393/3393/3393 3394/3394/3394 3410/3410/3410
f 3410/3410/3410 3394/3394/3394 3411/3411/3411
f 3394/3394/3394 3395/3395/3395 3411/3411/3411
f 3411/3411/3411 3395/3395/3395 3412/3412/3412
f 3395/3395/3395 3396/3396/3396 3412/3412/3412
f 3412/3412/3412 3396/3396/3396 3413/3413/3413
f 3396/3396/3396 3397/3397/3397 3413/3413/3413
f 3413/3413/3413 3397/3397/3397 3414/3414/3414
f 3397/3397/3397 3398/3398/3398 3414/3414/3414
f 3414/3414/3414 3398/3398/3398 3415/3415/3415
f 3398/3398/3398 3399/3399/3399 3415/3415/3415
f 3415/3415/3415 3399/3399/3399 3416/3416/3416
f 3399/3399/3399 3400/3400/3400 3416/3416/3416
f 3416/3416/3416 3400/3400/3400 3417/3417/3417
